2026-07-16 21:41:52+0100: Running with following config:
allowResignation = true
lagBuffer = 1.0
logAllGTPCommunication = true
logDir = gtp_logs
logSearchInfo = true
logSearchInfoForChosenMove = false
logToStderr = false
maxTimePondering = 60.0
maxVisits = 500
numSearchThreads = 6
ponderingEnabled = false
resignConsecTurns = 3
resignThreshold = -0.90
rules = tromp-taylor
searchFactorAfterOnePass = 0.50
searchFactorAfterTwoPass = 0.25
searchFactorWhenWinning = 0.40
searchFactorWhenWinningThreshold = 0.95

2026-07-16 21:41:52+0100: GTP Engine starting...
2026-07-16 21:41:52+0100: KataGo v1.16.5
2026-07-16 21:41:52+0100: Using TrompTaylor rules initially, unless GTP/GUI overrides this
2026-07-16 21:41:52+0100: Using 6 CPU thread(s) for search
2026-07-16 21:41:52+0100: nnRandSeed0 = 3491223008681363767
2026-07-16 21:41:52+0100: After dedups: nnModelFile0 = /Users/mettamazza/.katago/default_model.bin.gz useFP16 auto useNHWC auto
2026-07-16 21:41:52+0100: Initializing neural net buffer to be size 19 * 19 exactly
2026-07-16 21:41:53+0100: Loaded neural net with nnXLen 19 nnYLen 19
2026-07-16 21:41:53+0100: Initializing board with boardXSize 19 boardYSize 19
2026-07-16 21:41:53+0100: Loaded config /Users/mettamazza/.katago/default_gtp.cfg
2026-07-16 21:41:53+0100: Loaded model /Users/mettamazza/.katago/default_model.bin.gz
2026-07-16 21:41:53+0100: Model name: kata1-b18c384nbt-softplusfixv13-s5971481344-d3261785976
2026-07-16 21:41:53+0100: GTP ready, beginning main protocol loop
2026-07-16 21:41:53+0100: Controller: boardsize 9
2026-07-16 21:41:53+0100: GPU -1 finishing, processed 0 rows 0 batches
2026-07-16 21:41:53+0100: Cleaned up old neural net and bot
2026-07-16 21:41:53+0100: nnRandSeed0 = 2142507289067100783
2026-07-16 21:41:53+0100: After dedups: nnModelFile0 = /Users/mettamazza/.katago/default_model.bin.gz useFP16 auto useNHWC auto
2026-07-16 21:41:53+0100: Initializing neural net buffer to be size 9 * 9 exactly
2026-07-16 21:41:54+0100: Loaded neural net with nnXLen 9 nnYLen 9
2026-07-16 21:41:54+0100: Initializing board with boardXSize 9 boardYSize 9
2026-07-16 21:41:54+0100: = 
2026-07-16 21:41:54+0100: Controller: clear_board
2026-07-16 21:41:54+0100: = 
2026-07-16 21:41:54+0100: Controller: genmove B
2026-07-16 21:42:01+0100: MoveNum: 0 HASH: 9F0B2D702FC8448C75410E097F089AEB
   A B C D E F G H J
 9 . . . . . . . . .
 8 . . . . . . . . .
 7 . . . . . . . . .
 6 . . . . . . . . .
 5 . . . . @ . . . .
 4 . . . . . . . . .
 3 . . . . . . . . .
 2 . . . . . . . . .
 1 . . . . . . . . .

koPOSITIONALscoreAREAtaxNONEsui1komi7.5
Time taken: 7.30574
Root visits: 505
New playouts: 505
NN rows: 503
NN batches: 168
NN avg batch size: 2.99405
PV: E5 E3 E7 C4 F3 F2 D3 G3 F4 D2 G4 H3 E4
Tree:
: T -82.62c W -80.97c S  -1.40c ( -2.0 L  -1.0) N     505  --  E5 E3 E7 C4 F3 F2 D3
---Black(^)---
E5  : T -82.51c W -80.88c S  -1.39c ( -2.0 L  -1.0) LCB  -83.73c P 77.31% WF 746.6 PSV     746 N     489  --  E5 E3 E7 C4 F3 F2 D3 G3
F5  : T -83.51c W -81.87c S  -1.21c ( -1.9 L  -0.8) LCB  -92.72c P  2.30% WF  16.4 PSV      12 N       9  --  F5 D5 E3 D7 C4 C5
F6  : T -87.61c W -85.24c S  -2.37c ( -2.4 L  -1.0) LCB -437.61c P  1.40% WF   2.2 PSV       2 N       1  --  F6
G5  : T -88.18c W -85.82c S  -2.28c ( -2.5 L  -1.1) LCB -237.97c P  0.79% WF   3.9 PSV       1 N       2  --  G5 D5
G6  : T -89.54c W -86.54c S  -3.00c ( -2.7 L  -0.8) LCB -439.54c P  0.61% WF   2.1 PSV       0 N       1  --  G6
G7  : T -95.23c W -90.07c S  -5.16c ( -3.7 L  -1.5) LCB -445.23c P  0.10% WF   1.9 PSV       0 N       1  --  G7

2026-07-16 21:42:01+0100: = E5
2026-07-16 21:42:02+0100: Controller: play W E6
2026-07-16 21:42:02+0100: = 
2026-07-16 21:42:02+0100: Controller: genmove B
2026-07-16 21:42:07+0100: MoveNum: 2 HASH: 8DA6AD77A1F505C5B3C93342FAAA3017
   A B C D E F G H J
 9 . . . . . . . . .
 8 . . . . . . . . .
 7 . . . . . . . . .
 6 . . . . O2@ . . .
 5 . . . . X1. . . .
 4 . . . . . . . . .
 3 . . . . . . . . .
 2 . . . . . . . . .
 1 . . . . . . . . .

koPOSITIONALscoreAREAtaxNONEsui1komi7.5
Time taken: 5.1195
Root visits: 505
New playouts: 505
NN rows: 487
NN batches: 161
NN avg batch size: 3.02484
PV: F6 D5 D6 E7 F7 D7 C6 C7 B7 B6 C5 F5 E4 G5 H6 D4 E3 D3 B5 E2
Tree:
: T  -8.53c W  -6.93c S  -1.14c ( +0.2 L  +0.4) N     505  --  F6 D5 D6 E7 F7 D7 C6
---Black(^)---
F6  : T  -6.42c W  -5.32c S  -0.99c ( +0.3 L  +0.5) LCB  -18.10c P 49.18% WF 285.8 PSV     283 N     417  --  F6 D5 D6 E7 F7 D7 C6 C7
F5  : T -19.55c W -14.42c S  -1.65c ( -0.0 L  +0.2) LCB  -37.89c P  3.67% WF  33.1 PSV       6 N      45  --  F5 D6 D5 C6 F6 B4 C3 E3
G6  : T -66.90c W -60.35c S  -6.55c ( -2.0 L  -0.9) LCB -416.90c P  0.06% WF   0.6 PSV       0 N       1  --  G6
G5  : T -76.66c W -69.69c S  -6.97c ( -2.2 L  -0.9) LCB -426.66c P  0.04% WF   0.5 PSV       0 N       1  --  G5
F4  : T -89.86c W -81.95c S  -7.91c ( -2.7 L  -1.3) LCB -439.86c P  0.02% WF   0.2 PSV       0 N       1  --  F4
G4  : T -100.78c W -90.40c S -10.37c ( -3.8 L  -2.1) LCB -450.78c P  0.02% WF   0.2 PSV       0 N       1  --  G4
E7  : T -90.65c W -81.19c S  -9.46c ( -3.5 L  -1.5) LCB -440.65c P  0.01% WF   0.2 PSV       0 N       1  --  E7
F3  : T -101.71c W -90.58c S -11.13c ( -4.2 L  -2.5) LCB -451.71c P  0.01% WF   0.1 PSV       0 N       1  --  F3
G7  : T -97.49c W -87.06c S -10.42c ( -3.8 L  -2.5) LCB -447.49c P  0.01% WF   0.1 PSV       0 N       1  --  G7
E3  : T -89.84c W -81.63c S  -8.22c ( -2.9 L  -1.5) LCB -439.84c P  0.01% WF   0.1 PSV       0 N       1  --  E3

2026-07-16 21:42:07+0100: = F6
2026-07-16 21:42:13+0100: Controller: play W F7
2026-07-16 21:42:13+0100: = 
2026-07-16 21:42:13+0100: Controller: genmove B
2026-07-16 21:42:16+0100: MoveNum: 4 HASH: 591D7D8BEB782E0FB056F336B0B30B8A
   A B C D E F G H J
 9 . . . . . . . . .
 8 . . . . . . . . .
 7 . . . . . O3. . .
 6 . . . @ O1X2. . .
 5 . . . . X . . . .
 4 . . . . . . . . .
 3 . . . . . . . . .
 2 . . . . . . . . .
 1 . . . . . . . . .

koPOSITIONALscoreAREAtaxNONEsui1komi7.5
Time taken: 3.33568
Root visits: 505
New playouts: 445
NN rows: 348
NN batches: 116
NN avg batch size: 3
PV: F5 E7 D6 D5 C6 D4 G7 G8 E3 D3 D8 H7 G6 E8 E9 F9 D9 H9 D7 F8 E2 D2 H6 J6
Tree:
: T -17.09c W -11.82c S  -0.86c ( -0.0 L  +0.2) N     505  --  F5 E7 D6 D5 C6 D4 G7
---Black(^)---
F5  : T -13.09c W  -7.13c S  -0.71c ( +0.0 L  +0.3) LCB  -27.16c P 15.77% WF 156.3 PSV     200 N     221  --  F5 E7 D6 D5 C6 D4 G7 G8
D6  : T -17.25c W -13.17c S  -0.80c ( +0.0 L  +0.2) LCB  -29.06c P 43.54% WF 157.5 PSV     158 N     227  --  D6 E7 F5 D5 C6 D4 G7 G8
D5  : T -26.71c W -20.09c S  -1.54c ( -0.3 L  +0.0) LCB  -50.33c P 14.13% WF  21.5 PSV      20 N      28  --  D5 G6 F5 H7 D7 G4 E3 B5
G7  : T -38.77c W -30.72c S  -1.79c ( -0.5 L  -0.1) LCB  -70.78c P 22.02% WF  16.7 PSV      17 N      25  --  G7 D5 F5 D4 D6 E7 D7 D8
G6  : T -43.14c W -34.06c S  -2.20c ( -0.6 L  -0.2) LCB -121.86c P  2.81% WF   2.2 PSV       1 N       3  --  G6 D5 D6

2026-07-16 21:42:16+0100: = D6
2026-07-16 21:42:19+0100: Controller: play W G6
2026-07-16 21:42:19+0100: = 
2026-07-16 21:42:19+0100: Controller: genmove B
2026-07-16 21:42:23+0100: MoveNum: 6 HASH: 77B27A2FAC40F0F63BC39AFCF9637DB8
   A B C D E F G H J
 9 . . . . . . . . .
 8 . . . . . . . . .
 7 . . . . @ O1. . .
 6 . . . X2O X O3. .
 5 . . . . X . . . .
 4 . . . . . . . . .
 3 . . . . . . . . .
 2 . . . . . . . . .
 1 . . . . . . . . .

koPOSITIONALscoreAREAtaxNONEsui1komi7.5
Time taken: 4.67884
Root visits: 505
New playouts: 505
NN rows: 495
NN batches: 165
NN avg batch size: 3
PV: E7 F4 E4 F5 F8 E6 E3 F3 F6 G7 E2
Tree:
: T 106.93c W  99.07c S   7.67c ( +9.0 L  +9.0) N     505  --  E7 F4 E4 F5 F8 E6 E3
---Black(^)---
E7  : T 107.12c W  99.20c S   7.75c ( +9.0 L  +9.0) LCB  106.11c P 99.74% WF 1473.0 PSV    1472 N     486  --  E7 F4 E4 F5 F8 E6 E3 F3
F5  : T  88.68c W  92.08c S  -3.49c ( +3.8 L  +3.6) LCB -114.68c P  0.20% WF   4.6 PSV       0 N       2  --  F5 E7
G5  : T -121.74c W -98.24c S -23.50c ( -8.1 L  -8.5) LCB -471.74c P  0.01% WF   0.1 PSV       0 N       1  --  G5
F4  : T -117.62c W -96.50c S -21.12c ( -5.9 L  -4.8) LCB -467.62c P  0.00% WF   0.1 PSV       0 N       1  --  F4
E3  : T -120.97c W -98.01c S -22.96c ( -7.5 L  -7.7) LCB -470.97c P  0.00% WF   0.1 PSV       0 N       1  --  E3
F3  : T -123.35c W -98.88c S -24.47c ( -9.5 L  -9.8) LCB -473.35c P  0.00% WF   0.1 PSV       0 N       1  --  F3
D3  : T -122.90c W -99.14c S -23.75c ( -8.2 L  -8.5) LCB -472.90c P  0.00% WF   0.1 PSV       0 N       1  --  D3
D4  : T -124.33c W -99.45c S -24.88c ( -9.4 L  -9.3) LCB -474.33c P  0.00% WF   0.0 PSV       0 N       1  --  D4
G7  : T -128.49c W -99.50c S -28.99c (-17.5 L -18.2) LCB -478.49c P  0.00% WF   0.0 PSV       0 N       1  --  G7
C3  : T -124.32c W -99.51c S -24.81c ( -9.5 L -10.0) LCB -474.32c P  0.00% WF   0.0 PSV       0 N       1  --  C3

2026-07-16 21:42:23+0100: = E7
2026-07-16 21:42:35+0100: Controller: play W F8
2026-07-16 21:42:35+0100: = 
2026-07-16 21:42:35+0100: Controller: genmove B
2026-07-16 21:42:40+0100: MoveNum: 8 HASH: 42276E3C57AEFB3941576D213CCC3F36
   A B C D E F G H J
 9 . . . . . . . . .
 8 . . . . . O3. . .
 7 . . . . X2O . . .
 6 . . . X . X O1. .
 5 . . . . X . @ . .
 4 . . . . . . . . .
 3 . . . . . . . . .
 2 . . . . . . . . .
 1 . . . . . . . . .

koPOSITIONALscoreAREAtaxNONEsui1komi7.5
Time taken: 4.26025
Root visits: 504
New playouts: 504
NN rows: 461
NN batches: 154
NN avg batch size: 2.99351
PV: G5 H6 H5 C7 E8 C3 B4 F4 F5
Tree:
: T 106.97c W  99.58c S   7.30c (+14.0 L +14.0) N     504  --  G5 H6 H5 C7 E8 C3 B4
---Black(^)---
G5  : T 107.29c W  99.60c S   7.63c (+14.2 L +14.1) LCB  106.46c P 97.38% WF 2062.8 PSV    2060 N     484  --  G5 H6 H5 C7 E8 C3 B4 F4
F4  : T  95.34c W  99.01c S  -3.70c ( +9.1 L  +9.0) LCB   72.91c P  0.25% WF  15.8 PSV       0 N       6  --  F4 E8 G5
G7  : T  94.13c W  99.14c S  -4.87c ( +8.5 L  +8.4) LCB   10.09c P  0.14% WF   7.8 PSV       0 N       3  --  G7 F5
G4  : T  94.09c W  99.21c S  -4.58c ( +8.5 L  +8.6) LCB  -74.21c P  0.24% WF   7.7 PSV       0 N       2  --  G4 G5
F3  : T  90.98c W  98.71c S  -7.16c ( +7.3 L  +7.5) LCB  -84.19c P  0.20% WF   7.3 PSV       0 N       2  --  F3 G5
E3  : T  93.17c W  99.21c S  -5.98c ( +8.0 L  +8.3) LCB  -77.16c P  0.15% WF   6.3 PSV       0 N       2  --  E3 F4
D3  : T  90.92c W  99.33c S  -8.41c ( +6.4 L  +7.2) LCB -259.08c P  0.16% WF   2.1 PSV       0 N       1  --  D3
G3  : T  91.62c W  99.08c S  -7.46c ( +6.6 L  +7.4) LCB -258.38c P  0.14% WF   2.3 PSV       0 N       1  --  G3
C3  : T  87.29c W  98.09c S -10.80c ( +4.8 L  +5.4) LCB -262.71c P  0.12% WF   1.5 PSV       0 N       1  --  C3

2026-07-16 21:42:40+0100: = G5
2026-07-16 21:42:46+0100: Controller: play W H6
2026-07-16 21:42:46+0100: = 
2026-07-16 21:42:46+0100: Controller: genmove B
2026-07-16 21:42:47+0100: MoveNum: 10 HASH: 7A2E1737F0FDE27AF66ABAC0CA79C8F7
   A B C D E F G H J
 9 . . . . . . . . .
 8 . . . . . O1. . .
 7 . . . . X O . . .
 6 . . . X . X O O3.
 5 . . . . X . X2@ .
 4 . . . . . . . . .
 3 . . . . . . . . .
 2 . . . . . . . . .
 1 . . . . . . . . .

koPOSITIONALscoreAREAtaxNONEsui1komi7.5
Time taken: 0.591762
Root visits: 505
New playouts: 55
NN rows: 45
NN batches: 16
NN avg batch size: 2.8125
PV: H5 C3 B4 C5 C4 D4 D3 E4
Tree:
: T 109.42c W  99.58c S   9.64c (+14.1 L +14.0) N     505  --  H5 C3 B4 C5 C4 D4 D3
---Black(^)---
H5  : T 110.06c W  99.57c S  10.23c (+14.4 L +14.4) LCB  109.26c P 53.64% WF 1731.7 PSV    1722 N     395  --  H5 C3 B4 C5 C4 D4 D3 E4
C3  : T 107.30c W  99.63c S   7.71c (+13.1 L +12.9) LCB  105.33c P 31.46% WF 232.6 PSV     182 N      61  --  C3 H5 G4 D8 H4 C7 B6 C6
D3  : T 105.58c W  99.67c S   5.98c (+12.3 L +12.3) LCB   99.66c P  3.36% WF  43.0 PSV      12 N      12  --  D3 H5 G4 C3 C2
D2  : T 107.23c W  99.53c S   7.53c (+13.0 L +13.0) LCB  104.40c P  1.17% WF  78.4 PSV       6 N      21  --  D2 H5 G4 D8 C7
G4  : T 101.44c W  99.47c S   2.23c (+10.7 L +10.7) LCB  -65.38c P  1.23% WF   7.5 PSV       2 N       2  --  G4 C3
E2  : T 105.14c W  99.41c S   5.94c (+12.4 L +12.5) LCB  -54.21c P  0.84% WF   7.5 PSV       2 N       2  --  E2 H5
F3  : T 105.00c W  99.48c S   5.83c (+12.4 L +12.3) LCB  -54.22c P  0.70% WF   7.5 PSV       2 N       2  --  F3 H5
E3  : T 104.91c W  99.47c S   5.50c (+12.2 L +12.1) LCB  -55.93c P  0.68% WF   7.4 PSV       2 N       2  --  E3 H5
B4  : T 105.59c W  99.54c S   6.50c (+12.6 L +12.5) LCB  -63.52c P  0.64% WF   8.2 PSV       2 N       2  --  B4 C4
G3  : T 105.34c W  99.76c S   5.59c (+12.4 L +12.7) LCB -244.66c P  0.73% WF   3.1 PSV       2 N       1  --  G3

2026-07-16 21:42:47+0100: = H5
2026-07-16 21:43:04+0100: Controller: play W F5
2026-07-16 21:43:04+0100: = 
2026-07-16 21:43:04+0100: Controller: genmove B
2026-07-16 21:43:07+0100: MoveNum: 12 HASH: 82AF78FDB183F1B6F55562E361F8DC53
   A B C D E F G H J
 9 . . . . . . . . .
 8 . . . . . O . . .
 7 . . . . X O . . .
 6 . . . X . X O O1.
 5 . . . . X O3X X2.
 4 . . . . . @ . . .
 3 . . . . . . . . .
 2 . . . . . . . . .
 1 . . . . . . . . .

koPOSITIONALscoreAREAtaxNONEsui1komi7.5
Time taken: 2.85287
Root visits: 261
New playouts: 261
NN rows: 256
NN batches: 87
NN avg batch size: 2.94253
PV: F4 C7 E8 B4 C3 B3 C2 C4 B2
Tree:
: T 116.61c W  99.73c S  16.32c (+25.0 L +24.9) N     261  --  F4 C7 E8 B4 C3 B3 C2
---Black(^)---
F4  : T 117.08c W  99.89c S  16.84c (+25.2 L +25.1) LCB  115.81c P 99.19% WF 1496.6 PSV    1494 N     245  --  F4 C7 E8 B4 C3 B3 C2 C4
E6  : T  87.67c W  99.49c S -11.82c (+10.0 L +10.3) LCB -262.33c P  0.10% WF   2.2 PSV       0 N       1  --  E6
F3  : T  81.62c W  98.53c S -16.91c ( +6.2 L  +7.2) LCB -268.38c P  0.09% WF   2.1 PSV       0 N       1  --  F3
E4  : T  82.41c W  98.97c S -16.56c ( +6.8 L  +7.3) LCB -267.59c P  0.08% WF   1.9 PSV       0 N       1  --  E4
G3  : T  86.88c W  99.23c S -12.35c ( +9.3 L  +9.5) LCB -263.12c P  0.06% WF   1.8 PSV       0 N       1  --  G3
E3  : T  72.51c W  91.70c S -19.19c ( +3.7 L  +4.5) LCB -277.49c P  0.04% WF   1.0 PSV       0 N       1  --  E3
G4  : T  58.35c W  76.14c S -17.80c ( +4.2 L  +4.3) LCB -291.65c P  0.04% WF   0.6 PSV       0 N       1  --  G4
E8  : T  26.06c W  46.88c S -20.83c ( +2.3 L  +2.6) LCB -323.94c P  0.02% WF   0.5 PSV       0 N       1  --  E8
D3  : T  47.18c W  67.29c S -20.11c ( +2.6 L  +3.1) LCB -302.82c P  0.02% WF   0.6 PSV       0 N       1  --  D3
F2  : T  65.85c W  85.11c S -19.26c ( +3.6 L  +4.2) LCB -284.15c P  0.02% WF   0.5 PSV       0 N       1  --  F2

2026-07-16 21:43:07+0100: = F4
2026-07-16 21:43:20+0100: Controller: play W C6
2026-07-16 21:43:20+0100: = 
2026-07-16 21:43:20+0100: Controller: genmove B
2026-07-16 21:43:23+0100: MoveNum: 14 HASH: C30240B3337EC9DBB4C9F2ED8D76BCF3
   A B C D E F G H J
 9 . . . . . . . . .
 8 . . . . . O . . .
 7 . . @ . X O . . .
 6 . . O3X . X O O .
 5 . . . . X .1X X .
 4 . . . . . X2. . .
 3 . . . . . . . . .
 2 . . . . . . . . .
 1 . . . . . . . . .

koPOSITIONALscoreAREAtaxNONEsui1komi7.5
Time taken: 2.9193
Root visits: 231
New playouts: 231
NN rows: 229
NN batches: 72
NN avg batch size: 3.18056
PV: C7 C3 D2 C5 B7 C2 E2 D8 E8
Tree:
: T 118.04c W  99.89c S  18.24c (+28.2 L +28.0) N     231  --  C7 C3 D2 C5 B7 C2 E2
---Black(^)---
C7  : T 119.08c W  99.88c S  19.23c (+28.8 L +28.7) LCB  117.42c P 32.22% WF 1095.6 PSV    1086 N     169  --  C7 C3 D2 C5 B7 C2 E2 D8
C4  : T 115.48c W  99.94c S  15.27c (+26.2 L +25.8) LCB  111.34c P 18.74% WF 110.4 PSV      77 N      19  --  C4 D8 E8 E9 D7
C5  : T 113.74c W  99.93c S  15.00c (+26.5 L +26.3) LCB  100.99c P 18.49% WF  76.2 PSV      53 N      13  --  C5 C7 B6 E8
C3  : T 113.40c W  99.90c S  14.23c (+25.6 L +25.3) LCB  103.46c P 13.15% WF  50.7 PSV      35 N       9  --  C3 D8 E8 E9
B5  : T 116.89c W  99.90c S  16.62c (+27.2 L +26.9) LCB  111.10c P  5.48% WF  84.8 PSV      34 N      14  --  B5 C5 C4 B6
B4  : T 113.63c W  99.84c S  14.18c (+25.7 L +25.4) LCB   70.41c P  7.29% WF  24.7 PSV      20 N       4  --  B4 D8
B3  : T 111.87c W  99.93c S  13.31c (+25.2 L +24.8) LCB  -37.31c P  1.26% WF  11.2 PSV       2 N       2  --  B3 D8

2026-07-16 21:43:23+0100: = C7
2026-07-16 21:43:45+0100: Controller: play W C8
2026-07-16 21:43:45+0100: = 
2026-07-16 21:43:45+0100: Controller: genmove B
2026-07-16 21:43:47+0100: MoveNum: 16 HASH: D82983D3D0EF26744EDE203F9DD7E233
   A B C D E F G H J
 9 . . . . . . . . .
 8 . . O3. . O . . .
 7 . @ X2. X O . . .
 6 . . O1X . X O O .
 5 . . . . X . X X .
 4 . . . . . X . . .
 3 . . . . . . . . .
 2 . . . . . . . . .
 1 . . . . . . . . .

koPOSITIONALscoreAREAtaxNONEsui1komi7.5
Time taken: 1.98124
Root visits: 231
New playouts: 231
NN rows: 230
NN batches: 78
NN avg batch size: 2.94872
PV: B7 D8 D7 E2 C2 C3 B3 E8
Tree:
: T 117.15c W  99.97c S  17.12c (+30.0 L +29.8) N     231  --  B7 D8 D7 E2 C2 C3 B3
---Black(^)---
B7  : T 117.58c W  99.97c S  17.53c (+30.3 L +30.2) LCB  115.66c P 46.40% WF 809.3 PSV     806 N     126  --  B7 D8 D7 E2 C2 C3 B3 E8
C5  : T 116.42c W  99.99c S  16.50c (+29.5 L +29.1) LCB  114.18c P 38.58% WF 334.5 PSV     298 N      55  --  C5 E8 J6 H8 B8 E2 D8
B6  : T 117.72c W  99.97c S  17.40c (+30.2 L +29.9) LCB  115.36c P  9.40% WF 266.8 PSV     194 N      41  --  B6 E8 H8 D8 B8
E8  : T 112.83c W  99.98c S  15.09c (+29.0 L +28.7) LCB  -36.72c P  2.80% WF  12.9 PSV       7 N       2  --  E8 C3
D7  : T 113.69c W  99.91c S  14.13c (+28.5 L +28.3) LCB   38.52c P  0.32% WF  17.5 PSV       1 N       3  --  D7 C3
D8  : T 108.16c W  99.88c S  10.68c (+26.8 L +26.7) LCB  -41.36c P  0.28% WF  10.1 PSV       0 N       2  --  D8 B7
H8  : T 107.11c W 100.00c S   7.11c (+25.0 L +25.0) LCB -242.89c P  0.43% WF   4.8 PSV       0 N       1  --  H8

2026-07-16 21:43:47+0100: = B7
2026-07-16 21:44:05+0100: Controller: play W G4
2026-07-16 21:44:05+0100: = 
2026-07-16 21:44:05+0100: Controller: genmove B
2026-07-16 21:44:08+0100: MoveNum: 18 HASH: 2DBED57C4C1B86041DE028BB1A61D89F
   A B C D E F G H J
 9 . . . . . . . . .
 8 . . O1. . O . @ .
 7 . X2X . X O . . .
 6 . . O X . X O O .
 5 . . . . X . X X .
 4 . . . . . X O3. .
 3 . . . . . . . . .
 2 . . . . . . . . .
 1 . . . . . . . . .

koPOSITIONALscoreAREAtaxNONEsui1komi7.5
Time taken: 2.31303
Root visits: 222
New playouts: 222
NN rows: 219
NN batches: 74
NN avg batch size: 2.95946
PV: H8 E2 D3 H7 J8 D2 C3
Tree:
: T 115.89c W  99.94c S  16.08c (+43.2 L +43.0) N     222  --  H8 E2 D3 H7 J8 D2 C3
---Black(^)---
H8  : T 116.60c W  99.94c S  16.72c (+43.6 L +43.5) LCB  114.60c P 68.04% WF 1378.6 PSV    1373 N     199  --  H8 E2 D3 H7 J8 D2 C3
E8  : T 108.64c W  99.98c S   8.05c (+37.9 L +37.7) LCB   88.48c P 13.80% WF  37.6 PSV      28 N       6  --  E8 E2 F2
H7  : T 111.19c W  99.90c S  12.05c (+40.4 L +40.2) LCB   98.54c P  8.12% WF  48.7 PSV      23 N       8  --  H7 G7 H8 J5
J6  : T 110.45c W  99.98c S  10.28c (+39.1 L +38.8) LCB   35.97c P  1.02% WF  19.9 PSV       2 N       3  --  J6 E2
J5  : T 105.75c W 100.00c S   5.75c (+36.8 L +36.8) LCB -244.25c P  0.93% WF   6.0 PSV       1 N       1  --  J5
G7  : T 105.03c W 100.00c S   5.03c (+36.5 L +36.6) LCB -244.97c P  0.71% WF   6.2 PSV       1 N       1  --  G7
H4  : T 100.05c W 100.00c S   0.05c (+34.0 L +34.1) LCB -249.95c P  0.77% WF   5.7 PSV       0 N       1  --  H4
G3  : T 102.31c W 100.00c S   2.31c (+35.2 L +34.9) LCB -247.69c P  0.69% WF   5.5 PSV       0 N       1  --  G3
E2  : T  98.54c W 100.00c S  -1.46c (+33.6 L +33.3) LCB -251.46c P  0.61% WF   5.6 PSV       0 N       1  --  E2

2026-07-16 21:44:08+0100: = H8
2026-07-16 21:44:26+0100: Controller: play W H4
2026-07-16 21:44:26+0100: = 
2026-07-16 21:44:26+0100: Controller: genmove B
2026-07-16 21:44:28+0100: MoveNum: 20 HASH: 8B16B010922D61C3F41B80DBC7590CB8
   A B C D E F G H J
 9 . . . . . . . . .
 8 . . O . . O . X2.
 7 . X X . X O . . .
 6 . . O X . X O O .
 5 . . . . X . X X @
 4 . . . . . X O1O3.
 3 . . . . . . . . .
 2 . . . . . . . . .
 1 . . . . . . . . .

koPOSITIONALscoreAREAtaxNONEsui1komi7.5
Time taken: 2.02754
Root visits: 212
New playouts: 208
NN rows: 186
NN batches: 62
NN avg batch size: 3
PV: J5 E2 F2 E3 F3 C3 D2 D1 B3 B4
Tree:
: T 114.96c W  99.95c S  15.46c (+44.8 L +44.6) N     212  --  J5 E2 F2 E3 F3 C3 D2
---Black(^)---
J5  : T 115.23c W  99.96c S  15.87c (+45.0 L +44.9) LCB  112.08c P 71.12% WF 1120.9 PSV    1119 N     168  --  J5 E2 F2 E3 F3 C3 D2 D1
J4  : T 115.32c W  99.92c S  15.35c (+44.6 L +44.6) LCB  111.55c P 21.99% WF 252.2 PSV     252 N      38  --  J4 E2 D3 H7
J6  : T 108.11c W 100.00c S   8.81c (+40.1 L +39.6) LCB  -41.15c P  4.87% WF  13.4 PSV      11 N       2  --  J6 F2
G3  : T  96.29c W 100.00c S  -3.71c (+33.1 L +33.2) LCB -253.71c P  0.52% WF   5.5 PSV       0 N       1  --  G3
F2  : T  89.28c W 100.00c S -10.72c (+27.7 L +27.6) LCB -260.72c P  0.26% WF   5.0 PSV       0 N       1  --  F2
F3  : T  89.88c W 100.00c S -10.12c (+28.9 L +28.6) LCB -260.12c P  0.23% WF   5.1 PSV       0 N       1  --  F3

2026-07-16 21:44:28+0100: = J5
2026-07-16 21:44:43+0100: Controller: play W E4
2026-07-16 21:44:43+0100: = 
2026-07-16 21:44:43+0100: Controller: genmove B
2026-07-16 21:44:45+0100: MoveNum: 22 HASH: 30D61741F86F35DC906E920E7D039766
   A B C D E F G H J
 9 . . . . . . . . .
 8 . . O . . O . X .
 7 . X X . X O . . .
 6 . . O X . X O O .
 5 . . . . X . X X X2
 4 . . . . O3X O O1.
 3 . . . . . @ . . .
 2 . . . . . . . . .
 1 . . . . . . . . .

koPOSITIONALscoreAREAtaxNONEsui1komi7.5
Time taken: 2.10446
Root visits: 209
New playouts: 209
NN rows: 193
NN batches: 65
NN avg batch size: 2.96923
PV: F3 F2 G2 E3 E2 D2 F1 C4 C2 C3 D1 B2
Tree:
: T 121.75c W  99.94c S  21.54c (+67.8 L +68.7) N     209  --  F3 F2 G2 E3 E2 D2 F1
---Black(^)---
F3  : T 122.37c W  99.95c S  22.35c (+68.3 L +69.2) LCB  119.21c P 85.30% WF 1424.3 PSV    1419 N     191  --  F3 F2 G2 E3 E2 D2 F1 C4
E3  : T 118.13c W  99.80c S  18.03c (+65.1 L +65.7) LCB  108.01c P 12.47% WF  71.7 PSV      51 N      10  --  E3 F3 D4 J6
D4  : T 113.14c W  99.73c S  12.42c (+61.3 L +61.8) LCB   37.66c P  0.92% WF  20.4 PSV       1 N       3  --  D4 F2
E2  : T  89.84c W  99.99c S -10.15c (+43.2 L +43.7) LCB -260.16c P  0.12% WF   3.6 PSV       0 N       1  --  E2
D3  : T  85.47c W 100.00c S -14.53c (+42.0 L +41.6) LCB -264.53c P  0.10% WF   3.0 PSV       0 N       1  --  D3
F2  : T  84.21c W 100.00c S -15.79c (+37.2 L +36.9) LCB -265.79c P  0.09% WF   2.8 PSV       0 N       1  --  F2
G3  : T  84.21c W 100.00c S -15.79c (+38.8 L +38.3) LCB -265.79c P  0.09% WF   2.7 PSV       0 N       1  --  G3

2026-07-16 21:44:45+0100: = F3
2026-07-16 21:45:15+0100: Controller: play W F2
2026-07-16 21:45:15+0100: = 
2026-07-16 21:45:15+0100: Controller: genmove B
2026-07-16 21:45:16+0100: MoveNum: 24 HASH: 854A3275048A553141F645D85EB4ADE6
   A B C D E F G H J
 9 . . . . . . . . .
 8 . . O . . O . X .
 7 . X X . X O . . .
 6 . . O X . X O O .
 5 . . . . X . X X X
 4 . . . . O1X O O .
 3 . . . . . X2. . .
 2 . . . . . O3@ . .
 1 . . . . . . . . .

koPOSITIONALscoreAREAtaxNONEsui1komi7.5
Time taken: 0.768928
Root visits: 208
New playouts: 68
NN rows: 62
NN batches: 22
NN avg batch size: 2.81818
PV: G2 C3 E2 D2 B2 B3 D3 C2
Tree:
: T 118.35c W  99.93c S  18.05c (+67.6 L +68.4) N     208  --  G2 C3 E2 D2 B2 B3 D3
---Black(^)---
G2  : T 119.85c W  99.93c S  19.36c (+68.5 L +69.3) LCB  116.33c P 26.39% WF 1092.3 PSV    1077 N     148  --  G2 C3 E2 D2 B2 B3 D3 C2
E2  : T 115.45c W  99.94c S  15.82c (+66.0 L +66.9) LCB  108.97c P 46.26% WF 302.7 PSV     209 N      44  --  E2 J6 E8 G2 G3 H3
G3  : T 115.94c W  99.90c S  16.00c (+66.0 L +66.4) LCB  100.35c P  6.44% WF  49.8 PSV      32 N       7  --  G3 D2 C3
E3  : T 105.85c W  99.92c S   6.56c (+59.8 L +60.6) LCB   72.66c P 15.45% WF  31.6 PSV      23 N       5  --  E3 E2 D2
D2  : T 103.83c W  99.98c S   4.80c (+58.7 L +59.7) LCB  -51.12c P  3.33% WF  11.9 PSV       4 N       2  --  D2 G3
D3  : T  98.42c W 100.00c S  -1.58c (+54.9 L +55.8) LCB -251.58c P  0.39% WF   5.7 PSV       0 N       1  --  D3

2026-07-16 21:45:16+0100: = G2
2026-07-16 21:45:45+0100: Controller: play W B8
2026-07-16 21:45:45+0100: = 
2026-07-16 21:45:45+0100: Controller: genmove B
2026-07-16 21:45:48+0100: MoveNum: 26 HASH: 2E71ED7ADB2B7FED1973401B21207297
   A B C D E F G H J
 9 . . . . . . . . .
 8 . O3O . . O . X .
 7 . X X . X O . . .
 6 . @ O X . X O O .
 5 . . . . X . X X X
 4 . . . . O X O O .
 3 . . . . . X . . .
 2 . . . . . O1X2. .
 1 . . . . . . . . .

koPOSITIONALscoreAREAtaxNONEsui1komi7.5
Time taken: 2.1763
Root visits: 209
New playouts: 209
NN rows: 208
NN batches: 71
NN avg batch size: 2.92958
PV: B6 D8 E8 C5 C4 B5
Tree:
: T 113.70c W  99.90c S  12.80c (+69.7 L +70.5) N     209  --  B6 D8 E8 C5 C4 B5
---Black(^)---
B6  : T 115.31c W  99.88c S  14.51c (+70.6 L +71.5) LCB  112.72c P 22.57% WF 658.7 PSV     683 N      91  --  B6 D8 E8 C5 C4 B5
C5  : T 113.31c W  99.91c S  12.11c (+69.2 L +69.8) LCB  109.08c P 38.56% WF 529.7 PSV     271 N      74  --  C5 G3 E2 J6 G7 J4 F5 H2
D7  : T 113.59c W  99.92c S  13.18c (+69.9 L +71.1) LCB  109.93c P  7.27% WF 164.1 PSV      57 N      23  --  D7 C3 E2 B6
B5  : T 110.26c W  99.93c S  10.27c (+68.2 L +69.0) LCB   91.53c P  9.54% WF  45.5 PSV      31 N       7  --  B5 D8 E8
D8  : T 105.91c W 100.00c S   5.91c (+65.8 L +67.8) LCB -244.09c P  3.57% WF   6.5 PSV       6 N       1  --  D8
C3  : T 103.57c W  99.99c S   3.59c (+64.5 L +66.5) LCB -246.43c P  3.16% WF   6.1 PSV       4 N       1  --  C3
E2  : T 102.45c W  99.97c S   2.48c (+63.1 L +65.7) LCB -247.55c P  3.10% WF   5.1 PSV       4 N       1  --  E2
C4  : T 104.72c W 100.00c S   4.72c (+65.3 L +66.8) LCB -245.28c P  2.07% WF   6.5 PSV       3 N       1  --  C4
A8  : T 110.65c W  99.91c S  10.65c (+68.5 L +69.4) LCB   35.38c P  0.77% WF  21.4 PSV       2 N       3  --  A8 E3
B4  : T 101.30c W  99.99c S   1.31c (+62.9 L +65.1) LCB -248.70c P  2.34% WF   5.9 PSV       2 N       1  --  B4

2026-07-16 21:45:48+0100: = B6
2026-07-16 21:45:59+0100: Controller: play W C5
2026-07-16 21:45:59+0100: = 
2026-07-16 21:45:59+0100: Controller: genmove B
2026-07-16 21:46:01+0100: MoveNum: 28 HASH: 4304E2C5E65A064C5F47AFADBAA6D703
   A B C D E F G H J
 9 . . . . . . . . .
 8 . O1O . . O . X .
 7 . X X . X O . . .
 6 . X2O X . X O O .
 5 . @ O3. X . X X X
 4 . . . . O X O O .
 3 . . . . . X . . .
 2 . . . . . O X . .
 1 . . . . . . . . .

koPOSITIONALscoreAREAtaxNONEsui1komi7.5
Time taken: 1.85954
Root visits: 211
New playouts: 210
NN rows: 187
NN batches: 63
NN avg batch size: 2.96825
PV: B5 D8 C4 G3 H3 E3 J4
Tree:
: T 111.31c W  99.89c S  10.58c (+70.4 L +71.3) N     211  --  B5 D8 C4 G3 H3 E3 J4
---Black(^)---
B5  : T 112.32c W  99.88c S  11.53c (+70.9 L +71.8) LCB  110.13c P 34.99% WF 734.6 PSV     729 N     104  --  B5 D8 C4 G3 H3 E3 J4
C4  : T 111.71c W  99.89c S  10.85c (+70.5 L +71.3) LCB  108.93c P 23.91% WF 460.2 PSV     286 N      65  --  C4 D8 E8 B4 C3 D7
D7  : T 110.82c W  99.92c S  10.12c (+70.1 L +71.2) LCB  106.05c P  6.99% WF 141.7 PSV      51 N      20  --  D7 C3 D2 E2
C3  : T 106.07c W  99.98c S   5.72c (+67.8 L +68.5) LCB   31.86c P  6.29% WF  20.6 PSV      15 N       3  --  C3 E8
B4  : T 102.59c W  99.98c S   3.44c (+66.4 L +67.3) LCB   58.65c P  8.83% WF  25.4 PSV      14 N       4  --  B4 D8 D7
D8  : T 106.98c W  99.94c S   7.35c (+68.5 L +69.8) LCB   85.81c P  3.64% WF  39.6 PSV      10 N       6  --  D8 C3 E2
E2  : T 105.45c W  99.85c S   5.21c (+67.2 L +68.8) LCB  -45.28c P  4.38% WF  12.3 PSV       9 N       2  --  E2 D8
E8  : T 105.75c W  99.97c S   6.80c (+68.2 L +69.5) LCB  -44.13c P  2.81% WF  13.6 PSV       6 N       2  --  E8 C3
D5  : T 104.83c W  99.98c S   4.85c (+67.2 L +70.4) LCB -245.17c P  2.77% WF   6.4 PSV       5 N       1  --  D5
D4  : T 100.00c W  99.99c S   0.01c (+64.1 L +66.5) LCB -250.00c P  1.32% WF   6.0 PSV       1 N       1  --  D4

2026-07-16 21:46:01+0100: = B5
2026-07-16 21:46:15+0100: Controller: play W H2
2026-07-16 21:46:15+0100: = 
2026-07-16 21:46:15+0100: Controller: genmove B
2026-07-16 21:46:18+0100: MoveNum: 30 HASH: 8E06F3306023E3D0FA9ACD02CDF64393
   A B C D E F G H J
 9 . . . . . . . . .
 8 . O O . . O . X .
 7 . X X . X O . . .
 6 . X O X . X O O .
 5 . X2O1. X . X X X
 4 . . . . O X O O .
 3 . . . . . X @ . .
 2 . . . . . O X O3.
 1 . . . . . . . . .

koPOSITIONALscoreAREAtaxNONEsui1komi7.5
Time taken: 2.27212
Root visits: 212
New playouts: 212
NN rows: 208
NN batches: 71
NN avg batch size: 2.92958
PV: G3 D8 C4 E8 A8 H7 J7 D7
Tree:
: T 121.54c W  99.94c S  20.89c (+70.9 L +71.7) N     212  --  G3 D8 C4 E8 A8 H7 J7
---Black(^)---
G3  : T 122.47c W  99.96c S  22.02c (+71.3 L +72.0) LCB  121.20c P 50.61% WF 992.4 PSV     984 N     129  --  G3 D8 C4 E8 A8 H7 J7 D7
H3  : T 121.73c W  99.89c S  20.81c (+71.1 L +72.0) LCB  119.17c P 17.84% WF 340.7 PSV     190 N      46  --  H3 D8 E8 C3 B4
E2  : T 118.29c W  99.94c S  18.36c (+69.6 L +70.3) LCB  110.47c P 24.28% WF 147.8 PSV      83 N      21  --  E2 E8 D8 G3
J4  : T 118.66c W  99.91c S  18.56c (+70.2 L +71.4) LCB  105.04c P  4.16% WF  60.2 PSV      15 N       9  --  J4 D8 E8
F1  : T 116.23c W  99.79c S  16.10c (+68.2 L +69.2) LCB   71.70c P  1.56% WF  28.6 PSV       3 N       4  --  F1 G3
G1  : T 108.34c W  99.99c S   8.35c (+64.0 L +66.7) LCB -242.15c P  0.59% WF   5.3 PSV       0 N       1  --  G1
J3  : T  90.04c W  99.98c S  -9.94c (+46.9 L +48.7) LCB -260.05c P  0.11% WF   3.5 PSV       0 N       1  --  J3

2026-07-16 21:46:18+0100: = G3
2026-07-16 21:47:01+0100: Controller: play W E8
2026-07-16 21:47:01+0100: = 
2026-07-16 21:47:01+0100: Controller: genmove B
2026-07-16 21:47:03+0100: MoveNum: 32 HASH: 1A0FF1E0A3B2AEE9C446238D908368F3
   A B C D E F G H J
 9 . . . . . . . . .
 8 . O O @ O3O . X .
 7 . X X . X O . . .
 6 . X O X . X O O .
 5 . X O . X . X X X
 4 . . . . O X O O .
 3 . . . . . X X2. .
 2 . . . . . O X O1.
 1 . . . . . . . . .

koPOSITIONALscoreAREAtaxNONEsui1komi7.5
Time taken: 1.61347
Root visits: 212
New playouts: 199
NN rows: 184
NN batches: 62
NN avg batch size: 2.96774
PV: D8 C3 E2 D2 D4
Tree:
: T 121.29c W  99.96c S  20.89c (+71.7 L +71.8) N     212  --  D8 C3 E2 D2 D4
---Black(^)---
D8  : T 121.88c W  99.97c S  21.53c (+72.0 L +72.0) LCB  120.88c P 66.75% WF 1449.2 PSV    1444 N     188  --  D8 C3 E2 D2 D4
D7  : T 115.36c W  99.90c S  15.97c (+69.2 L +69.4) LCB   95.55c P 15.30% WF  42.0 PSV      34 N       6  --  D7 D8 A8 J6
A8  : T 117.97c W  99.88c S  18.02c (+70.6 L +71.1) LCB  110.91c P  5.82% WF  84.8 PSV      20 N      12  --  A8 D8 C4 D7
J6  : T 112.16c W  99.70c S  12.61c (+68.2 L +69.4) LCB  -38.97c P  7.36% WF  12.2 PSV      11 N       2  --  J6 D8
H7  : T 113.00c W 100.00c S  13.01c (+67.9 L +69.4) LCB -237.00c P  1.29% WF   5.8 PSV       2 N       1  --  H7
G8  : T 107.61c W 100.00c S   7.61c (+65.0 L +66.1) LCB -242.39c P  0.76% WF   4.9 PSV       0 N       1  --  G8
G7  : T 100.83c W 100.00c S   0.83c (+60.4 L +61.1) LCB -249.17c P  0.69% WF   4.5 PSV       0 N       1  --  G7

2026-07-16 21:47:03+0100: = D8
2026-07-16 21:49:26+0100: Controller: play W D9
2026-07-16 21:49:26+0100: = 
2026-07-16 21:49:26+0100: Controller: genmove B
2026-07-16 21:49:28+0100: MoveNum: 34 HASH: 8A142A49D0249BC8E151749A19BCAF81
   A B C D E F G H J
 9 . . . O3. . . . .
 8 . O O X2O1O . X .
 7 . X X @ X O . . .
 6 . X O X . X O O .
 5 . X O . X . X X X
 4 . . . . O X O O .
 3 . . . . . X X . .
 2 . . . . . O X O .
 1 . . . . . . . . .

koPOSITIONALscoreAREAtaxNONEsui1komi7.5
Time taken: 1.59466
Root visits: 212
New playouts: 191
NN rows: 182
NN batches: 61
NN avg batch size: 2.98361
PV: D7 H7 J7 A8 J6 E2
Tree:
: T 122.25c W  99.98c S  21.58c (+72.0 L +71.6) N     212  --  D7 H7 J7 A8 J6 E2
---Black(^)---
D7  : T 122.26c W  99.99c S  21.59c (+72.0 L +71.6) LCB  120.75c P 98.89% WF 1573.1 PSV    1573 N     211  --  D7 H7 J7 A8 J6 E2

2026-07-16 21:49:28+0100: = D7
2026-07-16 21:50:29+0100: Controller: play W H9
2026-07-16 21:50:29+0100: = 
2026-07-16 21:50:29+0100: Controller: genmove B
2026-07-16 21:50:30+0100: MoveNum: 36 HASH: E0648126CD44EC4C3B04D281D8011973
   A B C D E F G H J
 9 . . . O1. . . O3.
 8 . O O X O O . X .
 7 . X X X2X O . . .
 6 . X O X . X O O @
 5 . X O . X . X X X
 4 . . . . O X O O .
 3 . . . . . X X . .
 2 . . . . . O X O .
 1 . . . . . . . . .

koPOSITIONALscoreAREAtaxNONEsui1komi7.5
Time taken: 1.39827
Root visits: 208
New playouts: 204
NN rows: 194
NN batches: 66
NN avg batch size: 2.93939
PV: J6 A8 H7 C3
Tree:
: T 120.66c W 100.00c S  20.61c (+72.3 L +72.0) N     208  --  J6 A8 H7 C3
---Black(^)---
J6  : T 120.84c W 100.00c S  20.75c (+72.3 L +72.1) LCB  119.10c P 36.74% WF 538.6 PSV     734 N      70  --  J6 A8 H7 C3
H7  : T 121.00c W 100.00c S  20.81c (+72.4 L +71.9) LCB  118.85c P 38.47% WF 618.6 PSV     617 N      81  --  H7 C3 E2 G7
J7  : T 121.03c W 100.00c S  20.99c (+72.5 L +72.3) LCB  118.25c P  6.12% WF 285.1 PSV      71 N      37  --  J7 G8 J6 E2
G7  : T 118.43c W 100.00c S  19.74c (+71.8 L +71.8) LCB  106.83c P  4.33% WF  67.6 PSV      19 N       9  --  G7 H7 J6 G8
J8  : T 119.01c W  99.99c S  19.30c (+71.6 L +71.0) LCB   74.78c P  3.94% WF  30.2 PSV      19 N       4  --  J8 J6
G9  : T 115.50c W  99.98c S  15.66c (+69.9 L +70.5) LCB   40.85c P  5.84% WF  21.6 PSV      14 N       3  --  G9 J6
G8  : T 117.81c W  99.97c S  18.83c (+71.6 L +72.8) LCB  -31.18c P  1.93% WF  15.0 PSV       7 N       2  --  G8 J8
E9  : T 111.84c W 100.00c S  11.84c (+68.0 L +70.1) LCB -238.16c P  1.37% WF   6.5 PSV       2 N       1  --  E9

2026-07-16 21:50:30+0100: = J6
2026-07-16 21:52:10+0100: Controller: play W G8
2026-07-16 21:52:10+0100: = 
2026-07-16 21:52:10+0100: Controller: genmove B
2026-07-16 21:52:12+0100: MoveNum: 38 HASH: 564C7F698095F76CAC082C0D1D7734E5
   A B C D E F G H J
 9 . . . O . . . O1.
 8 . O O X O O O3X .
 7 . X X X X O . @ .
 6 . X O X . X O O X2
 5 . X O . X . X X X
 4 . . . . O X O O .
 3 . . . . . X X . .
 2 . . . . . O X O .
 1 . . . . . . . . .

koPOSITIONALscoreAREAtaxNONEsui1komi7.5
Time taken: 1.59508
Root visits: 208
New playouts: 207
NN rows: 204
NN batches: 67
NN avg batch size: 3.04478
PV: H7 E2 F1 C3
Tree:
: T 117.42c W 100.00c S  17.02c (+72.5 L +72.3) N     208  --  H7 E2 F1 C3
---Black(^)---
H7  : T 118.09c W 100.00c S  17.89c (+72.8 L +72.5) LCB  115.88c P 31.37% WF 590.7 PSV     588 N      77  --  H7 E2 F1 C3
J7  : T 118.34c W 100.00c S  18.08c (+72.9 L +72.7) LCB  114.82c P  8.25% WF 215.6 PSV      98 N      28  --  J7 C3 E2 D2
J8  : T 118.44c W 100.00c S  18.52c (+73.1 L +73.1) LCB  115.26c P  6.73% WF 253.3 PSV      82 N      33  --  J8 D2 E2 E3
E9  : T 119.63c W 100.00c S  18.34c (+73.1 L +72.7) LCB  109.09c P  6.16% WF  70.0 PSV      70 N       9  --  E9 J8 H7
C9  : T 117.98c W 100.00c S  17.97c (+72.9 L +72.5) LCB  114.62c P  2.23% WF 237.8 PSV      37 N      31  --  C9 B9 H7 E9
A8  : T 112.77c W 100.00c S  13.40c (+70.5 L +69.9) LCB   38.81c P  7.08% WF  22.0 PSV      19 N       3  --  A8 H7
E2  : T 114.27c W 100.00c S  14.12c (+71.0 L +69.8) LCB   38.79c P  4.50% WF  22.1 PSV      16 N       3  --  E2 H7
G9  : T 108.68c W 100.00c S   6.71c (+67.3 L +66.9) LCB   77.48c P  7.47% WF  42.7 PSV      12 N       6  --  G9 H7 J8
C4  : T 114.11c W 100.00c S  14.11c (+70.9 L +71.3) LCB -235.89c P  1.90% WF   7.4 PSV       6 N       1  --  C4
H3  : T 109.92c W 100.00c S  11.42c (+69.7 L +69.3) LCB  -39.14c P  2.80% WF  14.2 PSV       5 N       2  --  H3 H7

2026-07-16 21:52:12+0100: = H7
2026-07-16 21:53:27+0100: Controller: play W G7
2026-07-16 21:53:27+0100: = 
2026-07-16 21:53:27+0100: Controller: genmove B
2026-07-16 21:53:29+0100: MoveNum: 40 HASH: 11EDC6A6B0CE81920ED8C9E7902CA0AF
   A B C D E F G H J
 9 . . . O . . @ O .
 8 . O O X O O O1X .
 7 . X X X X O O3X2.
 6 . X O X . X O O X
 5 . X O . X . X X X
 4 . . . . O X O O .
 3 . . . . . X X . .
 2 . . . . . O X O .
 1 . . . . . . . . .

koPOSITIONALscoreAREAtaxNONEsui1komi7.5
Time taken: 2.09226
Root visits: 205
New playouts: 204
NN rows: 203
NN batches: 68
NN avg batch size: 2.98529
PV: G9 E2 D2 D3
Tree:
: T 118.29c W 100.00c S  17.68c (+72.8 L +72.2) N     205  --  G9 E2 D2 D3
---Black(^)---
G9  : T 118.83c W 100.00c S  18.45c (+73.2 L +72.8) LCB  116.00c P  8.58% WF 276.6 PSV     315 N      36  --  G9 E2 D2 D3
E9  : T 119.29c W 100.00c S  18.41c (+73.2 L +72.7) LCB  115.91c P  5.75% WF 224.3 PSV     223 N      29  --  E9 F9 J7 A8
J7  : T 118.37c W 100.00c S  18.43c (+73.2 L +72.9) LCB  115.13c P 12.67% WF 252.4 PSV     217 N      33  --  J7 E2 E3 D2
A8  : T 118.65c W 100.00c S  17.83c (+73.0 L +72.5) LCB  114.72c P  8.35% WF 213.9 PSV     199 N      28  --  A8 E2 D2
C9  : T 119.38c W 100.00c S  18.25c (+73.1 L +72.5) LCB  113.12c P  3.24% WF 108.0 PSV     108 N      14  --  C9 J4 F5 E2
F5  : T 117.96c W 100.00c S  16.70c (+72.3 L +71.3) LCB  112.13c P  5.59% WF 122.0 PSV      67 N      16  --  F5 pass G9
H3  : T 121.28c W 100.00c S  20.58c (+74.2 L +72.5) LCB  109.60c P  5.14% WF  63.6 PSV      63 N       8  --  H3 E9
F1  : T 118.21c W 100.00c S  17.71c (+72.8 L +70.9) LCB   95.88c P  3.26% WF  46.2 PSV      47 N       6  --  F1 J8
E2  : T 116.47c W 100.00c S  15.78c (+71.9 L +70.1) LCB  101.95c P  7.63% WF  60.2 PSV      44 N       8  --  E2 J8 J7
E3  : T 120.13c W 100.00c S  19.21c (+73.4 L +71.2) LCB   92.05c P  4.14% WF  39.2 PSV      39 N       5  --  E3 pass

2026-07-16 21:53:29+0100: = G9
2026-07-16 21:56:30+0100: Controller: play W F9
2026-07-16 21:56:30+0100: = 
2026-07-16 21:56:30+0100: Controller: genmove B
2026-07-16 21:56:32+0100: MoveNum: 42 HASH: F65028C8020681CD1F1BC0D249D84B24
   A B C D E F G H J
 9 . . . O . O3.2O .
 8 @ O O X O O O X .
 7 . X X X X O O1X .
 6 . X O X . X O O X
 5 . X O . X . X X X
 4 . . . . O X O O .
 3 . . . . . X X . .
 2 . . . . . O X O .
 1 . . . . . . . . .

koPOSITIONALscoreAREAtaxNONEsui1komi7.5
Time taken: 1.70784
Root visits: 205
New playouts: 204
NN rows: 194
NN batches: 66
NN avg batch size: 2.93939
PV: A8 C3 E2 B2
Tree:
: T 117.90c W 100.00c S  17.21c (+73.2 L +72.6) N     205  --  A8 C3 E2 B2
---Black(^)---
A8  : T 118.74c W 100.00c S  17.95c (+73.5 L +73.1) LCB  115.95c P  8.22% WF 284.6 PSV     317 N      37  --  A8 C3 E2 B2
J7  : T 117.90c W 100.00c S  17.81c (+73.5 L +73.1) LCB  114.20c P 13.87% WF 222.8 PSV     175 N      29  --  J7 A8 E2 pass
E2  : T 118.75c W 100.00c S  15.92c (+72.6 L +71.4) LCB  111.75c P 10.35% WF  91.9 PSV      92 N      12  --  E2 A8 J7 pass
H1  : T 120.19c W 100.00c S  18.52c (+73.9 L +72.9) LCB  107.30c P  3.01% WF  62.5 PSV      62 N       8  --  H1 J8 J7
H3  : T 117.48c W 100.00c S  16.49c (+72.9 L +72.2) LCB  111.04c P  6.36% WF 112.8 PSV      61 N      15  --  H3 A8 B9
F5  : T 117.03c W 100.00c S  16.81c (+73.0 L +72.3) LCB  110.72c P  7.99% WF 106.5 PSV      61 N      14  --  F5 A8 J7
B9  : T 118.62c W 100.00c S  17.89c (+73.5 L +73.2) LCB  114.85c P  2.13% WF 162.2 PSV      59 N      21  --  B9 C9 J7
C9  : T 118.04c W 100.00c S  17.56c (+73.4 L +73.0) LCB  112.88c P  3.57% WF 123.0 PSV      50 N      16  --  C9 B9 F5
J8  : T 118.23c W 100.00c S  18.80c (+73.9 L +73.3) LCB  107.60c P  3.45% WF  69.7 PSV      32 N       9  --  J8 A8 J7
J4  : T 121.04c W 100.00c S  20.21c (+74.6 L +73.4) LCB   78.04c P  1.91% WF  31.6 PSV      32 N       4  --  J4 C3

2026-07-16 21:56:32+0100: = A8
2026-07-16 21:57:43+0100: Controller: play W A7
2026-07-16 21:57:43+0100: = 
2026-07-16 21:57:43+0100: Controller: genmove B
2026-07-16 21:57:44+0100: MoveNum: 44 HASH: 0990DAC4A59AF6EFEF895B4030805B27
   A B C D E F G H J
 9 . . . O . O1. O .
 8 X2O O X O O O X .
 7 O3X X X X O O X @
 6 . X O X . X O O X
 5 . X O . X . X X X
 4 . . . . O X O O .
 3 . . . . . X X . .
 2 . . . . . O X O .
 1 . . . . . . . . .

koPOSITIONALscoreAREAtaxNONEsui1komi7.5
Time taken: 1.37637
Root visits: 206
New playouts: 206
NN rows: 205
NN batches: 70
NN avg batch size: 2.92857
PV: J7 E2 F1 C3
Tree:
: T 114.67c W 100.00c S  13.92c (+73.3 L +72.6) N     206  --  J7 E2 F1 C3
---Black(^)---
J7  : T 114.85c W 100.00c S  14.92c (+73.7 L +73.7) LCB  110.69c P 11.02% WF 191.0 PSV     289 N      25  --  J7 E2 F1 C3
A6  : T 114.79c W 100.00c S  13.98c (+73.3 L +72.8) LCB  110.62c P 16.22% WF 281.4 PSV     281 N      37  --  A6 pass H3
H3  : T 115.28c W 100.00c S  13.98c (+73.3 L +72.4) LCB  108.96c P  4.43% WF 130.4 PSV     130 N      17  --  H3 pass A6
F5  : T 114.67c W 100.00c S  14.91c (+73.6 L +73.2) LCB  108.13c P  5.73% WF  99.3 PSV      89 N      13  --  F5 A9 J7
C9  : T 114.26c W 100.00c S  14.61c (+73.6 L +73.4) LCB  105.43c P  6.80% WF  75.9 PSV      77 N      10  --  C9 B9 F5
B9  : T 115.41c W 100.00c S  15.39c (+73.9 L +73.8) LCB  105.10c P  2.46% WF  77.0 PSV      77 N      10  --  B9 A9 J7
E2  : T 114.99c W 100.00c S  12.02c (+72.4 L +71.2) LCB  104.74c P  8.73% WF  75.8 PSV      76 N      10  --  E2 J8 J7
H1  : T 115.13c W 100.00c S  13.89c (+73.3 L +72.2) LCB  105.15c P  2.49% WF  91.7 PSV      64 N      12  --  H1 J8 J7 C3
D5  : T 115.11c W 100.00c S  14.05c (+73.4 L +72.4) LCB  100.57c P  2.53% WF  60.9 PSV      61 N       8  --  D5 J4 F5
J8  : T 115.62c W 100.00c S  15.66c (+74.0 L +73.3) LCB  105.90c P  2.28% WF  84.8 PSV      42 N      11  --  J8 E2 E3

2026-07-16 21:57:44+0100: = J7
2026-07-16 21:58:19+0100: Controller: play W A9
2026-07-16 21:58:19+0100: = 
2026-07-16 21:58:19+0100: Controller: genmove B
2026-07-16 21:58:21+0100: MoveNum: 46 HASH: 865E59238B0034BD11702EA1D2298563
   A B C D E F G H J
 9 O3. . O . O . O .
 8 . O O X O O O X .
 7 O1X X X X O O X X2
 6 . X O X . X O O X
 5 . X O . X . X X X
 4 . . . @ O X O O .
 3 . . . . . X X . .
 2 . . . . . O X O .
 1 . . . . . . . . .

koPOSITIONALscoreAREAtaxNONEsui1komi7.5
Time taken: 1.93662
Root visits: 205
New playouts: 204
NN rows: 195
NN batches: 66
NN avg batch size: 2.95455
PV: D4 C9 A6 pass
Tree:
: T 114.84c W 100.00c S  14.78c (+73.5 L +73.1) N     205  --  D4 C9 A6 pass
---Black(^)---
D4  : T 117.01c W 100.00c S  16.55c (+74.3 L +73.4) LCB  111.58c P  4.07% WF 196.1 PSV     295 N      25  --  D4 C9 A6 pass
C4  : T 115.18c W 100.00c S  14.97c (+73.6 L +73.0) LCB  110.36c P  6.42% WF 207.8 PSV     207 N      27  --  C4 C9 A6 pass
C9  : T 114.60c W 100.00c S  14.56c (+73.3 L +73.3) LCB  109.65c P 11.16% WF 152.2 PSV     153 N      20  --  C9 C3 E2 B4
E2  : T 114.55c W 100.00c S  14.64c (+73.4 L +73.0) LCB  108.20c P 11.34% WF 145.1 PSV     146 N      19  --  E2 pass C4
F1  : T 116.00c W 100.00c S  15.81c (+74.0 L +73.5) LCB  109.44c P  3.76% WF 124.2 PSV     124 N      16  --  F1 C9 E2 pass
D5  : T 115.32c W 100.00c S  15.37c (+73.7 L +73.1) LCB  108.57c P  3.73% WF 108.2 PSV     108 N      14  --  D5 C9 E3
H3  : T 115.05c W 100.00c S  15.09c (+73.5 L +72.9) LCB  108.34c P  5.13% WF 100.2 PSV     101 N      13  --  H3 C9 C4
A6  : T 114.57c W 100.00c S  14.54c (+73.3 L +73.1) LCB  105.79c P  6.45% WF  91.7 PSV      92 N      12  --  A6 C3 D2
B9  : T 115.58c W 100.00c S  16.08c (+74.0 L +73.7) LCB  105.86c P  1.33% WF  69.7 PSV      70 N       9  --  B9 C9 A6
F5  : T 114.64c W 100.00c S  14.94c (+73.5 L +73.1) LCB  105.78c P  3.86% WF  76.8 PSV      62 N      10  --  F5 C9 A6

2026-07-16 21:58:21+0100: = D4
2026-07-16 21:59:00+0100: Controller: play W B4
2026-07-16 21:59:00+0100: = 
2026-07-16 21:59:00+0100: Controller: genmove B
2026-07-16 21:59:02+0100: MoveNum: 48 HASH: 2CB7F9140A922C32CD67F034F6097947
   A B C D E F G H J
 9 O1. . O . O . O .
 8 . O O X O O O X .
 7 O X X X X O O X X
 6 . X O X . X O O X
 5 . X O . X . X X X
 4 @ O3. X2O X O O .
 3 . . . . . X X . .
 2 . . . . . O X O .
 1 . . . . . . . . .

koPOSITIONALscoreAREAtaxNONEsui1komi7.5
Time taken: 2.19646
Root visits: 205
New playouts: 205
NN rows: 197
NN batches: 67
NN avg batch size: 2.9403
PV: A4 C9 B3 pass
Tree:
: T 115.57c W 100.00c S  15.41c (+73.6 L +73.1) N     205  --  A4 C9 B3 pass
---Black(^)---
A4  : T 116.90c W 100.00c S  16.73c (+74.2 L +73.5) LCB  113.15c P  7.70% WF 280.0 PSV     277 N      36  --  A4 C9 B3 pass
C4  : T 116.19c W 100.00c S  15.92c (+73.8 L +73.3) LCB  112.20c P 13.49% WF 254.9 PSV     196 N      33  --  C4 C9 A6 pass
E2  : T 115.43c W 100.00c S  15.39c (+73.6 L +73.1) LCB  110.87c P  9.52% WF 183.9 PSV      84 N      24  --  E2 C9 A6 A8
B3  : T 115.14c W 100.00c S  14.85c (+73.3 L +72.6) LCB  110.16c P  8.66% WF 152.0 PSV      67 N      20  --  B3 B2 C4 C3
D2  : T 119.84c W 100.00c S  18.99c (+75.2 L +73.6) LCB  108.07c P  2.88% WF  63.8 PSV      63 N       8  --  D2 C9 A6
E3  : T 115.34c W 100.00c S  15.40c (+73.5 L +73.0) LCB  110.01c P  6.43% WF 122.9 PSV      54 N      16  --  E3 C9 A4
F1  : T 120.04c W 100.00c S  19.31c (+75.4 L +74.2) LCB  100.18c P  2.52% WF  47.5 PSV      47 N       6  --  F1 C4
A6  : T 114.88c W 100.00c S  14.70c (+73.1 L +72.8) LCB  104.39c P  5.35% WF  68.1 PSV      37 N       9  --  A6 D2 C3
D5  : T 115.27c W 100.00c S  15.65c (+73.6 L +72.7) LCB  107.77c P  4.39% WF  84.2 PSV      36 N      11  --  D5 C9 A6
C3  : T 115.59c W 100.00c S  15.74c (+73.8 L +73.2) LCB  108.59c P  3.94% WF 107.8 PSV      35 N      14  --  C3 C9 C4

2026-07-16 21:59:02+0100: = A4
2026-07-16 21:59:40+0100: Controller: play W A3
2026-07-16 21:59:40+0100: = 
2026-07-16 21:59:40+0100: Controller: genmove B
2026-07-16 21:59:42+0100: MoveNum: 50 HASH: E6E78B73EB5196DD22645213B4EDBD9F
   A B C D E F G H J
 9 O . . O . O . O .
 8 . O O X O O O X .
 7 O X X X X O O X X
 6 . X O X . X O O X
 5 . X O . X . X X X
 4 X2O1@ X O X O O .
 3 O3. . . . X X . .
 2 . . . . . O X O .
 1 . . . . . . . . .

koPOSITIONALscoreAREAtaxNONEsui1komi7.5
Time taken: 1.92219
Root visits: 205
New playouts: 195
NN rows: 182
NN batches: 62
NN avg batch size: 2.93548
PV: C4 A5 C3 C9 A6
Tree:
: T 122.89c W 100.00c S  22.92c (+73.7 L +73.4) N     205  --  C4 A5 C3 C9 A6
---Black(^)---
C4  : T 123.28c W 100.00c S  23.30c (+74.0 L +73.5) LCB  120.94c P 17.96% WF 289.3 PSV     288 N      37  --  C4 A5 C3 C9 A6
B3  : T 123.23c W 100.00c S  23.06c (+73.8 L +73.3) LCB  120.89c P 17.40% WF 281.5 PSV     266 N      36  --  B3 A5 C3 C9 A6
C3  : T 123.17c W 100.00c S  23.30c (+74.0 L +73.6) LCB  119.76c P  6.32% WF 164.4 PSV      74 N      21  --  C3 C9 B3
A5  : T 122.53c W 100.00c S  22.79c (+73.5 L +73.1) LCB  119.00c P  8.17% WF 139.4 PSV      74 N      18  --  A5 B2 C4
C2  : T 123.78c W 100.00c S  23.83c (+74.3 L +73.5) LCB  115.48c P  2.68% WF  78.5 PSV      62 N      10  --  C2 A5 C3
A6  : T 122.40c W 100.00c S  22.08c (+73.0 L +73.0) LCB  107.53c P  6.27% WF  54.0 PSV      53 N       7  --  A6 C3 B2
E2  : T 122.50c W 100.00c S  22.57c (+73.4 L +73.1) LCB  116.74c P  5.49% WF  92.7 PSV      49 N      12  --  E2 C4 D5
D2  : T 123.58c W 100.00c S  23.74c (+74.2 L +73.7) LCB  118.78c P  2.99% WF 109.9 PSV      47 N      14  --  D2 A5 C9
B2  : T 123.37c W 100.00c S  23.58c (+74.1 L +73.8) LCB  117.72c P  3.27% WF 101.7 PSV      42 N      13  --  B2 C4 D5
A2  : T 122.41c W 100.00c S  22.38c (+73.3 L +73.7) LCB  114.48c P  4.42% WF  77.1 PSV      37 N      10  --  A2 A5 B2

2026-07-16 21:59:42+0100: = C4
2026-07-16 21:59:56+0100: Controller: play W A5
2026-07-16 21:59:56+0100: = 
2026-07-16 21:59:56+0100: Controller: genmove B
2026-07-16 21:59:57+0100: MoveNum: 52 HASH: B23ACDB6374D0FC991AF0D3DE03F8BCD
   A B C D E F G H J
 9 O . . O . O . O .
 8 . O O X O O O X .
 7 O X X X X O O X X
 6 . X O X . X O O X
 5 O3X O . X . X X X
 4 . O X2X O X O O .
 3 O1. . . . X X . .
 2 . @ . . . O X O .
 1 . . . . . . . . .

koPOSITIONALscoreAREAtaxNONEsui1komi7.5
Time taken: 1.41504
Root visits: 206
New playouts: 188
NN rows: 175
NN batches: 60
NN avg batch size: 2.91667
PV: B2 B3 C3 C9
Tree:
: T 121.92c W 100.00c S  21.73c (+73.7 L +73.7) N     206  --  B2 B3 C3 C9
---Black(^)---
B2  : T 122.92c W 100.00c S  22.63c (+74.2 L +74.1) LCB  120.63c P  7.08% WF 259.0 PSV     577 N      33  --  B2 B3 C3 C9
B3  : T 122.43c W 100.00c S  22.10c (+74.0 L +73.6) LCB  119.70c P 24.22% WF 367.4 PSV     366 N      47  --  B3 pass A6 B2
C3  : T 122.87c W 100.00c S  22.67c (+74.3 L +74.0) LCB  120.33c P 17.17% WF 329.6 PSV     296 N      42  --  C3 pass A6 pass
C2  : T 122.34c W 100.00c S  22.21c (+73.9 L +73.6) LCB  119.69c P  5.32% WF 256.6 PSV      74 N      33  --  C2 pass C9 C3
A6  : T 119.80c W 100.00c S  19.77c (+72.5 L +72.5) LCB  112.53c P 15.16% WF 104.9 PSV      67 N      14  --  A6 C3 B2 D3 E3
D2  : T 121.86c W 100.00c S  21.83c (+73.6 L +73.8) LCB  116.59c P  2.78% WF 100.3 PSV      22 N      13  --  D2 B2 C2
E2  : T 118.69c W 100.00c S  19.16c (+72.0 L +71.8) LCB   75.73c P  6.18% WF  29.9 PSV      21 N       4  --  E2 C3
C9  : T 119.66c W  99.99c S  18.75c (+72.1 L +73.8) LCB   90.63c P  4.13% WF  37.1 PSV      17 N       5  --  C9 C3 B2
E3  : T 117.34c W 100.00c S  18.67c (+71.9 L +72.9) LCB  -31.70c P  3.52% WF  14.8 PSV       9 N       2  --  E3 B2
A2  : T 117.41c W  99.99c S  18.08c (+71.7 L +73.1) LCB  -31.54c P  2.96% WF  14.7 PSV       8 N       2  --  A2 C3

2026-07-16 21:59:57+0100: = B2
2026-07-16 22:00:16+0100: Controller: play W C3
2026-07-16 22:00:16+0100: = 
2026-07-16 22:00:16+0100: Controller: genmove B
2026-07-16 22:00:18+0100: MoveNum: 54 HASH: 084792237C4BC68B72FBB0282EDBB096
   A B C D E F G H J
 9 O . . O . O . O .
 8 . O O X O O O X .
 7 O X X X X O O X X
 6 . X O X . X O O X
 5 O1X O . X . X X X
 4 . O X X O X O O .
 3 O . O3. . X X . .
 2 . X2@ . . O X O .
 1 . . . . . . . . .

koPOSITIONALscoreAREAtaxNONEsui1komi7.5
Time taken: 1.98195
Root visits: 206
New playouts: 202
NN rows: 191
NN batches: 64
NN avg batch size: 2.98438
PV: C2 D3 E3 D2 E2 D1
Tree:
: T 120.94c W  99.99c S  20.63c (+73.6 L +73.7) N     206  --  C2 D3 E3 D2 E2 D1
---Black(^)---
C2  : T 121.88c W  99.99c S  21.54c (+74.1 L +74.0) LCB  119.93c P 19.61% WF 442.9 PSV     580 N      57  --  C2 D3 E3 D2 E2 D1
B3  : T 122.08c W 100.00c S  21.69c (+74.3 L +73.9) LCB  119.30c P 19.27% WF 424.6 PSV     421 N      54  --  B3 pass J9
E2  : T 121.36c W 100.00c S  21.22c (+73.8 L +74.0) LCB  118.73c P 10.13% WF 237.0 PSV     135 N      31  --  E2 C2 B1 C1 A6
D3  : T 119.49c W 100.00c S  18.59c (+72.7 L +73.0) LCB  112.12c P 14.39% WF 124.3 PSV      78 N      17  --  D3 C2 B1 D2 E2
A6  : T 119.87c W  99.97c S  19.71c (+72.9 L +72.9) LCB  114.45c P 10.17% WF 135.3 PSV      62 N      18  --  A6 D3 E3 B1
B1  : T 119.80c W  99.99c S  19.75c (+72.8 L +72.7) LCB   91.40c P  3.15% WF  37.7 PSV      16 N       5  --  B1 D3
E3  : T 116.38c W  99.99c S  15.71c (+71.5 L +72.8) LCB   83.01c P  4.95% WF  34.8 PSV      13 N       5  --  E3 C2 B1 B3
A2  : T 116.72c W  99.98c S  17.18c (+71.6 L +72.3) LCB   42.89c P  4.83% WF  21.9 PSV      13 N       3  --  A2 D3
C9  : T 118.48c W  99.99c S  19.63c (+72.9 L +74.6) LCB   44.45c P  2.63% WF  22.6 PSV      10 N       3  --  C9 B1
D2  : T 117.67c W 100.00c S  17.96c (+72.0 L +72.4) LCB  -31.61c P  2.41% WF  14.8 PSV       7 N       2  --  D2 C2

2026-07-16 22:00:18+0100: = C2
2026-07-16 22:00:40+0100: Controller: play W E3
2026-07-16 22:00:40+0100: = 
2026-07-16 22:00:40+0100: Controller: genmove B
2026-07-16 22:00:42+0100: MoveNum: 56 HASH: A6DDE9DCCA6B413FB8CBC9132DC3512A
   A B C D E F G H J
 9 O . . O . O . O .
 8 . O O X O O O X .
 7 O X X X X O O X X
 6 . X O X . X O O X
 5 O X O . X . X X X
 4 . O X X O X O O .
 3 O . O1@ O3X X . .
 2 . X X2. . O X O .
 1 . . . . . . . . .

koPOSITIONALscoreAREAtaxNONEsui1komi7.5
Time taken: 1.89321
Root visits: 205
New playouts: 199
NN rows: 186
NN batches: 63
NN avg batch size: 2.95238
PV: D3 C9 E2 A6 B3
Tree:
: T 123.31c W 100.00c S  23.25c (+74.6 L +74.3) N     205  --  D3 C9 E2 A6 B3
---Black(^)---
D3  : T 124.44c W 100.00c S  24.37c (+75.4 L +74.8) LCB  122.68c P 39.18% WF 649.8 PSV     643 N      82  --  D3 C9 E2 A6 B3
B3  : T 123.33c W 100.00c S  23.24c (+74.5 L +74.3) LCB  120.78c P 17.33% WF 342.9 PSV     134 N      44  --  B3 pass A6 pass
D5  : T 122.25c W 100.00c S  22.25c (+73.8 L +73.6) LCB  118.83c P 11.99% WF 161.4 PSV      61 N      21  --  D5 pass D3
E2  : T 121.80c W  99.97c S  21.64c (+73.5 L +73.3) LCB  113.40c P  7.77% WF  75.6 PSV      35 N      10  --  E2 D3 D2 D5
D2  : T 122.84c W 100.00c S  22.82c (+74.0 L +73.8) LCB  119.67c P  4.45% WF 160.8 PSV      27 N      21  --  D2 D3 D5 C9
F1  : T 122.94c W 100.00c S  22.84c (+74.1 L +74.0) LCB  119.97c P  3.62% WF 138.2 PSV      23 N      18  --  F1 D2 D5
A2  : T 117.36c W  99.99c S  17.37c (+71.1 L +73.7) LCB -232.64c P  3.22% WF   7.3 PSV       6 N       1  --  A2
A6  : T 116.56c W  99.99c S  17.86c (+71.2 L +72.3) LCB  -32.84c P  2.85% WF  14.3 PSV       5 N       2  --  A6 D3
D1  : T 117.95c W 100.00c S  17.95c (+71.4 L +73.1) LCB -232.64c P  1.56% WF   7.3 PSV       3 N       1  --  D1
E1  : T 117.77c W 100.00c S  17.77c (+71.4 L +72.9) LCB -232.58c P  1.55% WF   7.3 PSV       3 N       1  --  E1

2026-07-16 22:00:42+0100: = D3
2026-07-16 22:00:47+0100: Controller: play W E2
2026-07-16 22:00:47+0100: = 
2026-07-16 22:00:47+0100: Controller: genmove B
2026-07-16 22:00:48+0100: MoveNum: 58 HASH: 23A65FF703C08F2E4E03327F55A2595D
   A B C D E F G H J
 9 O . . O . O . O .
 8 . O O X O O O X .
 7 O X X X X O O X X
 6 . X O X . X O O X
 5 O X O . X . X X X
 4 . O X X O X O O .
 3 O @ O X2O1X X . .
 2 . X X . O3O X O .
 1 . . . . . . . . .

koPOSITIONALscoreAREAtaxNONEsui1komi7.5
Time taken: 1.7498
Root visits: 206
New playouts: 205
NN rows: 199
NN batches: 67
NN avg batch size: 2.97015
PV: B3 C9 A6 pass
Tree:
: T 116.57c W 100.00c S  16.04c (+75.6 L +75.0) N     206  --  B3 C9 A6 pass
---Black(^)---
B3  : T 117.82c W 100.00c S  17.55c (+76.3 L +75.8) LCB  114.11c P 11.19% WF 375.9 PSV     372 N      47  --  B3 C9 A6 pass
D2  : T 116.88c W 100.00c S  16.73c (+75.8 L +75.7) LCB  113.21c P  9.67% WF 255.4 PSV     118 N      33  --  D2 C9 A6 A8
H3  : T 116.58c W 100.00c S  15.83c (+75.4 L +74.6) LCB  111.87c P  9.04% WF 154.0 PSV      92 N      20  --  H3 B3 D2 C9
A2  : T 118.22c W 100.00c S  17.28c (+76.1 L +74.8) LCB  109.09c P  5.05% WF  85.5 PSV      85 N      11  --  A2 D2 D5 C9
J9  : T 116.86c W 100.00c S  15.56c (+75.3 L +74.9) LCB  111.27c P  6.21% WF 130.9 PSV      75 N      17  --  J9 J8 B3
D5  : T 116.87c W 100.00c S  16.74c (+75.8 L +75.6) LCB  112.37c P  5.40% WF 162.8 PSV      66 N      21  --  D5 C9 A6 A8
H1  : T 118.63c W 100.00c S  16.52c (+75.8 L +74.6) LCB  102.28c P  4.53% WF  54.2 PSV      54 N       7  --  H1 D2 B3
A6  : T 115.83c W 100.00c S  14.99c (+75.2 L +74.1) LCB  105.50c P  7.24% WF 113.3 PSV      52 N      15  --  A6 D2 D5 pass
F5  : T 115.27c W 100.00c S  14.61c (+74.8 L +73.9) LCB  101.54c P  6.60% WF  60.4 PSV      39 N       8  --  F5 D2 B3
F1  : T 119.91c W 100.00c S  18.32c (+76.7 L +75.3) LCB   76.42c P  4.48% WF  31.5 PSV      32 N       4  --  F1 pass

2026-07-16 22:00:48+0100: = B3
2026-07-16 22:01:03+0100: Controller: play W B1
2026-07-16 22:01:03+0100: = 
2026-07-16 22:01:03+0100: Controller: genmove B
2026-07-16 22:01:05+0100: MoveNum: 60 HASH: 5119C9715CDB353AE180C8AED942F5BE
   A B C D E F G H J
 9 O . . O . O . O .
 8 . O O X O O O X .
 7 O X X X X O O X X
 6 . X O X . X O O X
 5 O X O . X . X X X
 4 @ O X X O X O O .
 3 O X2. X O X X . .
 2 . X X . O1O X O .
 1 . O3. . . . . . .

koPOSITIONALscoreAREAtaxNONEsui1komi7.5
Time taken: 1.94429
Root visits: 206
New playouts: 206
NN rows: 199
NN batches: 68
NN avg batch size: 2.92647
PV: H1 C9 H3
Tree:
: T 115.30c W 100.00c S  15.25c (+76.4 L +75.8) N     206  --  H1 C9 H3
---Black(^)---
H1  : T 116.25c W 100.00c S  16.32c (+76.9 L +76.5) LCB  110.38c P  4.45% WF 148.4 PSV     198 N      19  --  H1 C9 H3
A4  : T 116.05c W 100.00c S  15.78c (+76.6 L +76.0) LCB  110.32c P  6.92% WF 195.0 PSV     194 N      25  --  A4 C9 A6 pass
J9  : T 115.35c W 100.00c S  15.09c (+76.2 L +75.9) LCB  109.12c P  8.21% WF 155.6 PSV     114 N      20  --  J9 J8 F5 C9
A2  : T 115.55c W 100.00c S  15.66c (+76.7 L +75.7) LCB  106.21c P  6.91% WF 124.3 PSV     112 N      16  --  A2 pass J9
C1  : T 116.28c W 100.00c S  15.86c (+76.8 L +75.8) LCB  105.19c P  4.33% WF 101.4 PSV     101 N      13  --  C1 pass J9
A6  : T 115.02c W 100.00c S  15.18c (+76.4 L +75.5) LCB  104.86c P  8.82% WF 116.1 PSV      99 N      15  --  A6 pass A4
H3  : T 115.30c W 100.00c S  15.41c (+76.4 L +75.8) LCB  108.55c P  7.16% WF 116.6 PSV      96 N      15  --  H3 C9 J4
C9  : T 114.62c W 100.00c S  14.39c (+76.0 L +75.3) LCB  105.05c P  8.79% WF 115.4 PSV      80 N      15  --  C9 pass F5
F5  : T 114.71c W 100.00c S  14.51c (+76.0 L +75.6) LCB  104.00c P  6.81% WF  92.2 PSV      64 N      12  --  F5 pass J9
D2  : T 115.31c W 100.00c S  15.38c (+76.4 L +75.7) LCB  106.62c P  4.67% WF 108.6 PSV      63 N      14  --  D2 C9 F5

2026-07-16 22:01:05+0100: = A4
2026-07-16 22:01:12+0100: Controller: play W G1
2026-07-16 22:01:12+0100: = 
2026-07-16 22:01:12+0100: Controller: genmove B
2026-07-16 22:01:13+0100: MoveNum: 62 HASH: 6E5D8E9A35951C9727E5FFD5EC272345
   A B C D E F G H J
 9 O . . O . O . O .
 8 . O O X O O O X .
 7 O X X X X O O X X
 6 . X O X . X O O X
 5 O X O . X . X X X
 4 X2. X X O X O O .
 3 O X . X O X X . .
 2 . X X . O O X O .
 1 . O1. . . . O3@ .

koPOSITIONALscoreAREAtaxNONEsui1komi7.5
Time taken: 1.81716
Root visits: 205
New playouts: 204
NN rows: 199
NN batches: 68
NN avg batch size: 2.92647
PV: H1 J1 F5 C9
Tree:
: T 113.75c W 100.00c S  13.71c (+75.7 L +75.3) N     205  --  H1 J1 F5 C9
---Black(^)---
H1  : T 116.24c W 100.00c S  15.88c (+76.7 L +76.1) LCB  112.87c P  7.45% WF 638.2 PSV     625 N      81  --  H1 J1 F5 C9
F5  : T 114.46c W 100.00c S  14.49c (+75.9 L +75.8) LCB  110.93c P 13.37% WF 454.9 PSV     133 N      59  --  F5 pass A6 pass A8
H3  : T 113.21c W 100.00c S  13.06c (+75.3 L +75.0) LCB  108.12c P  9.86% WF 220.0 PSV      60 N      29  --  H3 pass J4
J9  : T 108.97c W 100.00c S   9.10c (+73.5 L +73.0) LCB   30.17c P  5.32% WF  22.1 PSV      14 N       3  --  J9 H3
A6  : T 101.42c W 100.00c S   4.49c (+71.4 L +71.2) LCB  -47.98c P  8.37% WF  14.1 PSV      11 N       2  --  A6 H3
C9  : T 101.32c W 100.00c S   3.87c (+71.2 L +71.1) LCB  -47.91c P  8.00% WF  14.1 PSV      10 N       2  --  C9 H3
B9  : T 112.13c W 100.00c S  11.63c (+74.8 L +73.9) LCB   61.99c P  2.00% WF  30.4 PSV       9 N       4  --  B9 H3
F1  : T 106.51c W 100.00c S   7.61c (+72.9 L +72.3) LCB  -42.51c P  4.89% WF  14.3 PSV       9 N       2  --  F1 H3
D5  : T 109.62c W 100.00c S   9.70c (+73.8 L +72.9) LCB   31.63c P  2.92% WF  22.1 PSV       8 N       3  --  D5 H3
A2  : T 101.25c W 100.00c S   3.68c (+71.1 L +70.9) LCB  -47.96c P  5.68% WF  14.0 PSV       7 N       2  --  A2 H3

2026-07-16 22:01:13+0100: = H1
2026-07-16 22:01:25+0100: Controller: play W J1
2026-07-16 22:01:25+0100: = 
2026-07-16 22:01:25+0100: Controller: genmove B
2026-07-16 22:01:26+0100: MoveNum: 64 HASH: 1B8BA9C99B05410B4F92329E1A005B9B
   A B C D E F G H J
 9 O . . O . O . O .
 8 . O O X O O O X .
 7 O X X X X O O X X
 6 . X O X . X O O X
 5 O X O . X . X X X
 4 X . X X O X O O .
 3 O X . X O X X @ .
 2 . X X . O O X O .
 1 . O . . . . O1.2O3

koPOSITIONALscoreAREAtaxNONEsui1komi7.5
Time taken: 1.77243
Root visits: 206
New playouts: 195
NN rows: 186
NN batches: 63
NN avg batch size: 2.95238
PV: H3 B4 J4 A2
Tree:
: T 121.98c W 100.00c S  21.68c (+75.5 L +75.0) N     206  --  H3 B4 J4 A2
---Black(^)---
H3  : T 124.20c W 100.00c S  24.02c (+76.6 L +75.8) LCB  121.97c P 13.08% WF 517.8 PSV     509 N      65  --  H3 B4 J4 A2
F5  : T 123.72c W 100.00c S  23.77c (+76.4 L +76.2) LCB  121.59c P 13.49% WF 514.2 PSV     270 N      65  --  F5 H3 J4 pass
D2  : T 122.72c W 100.00c S  22.50c (+75.8 L +75.4) LCB  118.67c P  4.21% WF 245.4 PSV      41 N      32  --  D2 pass C9 H3
J9  : T 118.04c W 100.00c S  18.55c (+73.6 L +73.1) LCB   40.96c P  6.05% WF  22.2 PSV      17 N       3  --  J9 H3
A6  : T 112.30c W 100.00c S  14.99c (+71.4 L +71.1) LCB  -37.32c P  8.96% WF  14.1 PSV      14 N       2  --  A6 H3
F1  : T 115.57c W 100.00c S  17.19c (+72.4 L +72.3) LCB  -33.69c P  6.16% WF  14.5 PSV      13 N       2  --  F1 H3
C9  : T 110.34c W 100.00c S  13.52c (+70.7 L +70.6) LCB  -39.36c P  7.45% WF  13.9 PSV      10 N       2  --  C9 H3
A2  : T 112.92c W 100.00c S  15.46c (+71.6 L +71.3) LCB  -36.63c P  5.15% WF  14.1 PSV       8 N       2  --  A2 H3
B4  : T 113.90c W 100.00c S  16.13c (+71.9 L +71.6) LCB  -35.48c P  4.74% WF  14.1 PSV       8 N       2  --  B4 H3
B9  : T 117.72c W 100.00c S  18.87c (+74.0 L +73.5) LCB   39.77c P  2.52% WF  22.2 PSV       7 N       3  --  B9 H3

2026-07-16 22:01:26+0100: = H3
2026-07-16 22:01:31+0100: Controller: play W B4
2026-07-16 22:01:31+0100: = 
2026-07-16 22:01:31+0100: Controller: genmove B
2026-07-16 22:01:33+0100: MoveNum: 66 HASH: 71BFCD7E9EE0E2895B9A3117843850E1
   A B C D E F G H J
 9 O . . O . O . O @
 8 . O O X O O O X .
 7 O X X X X O O X X
 6 . X O X . X O O X
 5 O X O . X . X X X
 4 . O3X X O X O O .
 3 O X . X O X X X2.
 2 . X X . O O X O .
 1 . O . . . . O . O1

koPOSITIONALscoreAREAtaxNONEsui1komi7.5
Time taken: 1.63899
Root visits: 206
New playouts: 187
NN rows: 180
NN batches: 60
NN avg batch size: 3
PV: J9 J8 J4
Tree:
: T 122.32c W 100.00c S  22.05c (+76.5 L +75.9) N     206  --  J9 J8 J4
---Black(^)---
J9  : T 122.53c W 100.00c S  22.37c (+76.5 L +76.2) LCB  118.80c P  7.42% WF 164.5 PSV     268 N      21  --  J9 J8 J4
J4  : T 121.98c W 100.00c S  22.01c (+76.3 L +76.0) LCB  118.27c P 11.74% WF 187.7 PSV     188 N      24  --  J4 C9 A6 pass
F5  : T 122.40c W 100.00c S  22.46c (+76.6 L +76.4) LCB  118.45c P  6.15% WF 172.4 PSV     161 N      22  --  F5 C9 A6 A8
A2  : T 122.05c W 100.00c S  21.75c (+76.4 L +75.7) LCB  116.80c P  9.65% WF 155.3 PSV     156 N      20  --  A2 C9 A6
A6  : T 121.51c W 100.00c S  21.08c (+76.2 L +75.3) LCB  113.57c P 11.51% WF 123.5 PSV     125 N      16  --  A6 pass A4
D2  : T 122.83c W 100.00c S  22.58c (+76.9 L +76.1) LCB  117.78c P  4.41% WF 125.4 PSV     125 N      16  --  D2 J3 J4 C9
C9  : T 121.41c W 100.00c S  20.96c (+75.9 L +75.1) LCB  114.78c P 11.63% WF 131.3 PSV     121 N      17  --  C9 pass J4
B9  : T 123.44c W 100.00c S  22.83c (+77.1 L +76.7) LCB  117.46c P  2.67% WF 102.2 PSV     102 N      13  --  B9 C9 A4
J3  : T 124.16c W 100.00c S  23.98c (+77.6 L +76.5) LCB  118.21c P  3.05% WF  95.6 PSV      95 N      12  --  J3 C9 A6
D5  : T 122.02c W 100.00c S  21.73c (+76.2 L +75.5) LCB  115.90c P  4.62% WF 101.1 PSV      77 N      13  --  D5 C9 J4

2026-07-16 22:01:33+0100: = J9
2026-07-16 22:01:41+0100: Controller: play W J8
2026-07-16 22:01:41+0100: = 
2026-07-16 22:01:41+0100: Controller: genmove B
2026-07-16 22:01:42+0100: MoveNum: 68 HASH: F0338ABC465DB2D638A3A5EC0FA23EEE
   A B C D E F G H J
 9 O . . O . O . O .2
 8 . O O X O O O X O3
 7 O X X X X O O X X
 6 . X O X . X O O X
 5 O X O . X . X X X
 4 . O1X X O X O O .
 3 O X . X O X X X @
 2 . X X . O O X O .
 1 . O . . . . O . O

koPOSITIONALscoreAREAtaxNONEsui1komi7.5
Time taken: 1.7927
Root visits: 206
New playouts: 200
NN rows: 201
NN batches: 68
NN avg batch size: 2.95588
PV: J3 C9 A6 A8
Tree:
: T 122.94c W 100.00c S  22.84c (+76.8 L +76.2) N     206  --  J3 C9 A6 A8
---Black(^)---
J3  : T 123.18c W 100.00c S  23.41c (+77.0 L +76.6) LCB  119.81c P  6.60% WF 141.8 PSV     230 N      18  --  J3 C9 A6 A8
J4  : T 122.49c W 100.00c S  22.55c (+76.4 L +76.2) LCB  118.62c P 12.09% WF 149.0 PSV     149 N      19  --  J4 pass A4
C9  : T 123.55c W 100.00c S  22.93c (+76.8 L +76.0) LCB  119.53c P 11.22% WF 148.3 PSV     148 N      19  --  C9 J3 J4 pass
A6  : T 122.87c W 100.00c S  22.35c (+76.6 L +75.7) LCB  116.80c P  9.23% WF 123.8 PSV     124 N      16  --  A6 J4 J3
C1  : T 123.20c W 100.00c S  23.02c (+76.9 L +76.6) LCB  116.74c P  4.68% WF  93.7 PSV      94 N      12  --  C1 C9 J4
D1  : T 123.59c W 100.00c S  23.32c (+77.2 L +76.6) LCB  116.94c P  2.15% WF  93.9 PSV      94 N      12  --  D1 J3 J4 C9
F5  : T 122.39c W 100.00c S  22.68c (+76.5 L +76.2) LCB  116.11c P  7.29% WF 101.8 PSV      84 N      13  --  F5 pass C9
A4  : T 122.08c W 100.00c S  22.33c (+76.5 L +75.8) LCB  112.21c P  9.03% WF  76.8 PSV      78 N      10  --  A4 C9 J9
D2  : T 123.17c W 100.00c S  22.75c (+76.8 L +76.3) LCB  114.79c P  4.36% WF  78.0 PSV      78 N      10  --  D2 C9 J4
A2  : T 122.13c W 100.00c S  21.91c (+76.2 L +75.4) LCB  112.95c P  7.88% WF  76.7 PSV      77 N      10  --  A2 C9 A6

2026-07-16 22:01:42+0100: = J3
2026-07-16 22:01:47+0100: Controller: play W D2
2026-07-16 22:01:47+0100: = 
2026-07-16 22:01:47+0100: Controller: genmove B
2026-07-16 22:01:49+0100: MoveNum: 70 HASH: 9CB213E6122E134D2991B39F8E8AECF1
   A B C D E F G H J
 9 O . . O . O . O .
 8 . O O X O O O X O1
 7 O X X X X O O X X
 6 . X O X . X O O X
 5 O X O . X . X X X
 4 . O X X O X O O .
 3 O X . X O X X X X2
 2 . X X O3O O X O .
 1 . O . @ . . O . O

koPOSITIONALscoreAREAtaxNONEsui1komi7.5
Time taken: 1.93594
Root visits: 205
New playouts: 204
NN rows: 197
NN batches: 67
NN avg batch size: 2.9403
PV: D1 pass C9
Tree:
: T 117.59c W 100.00c S  17.56c (+76.2 L +75.7) N     205  --  D1 pass C9
---Black(^)---
D1  : T 118.31c W 100.00c S  18.26c (+76.5 L +76.0) LCB  114.52c P  6.21% WF 290.1 PSV     373 N      37  --  D1 pass C9
A2  : T 117.72c W 100.00c S  17.64c (+76.3 L +75.6) LCB  112.55c P 12.52% WF 225.5 PSV     226 N      29  --  A2 pass F5
A4  : T 118.46c W 100.00c S  18.38c (+76.5 L +75.8) LCB  114.33c P 11.45% WF 219.7 PSV     219 N      28  --  A4 pass J9 A2
C1  : T 118.61c W 100.00c S  18.60c (+76.7 L +76.3) LCB  114.41c P  7.62% WF 196.1 PSV     195 N      25  --  C1 A2 A4 D1
A6  : T 117.59c W 100.00c S  17.55c (+76.2 L +75.5) LCB  111.83c P  9.95% WF 217.8 PSV     162 N      28  --  A6 pass J4
C3  : T 118.24c W 100.00c S  18.55c (+76.6 L +76.1) LCB  111.40c P  4.41% WF  93.5 PSV      94 N      12  --  C3 C9 J4
D5  : T 117.58c W 100.00c S  17.82c (+76.0 L +75.6) LCB  112.87c P  5.72% WF 108.8 PSV      91 N      14  --  D5 C9 C1
J9  : T 114.70c W 100.00c S  14.01c (+74.4 L +74.5) LCB  102.16c P 11.29% WF  67.5 PSV      50 N       9  --  J9 A2 A4
C9  : T 115.32c W 100.00c S  14.54c (+74.6 L +74.6) LCB   86.51c P  6.97% WF  37.3 PSV      37 N       5  --  C9 A2 A4
B9  : T 117.71c W 100.00c S  17.89c (+76.5 L +76.2) LCB   94.79c P  2.02% WF  46.1 PSV      36 N       6  --  B9 A2 A4

2026-07-16 22:01:49+0100: = D1
2026-07-16 22:01:53+0100: Controller: play W C1
2026-07-16 22:01:53+0100: = 
2026-07-16 22:01:53+0100: Controller: genmove B
2026-07-16 22:01:55+0100: MoveNum: 72 HASH: 945E029ABBCE67AF9E4C65028B2FEA94
   A B C D E F G H J
 9 O . . O . O . O .
 8 . O O X O O O X O
 7 O X X X X O O X X
 6 . X O X . X O O X
 5 O X O . X . X X X
 4 . O X X O X O O .
 3 O X . X O X X X X
 2 . X X O1O O X O .
 1 @ O O3X2. . O . O

koPOSITIONALscoreAREAtaxNONEsui1komi7.5
Time taken: 1.78825
Root visits: 206
New playouts: 205
NN rows: 194
NN batches: 65
NN avg batch size: 2.98462
PV: A1 pass J9 C9 G9
Tree:
: T 118.19c W 100.00c S  18.02c (+76.4 L +75.8) N     206  --  A1 pass J9 C9 G9
---Black(^)---
A1  : T 119.09c W 100.00c S  19.07c (+76.9 L +76.2) LCB  116.31c P 26.17% WF 456.8 PSV     454 N      58  --  A1 pass J9 C9 G9
A6  : T 119.11c W 100.00c S  18.64c (+76.8 L +75.8) LCB  114.73c P  7.62% WF 304.5 PSV     135 N      39  --  A6 pass A4 A1
A4  : T 118.36c W 100.00c S  18.36c (+76.5 L +76.0) LCB  115.44c P 10.75% WF 357.8 PSV     109 N      46  --  A4 E1 B4 C9
A2  : T 118.69c W 100.00c S  18.50c (+76.7 L +75.9) LCB  114.94c P  8.53% WF 273.0 PSV     107 N      35  --  A2 pass A4 pass
J4  : T 116.99c W 100.00c S  15.84c (+75.3 L +75.2) LCB  105.94c P  4.28% WF  68.1 PSV      24 N       9  --  J4 E1 A2
C9  : T 113.32c W 100.00c S  12.87c (+73.8 L +73.9) LCB   39.22c P  6.85% WF  21.4 PSV      18 N       3  --  C9 A2
F5  : T 116.31c W 100.00c S  15.84c (+75.5 L +75.3) LCB   70.23c P  3.70% WF  30.0 PSV      17 N       4  --  F5 A2
J9  : T 106.54c W  99.99c S   7.93c (+71.7 L +72.4) LCB  -42.71c P  9.08% WF  14.1 PSV      12 N       2  --  J9 A2
D5  : T 110.80c W 100.00c S  12.61c (+73.7 L +73.6) LCB  -38.50c P  4.39% WF  14.4 PSV       8 N       2  --  D5 A2
C3  : T 109.97c W 100.00c S  10.45c (+72.8 L +72.7) LCB  -39.20c P  3.75% WF  14.1 PSV       6 N       2  --  C3 A2

2026-07-16 22:01:55+0100: = A1
2026-07-16 22:01:59+0100: Controller: play W C1
2026-07-16 22:01:59+0100: = 
2026-07-16 22:01:59+0100: Controller: genmove B
2026-07-16 22:02:01+0100: MoveNum: 74 HASH: 0B93CCFAC8D98172BD5798504FE8630C
   A B C D E F G H J
 9 O . . O . O . O .
 8 . O O X O O O X O
 7 O X X X X O O X X
 6 . X O X . X O O X
 5 O X O . X . X X X
 4 . O X X O X O O .
 3 O X . X O X X X X
 2 . X X O O O X O .
 1 X2@ O1X . . O . O

koPOSITIONALscoreAREAtaxNONEsui1komi7.5
Time taken: 2.07052
Root visits: 206
New playouts: 205
NN rows: 204
NN batches: 67
NN avg batch size: 3.04478
PV: B1 C9 J4
Tree:
: T 116.98c W 100.00c S  17.15c (+77.0 L +76.6) N     206  --  B1 C9 J4
---Black(^)---
B1  : T 116.71c W 100.00c S  16.97c (+76.8 L +76.3) LCB  112.69c P 14.23% WF 171.2 PSV     218 N      22  --  B1 C9 J4
J9  : T 116.30c W 100.00c S  16.43c (+76.5 L +76.3) LCB  111.81c P 12.26% WF 139.5 PSV     115 N      18  --  J9 C9 G9 A2
J2  : T 118.23c W 100.00c S  18.72c (+77.9 L +77.1) LCB  111.22c P  3.65% WF 110.1 PSV     110 N      14  --  J2 A6 A4
A6  : T 117.00c W 100.00c S  16.90c (+77.0 L +76.2) LCB  106.80c P  9.24% WF 108.8 PSV     109 N      14  --  A6 pass C9
A4  : T 116.39c W 100.00c S  16.56c (+76.6 L +76.3) LCB  110.19c P 10.63% WF 124.5 PSV     105 N      16  --  A4 C9 J4
F1  : T 118.48c W 100.00c S  18.42c (+77.5 L +77.1) LCB  111.71c P  4.70% WF  94.5 PSV      94 N      12  --  F1 E1 A6
F5  : T 117.19c W 100.00c S  17.58c (+77.2 L +77.0) LCB  110.70c P  4.58% WF 101.5 PSV      82 N      13  --  F5 C9 D5
C9  : T 116.22c W 100.00c S  16.07c (+76.5 L +76.0) LCB  106.30c P  8.92% WF  92.6 PSV      80 N      12  --  C9 pass E9
A2  : T 116.81c W 100.00c S  16.58c (+76.9 L +76.0) LCB  105.04c P  5.98% WF  85.4 PSV      77 N      11  --  A2 pass C9
D5  : T 116.88c W 100.00c S  17.39c (+76.9 L +76.4) LCB  109.28c P  5.51% WF  77.9 PSV      75 N      10  --  D5 A6 B1

2026-07-16 22:02:01+0100: = B1
2026-07-16 22:02:04+0100: Controller: play W F1
2026-07-16 22:02:04+0100: = 
2026-07-16 22:02:04+0100: Controller: genmove B
2026-07-16 22:02:06+0100: MoveNum: 76 HASH: 41BF118C2CD71E7E220DA40AE6C9C113
   A B C D E F G H J
 9 O . @ O . O . O .
 8 . O O X O O O X O
 7 O X X X X O O X X
 6 . X O X . X O O X
 5 O X O . X . X X X
 4 . O X X O X O O .
 3 O X . X O X X X X
 2 . X X O O O X O .
 1 X X2.1X . O3O . O

koPOSITIONALscoreAREAtaxNONEsui1komi7.5
Time taken: 2.07532
Root visits: 206
New playouts: 205
NN rows: 205
NN batches: 69
NN avg batch size: 2.97101
PV: C9 A6 E9
Tree:
: T 118.92c W 100.00c S  19.03c (+76.9 L +76.4) N     206  --  C9 A6 E9
---Black(^)---
C9  : T 118.81c W 100.00c S  18.93c (+76.8 L +76.4) LCB  114.49c P 10.67% WF 171.7 PSV     215 N      22  --  C9 A6 E9
J9  : T 118.57c W 100.00c S  18.57c (+76.5 L +76.2) LCB  114.41c P 14.20% WF 171.6 PSV     172 N      22  --  J9 pass G9
J2  : T 119.06c W 100.00c S  19.21c (+77.1 L +76.6) LCB  113.99c P  8.17% WF 172.3 PSV     153 N      22  --  J2 C9 H1 A6
A6  : T 118.56c W 100.00c S  18.51c (+76.7 L +76.0) LCB  110.63c P 10.96% WF 116.6 PSV     117 N      15  --  A6 pass D5
A2  : T 119.11c W 100.00c S  19.01c (+77.0 L +76.3) LCB  110.66c P  6.16% WF 109.4 PSV     110 N      14  --  A2 pass A4
D5  : T 119.16c W 100.00c S  19.40c (+76.9 L +76.2) LCB  113.77c P  6.63% WF 102.0 PSV     102 N      13  --  D5 C9 A6
A4  : T 118.41c W 100.00c S  18.50c (+76.5 L +76.0) LCB  111.57c P  9.15% WF 101.4 PSV     100 N      13  --  A4 pass J9
C3  : T 119.17c W 100.00c S  19.42c (+77.0 L +76.8) LCB  114.47c P  4.53% WF 133.3 PSV      96 N      17  --  C3 C9 J4
J4  : T 118.68c W 100.00c S  18.62c (+76.6 L +76.1) LCB  111.45c P  7.71% WF  93.7 PSV      94 N      12  --  J4 pass C9
E6  : T 119.40c W 100.00c S  19.38c (+77.2 L +76.7) LCB  110.82c P  3.27% WF  94.1 PSV      94 N      12  --  E6 pass C9

2026-07-16 22:02:06+0100: = C9
2026-07-16 22:02:09+0100: Controller: play W B9
2026-07-16 22:02:09+0100: = 
2026-07-16 22:02:09+0100: Controller: genmove B
2026-07-16 22:02:11+0100: MoveNum: 78 HASH: C408DF775438EB6334015A8AD459B614
   A B C D E F G H J
 9 O O3.2O . O . O @
 8 . O O X O O O X O
 7 O X X X X O O X X
 6 . X O X . X O O X
 5 O X O . X . X X X
 4 . O X X O X O O .
 3 O X . X O X X X X
 2 . X X O O O X O .
 1 X X . X . O1O . O

koPOSITIONALscoreAREAtaxNONEsui1komi7.5
Time taken: 1.89745
Root visits: 206
New playouts: 201
NN rows: 199
NN batches: 68
NN avg batch size: 2.92647
PV: J4 pass J2
Tree:
: T 121.85c W 100.00c S  21.95c (+76.4 L +75.8) N     206  --  J4 pass J2
---Black(^)---
J4  : T 122.10c W 100.00c S  22.29c (+76.5 L +76.0) LCB  117.76c P  9.93% WF 141.5 PSV     225 N      18  --  J4 pass J2
J9  : T 121.39c W 100.00c S  21.44c (+75.9 L +75.5) LCB  117.56c P 15.02% WF 172.1 PSV     173 N      22  --  J9 G9 E9 pass
A6  : T 121.33c W 100.00c S  21.51c (+76.1 L +75.4) LCB  116.51c P 14.53% WF 155.7 PSV     157 N      20  --  A6 pass D5
A4  : T 121.72c W 100.00c S  21.82c (+76.1 L +75.6) LCB  117.38c P  9.81% WF 148.6 PSV     145 N      19  --  A4 pass J9
D5  : T 122.05c W 100.00c S  22.23c (+76.5 L +75.7) LCB  117.11c P  7.75% WF 141.3 PSV     142 N      18  --  D5 pass J2
C1  : T 122.34c W 100.00c S  22.42c (+76.7 L +76.0) LCB  116.73c P  7.23% WF 133.7 PSV     134 N      17  --  C1 pass E1
F5  : T 121.95c W 100.00c S  22.10c (+76.4 L +76.0) LCB  117.51c P  6.54% WF 149.1 PSV     121 N      19  --  F5 pass D5
A2  : T 121.79c W 100.00c S  21.80c (+76.4 L +75.7) LCB  116.04c P  6.65% WF 132.9 PSV     104 N      17  --  A2 pass D5
C3  : T 121.95c W 100.00c S  21.96c (+76.4 L +75.9) LCB  116.37c P  5.31% WF 125.3 PSV      98 N      16  --  C3 pass J4
E6  : T 122.21c W 100.00c S  22.28c (+76.7 L +76.1) LCB  116.59c P  3.75% WF 133.6 PSV      97 N      17  --  E6 pass J4

2026-07-16 22:02:11+0100: = J9
2026-07-16 22:02:16+0100: Controller: play W E1
2026-07-16 22:02:16+0100: = 
2026-07-16 22:02:16+0100: Controller: genmove B
2026-07-16 22:02:18+0100: MoveNum: 80 HASH: B6AADA2D6EC042CE6D90F3BC88AE31B9
   A B C D E F G H J
 9 O O1. O . O @ O X2
 8 . O O X O O O X .
 7 O X X X X O O X X
 6 . X O X . X O O X
 5 O X O . X . X X X
 4 . O X X O X O O .
 3 O X . X O X X X X
 2 . X X O O O X O .
 1 X X . X O3O O . O

koPOSITIONALscoreAREAtaxNONEsui1komi7.5
Time taken: 1.88693
Root visits: 206
New playouts: 205
NN rows: 197
NN batches: 67
NN avg batch size: 2.9403
PV: G9 C1 A4 H9
Tree:
: T 119.12c W 100.00c S  19.11c (+75.8 L +75.6) N     206  --  G9 C1 A4 H9
---Black(^)---
G9  : T 119.46c W 100.00c S  19.36c (+75.8 L +76.0) LCB  117.07c P 18.69% WF 251.5 PSV     311 N      32  --  G9 C1 A4 H9
H1  : T 118.91c W 100.00c S  18.93c (+75.7 L +75.3) LCB  114.39c P 16.39% WF 210.9 PSV     153 N      27  --  H1 pass G9 pass A6
J2  : T 120.15c W 100.00c S  20.00c (+76.4 L +76.0) LCB  114.03c P  4.45% WF 118.3 PSV     118 N      15  --  J2 J8 J4
A4  : T 119.24c W 100.00c S  19.44c (+75.9 L +76.0) LCB  116.38c P  8.96% WF 187.8 PSV     103 N      24  --  A4 J8 F5
A6  : T 118.73c W 100.00c S  18.84c (+75.6 L +75.3) LCB  113.48c P 10.83% WF 132.2 PSV      92 N      17  --  A6 pass G9
J8  : T 119.21c W 100.00c S  19.28c (+75.9 L +75.7) LCB  114.23c P  7.47% WF 148.7 PSV      84 N      19  --  J8 C1 D5
D5  : T 119.09c W 100.00c S  19.10c (+75.7 L +75.4) LCB  111.86c P  5.68% WF  93.8 PSV      59 N      12  --  D5 pass G9
J4  : T 119.27c W 100.00c S  19.29c (+75.8 L +75.7) LCB  112.65c P  5.00% WF  93.7 PSV      58 N      12  --  J4 pass H1
F5  : T 119.18c W 100.00c S  19.24c (+75.9 L +75.8) LCB  112.73c P  4.55% WF 109.2 PSV      50 N      14  --  F5 pass G9
C3  : T 119.03c W 100.00c S  19.05c (+75.8 L +75.7) LCB  112.39c P  4.61% WF 101.4 PSV      46 N      13  --  C3 pass G9

2026-07-16 22:02:18+0100: = G9
2026-07-16 22:02:19+0100: Controller: play W C1
2026-07-16 22:02:19+0100: = 
2026-07-16 22:02:19+0100: Controller: genmove B
2026-07-16 22:02:21+0100: MoveNum: 82 HASH: AF115D749F2EB80D8070013237637D50
   A B C D E F G H J
 9 O O . O . O X2. X
 8 . O O X O O O X .
 7 O X X X X O O X X
 6 . X O X . X O O X
 5 O X O . X . X X X
 4 @ O X X O X O O .
 3 O X . X O X X X X
 2 . X X O O O X O .
 1 X X O3. O1O O . O

koPOSITIONALscoreAREAtaxNONEsui1komi7.5
Time taken: 1.66931
Root visits: 206
New playouts: 197
NN rows: 190
NN batches: 64
NN avg batch size: 2.96875
PV: A4 H9 A6 G9
Tree:
: T 121.77c W 100.00c S  21.57c (+75.5 L +75.3) N     206  --  A4 H9 A6 G9
---Black(^)---
A4  : T 122.76c W 100.00c S  22.83c (+76.1 L +76.2) LCB  121.29c P 13.68% WF 420.6 PSV     652 N      53  --  A4 H9 A6 G9
E9  : T 121.18c W 100.00c S  21.08c (+75.1 L +74.6) LCB  118.53c P 29.25% WF 296.7 PSV     228 N      38  --  E9 pass D1 pass
A6  : T 121.22c W 100.00c S  21.05c (+75.2 L +75.1) LCB  117.11c P 10.98% WF 186.1 PSV      87 N      24  --  A6 pass A4
J2  : T 121.99c W 100.00c S  21.27c (+75.6 L +75.2) LCB  116.03c P  6.90% WF 132.8 PSV      87 N      17  --  J2 pass D1
D5  : T 121.85c W 100.00c S  21.76c (+75.5 L +75.5) LCB  119.24c P  7.08% WF 211.6 PSV      80 N      27  --  D5 pass E9 pass
H9  : T 122.68c W 100.00c S  21.74c (+75.5 L +74.8) LCB  114.83c P  9.54% WF  78.5 PSV      79 N      10  --  H9 A2 A4
J8  : T 121.63c W 100.00c S  20.75c (+75.1 L +75.0) LCB  115.34c P  4.16% WF 108.8 PSV      41 N      14  --  J8 pass E9
E6  : T 121.62c W 100.00c S  21.18c (+75.3 L +75.2) LCB  115.44c P  3.43% WF 109.0 PSV      33 N      14  --  E6 pass E9
J4  : T 117.97c W 100.00c S  18.65c (+74.0 L +74.2) LCB   42.53c P  5.58% WF  22.6 PSV      17 N       3  --  J4 A2
F5  : T 118.49c W 100.00c S  19.03c (+74.1 L +74.4) LCB   43.07c P  4.77% WF  22.6 PSV      16 N       3  --  F5 A2

2026-07-16 22:02:21+0100: = A4
2026-07-16 22:02:23+0100: Controller: play W H9
2026-07-16 22:02:23+0100: = 
2026-07-16 22:02:23+0100: Controller: genmove B
2026-07-16 22:02:25+0100: MoveNum: 84 HASH: 2280AAA44EAE86D8799C01D7B3D57782
   A B C D E F G H J
 9 O O . O . O . O3X
 8 . O O X O O O X .
 7 O X X X X O O X X
 6 . X O X . X O O X
 5 O X O . X . X X X
 4 X2. X X O X O O .
 3 O X . X O X X X X
 2 . X X O O O X O .
 1 X X O1@ O O O . O

koPOSITIONALscoreAREAtaxNONEsui1komi7.5
Time taken: 1.34139
Root visits: 205
New playouts: 191
NN rows: 165
NN batches: 56
NN avg batch size: 2.94643
PV: D1 J8 A6 A8
Tree:
: T 121.65c W 100.00c S  21.86c (+75.9 L +75.7) N     205  --  D1 J8 A6 A8
---Black(^)---
D1  : T 122.11c W 100.00c S  22.17c (+76.1 L +76.2) LCB  119.70c P 13.55% WF 252.0 PSV     345 N      32  --  D1 J8 A6 A8
A6  : T 121.01c W 100.00c S  21.19c (+75.4 L +74.7) LCB  117.50c P 20.14% WF 186.6 PSV     165 N      24  --  A6 pass G9 pass
A2  : T 122.03c W 100.00c S  22.14c (+76.0 L +75.2) LCB  117.74c P  8.84% WF 165.2 PSV     151 N      21  --  A2 pass A6
J8  : T 121.37c W 100.00c S  21.64c (+75.9 L +75.8) LCB  116.71c P 11.36% WF 157.0 PSV     114 N      20  --  J8 pass A6
C3  : T 122.00c W 100.00c S  22.22c (+76.1 L +76.3) LCB  118.19c P  5.63% WF 134.0 PSV      92 N      17  --  C3 B4 D5
B4  : T 121.41c W 100.00c S  21.62c (+75.6 L +75.2) LCB  117.40c P  8.84% WF 140.6 PSV      91 N      18  --  B4 pass G9
J2  : T 121.60c W 100.00c S  21.58c (+75.9 L +75.7) LCB  116.98c P  7.42% WF 149.1 PSV      87 N      19  --  J2 H1 D1 B4
J4  : T 121.39c W 100.00c S  21.80c (+75.8 L +75.7) LCB  116.90c P  7.82% WF 117.7 PSV      79 N      15  --  J4 pass A6
D5  : T 121.45c W 100.00c S  21.86c (+75.8 L +75.7) LCB  117.13c P  6.63% WF 117.6 PSV      70 N      15  --  D5 pass A6
F5  : T 121.62c W 100.00c S  21.97c (+75.9 L +75.9) LCB  116.11c P  5.66% WF 102.1 PSV      67 N      13  --  F5 pass A6

2026-07-16 22:02:25+0100: = D1
2026-07-16 22:02:29+0100: Controller: play W J8
2026-07-16 22:02:29+0100: = 
2026-07-16 22:02:29+0100: Controller: genmove B
2026-07-16 22:02:31+0100: MoveNum: 86 HASH: 51DA0113164DE145EC263ED71BA29C74
   A B C D E F G H J
 9 O O . O . O . O1.
 8 . O O X O O O X O3
 7 O X X X X O O X X
 6 . X O X . X O O X
 5 O X O . X . X X X
 4 X . X X O X O O .
 3 O X . X O X X X X
 2 . X X O O O X O .
 1 X X . X2O O O @ O

koPOSITIONALscoreAREAtaxNONEsui1komi7.5
Time taken: 1.72365
Root visits: 206
New playouts: 196
NN rows: 180
NN batches: 62
NN avg batch size: 2.90323
PV: H1 B4 A6 pass
Tree:
: T 122.26c W 100.00c S  22.30c (+76.1 L +75.7) N     206  --  H1 B4 A6 pass
---Black(^)---
H1  : T 122.81c W 100.00c S  22.67c (+76.3 L +75.8) LCB  120.55c P 19.92% WF 244.9 PSV     244 N      31  --  H1 B4 A6 pass
C1  : T 122.66c W 100.00c S  22.65c (+76.3 L +76.0) LCB  119.87c P  8.55% WF 189.3 PSV      94 N      24  --  C1 B4 H1 A6
J4  : T 122.57c W 100.00c S  22.55c (+76.2 L +76.2) LCB  119.86c P  8.92% WF 165.4 PSV      92 N      21  --  J4 pass D5
A6  : T 121.31c W 100.00c S  21.52c (+75.5 L +74.8) LCB  117.11c P 15.27% WF 139.5 PSV      86 N      18  --  A6 A8 C9 pass
A2  : T 122.11c W 100.00c S  22.29c (+76.0 L +75.2) LCB  118.42c P  9.20% WF 156.1 PSV      73 N      20  --  A2 pass A6
F5  : T 122.29c W 100.00c S  22.53c (+76.2 L +76.3) LCB  119.84c P  7.05% WF 172.6 PSV      61 N      22  --  F5 pass A6
B4  : T 121.89c W 100.00c S  22.01c (+75.8 L +74.9) LCB  116.82c P  8.04% WF 108.9 PSV      57 N      14  --  B4 pass A6
J2  : T 122.52c W 100.00c S  22.38c (+76.3 L +75.8) LCB  118.11c P  5.63% WF 149.7 PSV      56 N      19  --  J2 B4 H1 pass
D5  : T 122.03c W 100.00c S  22.15c (+75.9 L +75.5) LCB  117.07c P  7.25% WF 109.5 PSV      55 N      14  --  D5 pass A6
E6  : T 121.83c W 100.00c S  21.99c (+76.0 L +75.8) LCB  115.02c P  4.68% WF  93.7 PSV      32 N      12  --  E6 B4 H1

2026-07-16 22:02:31+0100: = H1
2026-07-16 22:02:38+0100: Controller: play W G1
2026-07-16 22:02:38+0100: = 
2026-07-16 22:02:38+0100: Controller: genmove B
2026-07-16 22:02:40+0100: MoveNum: 88 HASH: 7B25DD545CEC36DE699E124D71788F4F
   A B C D E F G H J
 9 O O . O . O . O @
 8 . O O X O O O X O1
 7 O X X X X O O X X
 6 . X O X . X O O X
 5 O X O . X . X X X
 4 X . X X . X O O .
 3 O X . X . X X X X
 2 . X X . . . X O .
 1 X X . X . . O3.2O

koPOSITIONALscoreAREAtaxNONEsui1komi7.5
Time taken: 1.97842
Root visits: 206
New playouts: 205
NN rows: 200
NN batches: 68
NN avg batch size: 2.94118
PV: J9 B4 G9 pass
Tree:
: T 118.37c W 100.00c S  18.29c (+76.2 L +75.4) N     206  --  J9 B4 G9 pass
---Black(^)---
J9  : T 118.07c W 100.00c S  18.14c (+76.1 L +75.7) LCB  113.86c P 17.12% WF 218.4 PSV     219 N      28  --  J9 B4 G9 pass
J4  : T 118.36c W 100.00c S  18.58c (+76.3 L +75.8) LCB  112.28c P  6.57% WF 109.7 PSV     106 N      14  --  J4 B4 F1
A6  : T 118.08c W 100.00c S  17.95c (+76.0 L +74.9) LCB  109.80c P 10.30% WF 101.1 PSV     102 N      13  --  A6 pass J4
D5  : T 118.37c W 100.00c S  18.46c (+76.2 L +75.2) LCB  110.50c P  5.19% WF  93.9 PSV      84 N      12  --  D5 pass A6
F1  : T 117.56c W 100.00c S  17.45c (+75.9 L +75.2) LCB  108.20c P  8.97% WF  92.8 PSV      83 N      12  --  F1 pass J9
A2  : T 118.16c W 100.00c S  18.03c (+76.1 L +74.8) LCB  109.16c P  6.01% WF  93.4 PSV      82 N      12  --  A2 pass A6
F5  : T 118.45c W 100.00c S  18.39c (+76.3 L +75.7) LCB  110.62c P  4.47% WF  93.7 PSV      79 N      12  --  F5 pass A6
D2  : T 118.54c W 100.00c S  18.70c (+76.3 L +75.3) LCB  110.08c P  4.29% WF  78.0 PSV      78 N      10  --  D2 B4 A6
J2  : T 117.91c W 100.00c S  17.84c (+76.0 L +75.3) LCB  109.61c P  6.23% WF  93.4 PSV      71 N      12  --  J2 pass J9
F2  : T 120.10c W 100.00c S  19.89c (+77.0 L +76.0) LCB  108.19c P  2.54% WF  71.4 PSV      71 N       9  --  F2 pass J9

2026-07-16 22:02:40+0100: = J9
2026-07-16 22:02:46+0100: Controller: play W B4
2026-07-16 22:02:46+0100: = 
2026-07-16 22:02:46+0100: Controller: genmove B
2026-07-16 22:02:47+0100: MoveNum: 90 HASH: 9C55066A24619555E828DF26E2742282
   A B C D E F G H J
 9 O O . O . O @ O X2
 8 . O O X O O O X .
 7 O X X X X O O X X
 6 . X O X . X O O X
 5 O X O . X . X X X
 4 . O3X X . X O O .
 3 O X . X . X X X X
 2 . X X . . . X O .
 1 X X . X . . O1. O

koPOSITIONALscoreAREAtaxNONEsui1komi7.5
Time taken: 1.57525
Root visits: 205
New playouts: 194
NN rows: 186
NN batches: 64
NN avg batch size: 2.90625
PV: G9 E2 E9 pass
Tree:
: T 122.60c W 100.00c S  22.53c (+75.9 L +75.3) N     205  --  G9 E2 E9 pass
---Black(^)---
G9  : T 122.97c W 100.00c S  23.00c (+76.1 L +75.8) LCB  120.76c P 16.07% WF 276.1 PSV     275 N      35  --  G9 E2 E9 pass
F1  : T 123.09c W 100.00c S  22.99c (+76.3 L +75.6) LCB  118.01c P  7.16% WF 134.4 PSV     134 N      17  --  F1 pass G9 pass
J8  : T 122.14c W 100.00c S  22.13c (+75.9 L +75.2) LCB  115.71c P 10.45% WF 133.1 PSV      97 N      17  --  J8 pass D5
A2  : T 122.51c W 100.00c S  22.56c (+75.9 L +75.2) LCB  117.03c P  6.64% WF 117.9 PSV      77 N      15  --  A2 pass G9 E2
A6  : T 121.19c W 100.00c S  21.18c (+75.1 L +74.5) LCB  114.08c P 12.51% WF 100.9 PSV      76 N      13  --  A6 pass F1
J4  : T 122.24c W 100.00c S  22.25c (+75.7 L +75.2) LCB  114.22c P  5.81% WF  86.3 PSV      57 N      11  --  J4 pass G9
E2  : T 124.94c W 100.00c S  24.29c (+77.0 L +76.0) LCB  110.35c P  2.38% WF  56.0 PSV      56 N       7  --  E2 pass G9
D5  : T 122.18c W 100.00c S  22.17c (+75.6 L +74.9) LCB  114.93c P  5.68% WF  93.9 PSV      54 N      12  --  D5 pass G9
J2  : T 122.17c W 100.00c S  22.08c (+75.7 L +75.0) LCB  112.58c P  5.54% WF  78.4 PSV      52 N      10  --  J2 pass G9
E4  : T 125.47c W 100.00c S  24.93c (+77.4 L +75.8) LCB  105.84c P  3.13% WF  48.1 PSV      48 N       6  --  E4 pass

2026-07-16 22:02:47+0100: = G9
2026-07-16 22:02:53+0100: Controller: play W E3
2026-07-16 22:02:53+0100: = 
2026-07-16 22:02:53+0100: Controller: genmove B
2026-07-16 22:02:55+0100: MoveNum: 92 HASH: B2F9FF162D3CD54FC5AD3C3FCB2CFFBB
   A B C D E F G H J
 9 O O . O . O X2. X
 8 . O O X O O O X .
 7 O X X X X O O X X
 6 . X O X . X O O X
 5 O X O . X . X X X
 4 . O1X X . X O O .
 3 O X . X O3X X X X
 2 . X X . @ . X O .
 1 X X . X . . O . O

koPOSITIONALscoreAREAtaxNONEsui1komi7.5
Time taken: 2.17476
Root visits: 205
New playouts: 204
NN rows: 198
NN batches: 68
NN avg batch size: 2.91176
PV: E2 H9 J4
Tree:
: T 118.82c W 100.00c S  18.57c (+76.4 L +76.0) N     205  --  E2 H9 J4
---Black(^)---
E2  : T 119.35c W 100.00c S  19.49c (+76.8 L +76.6) LCB  116.13c P  5.94% WF 189.0 PSV     303 N      24  --  E2 H9 J4
F1  : T 119.57c W 100.00c S  19.54c (+76.9 L +76.6) LCB  115.67c P  4.78% WF 220.9 PSV     219 N      28  --  F1 pass E9 pass
E9  : T 117.13c W 100.00c S  17.04c (+75.6 L +75.0) LCB  111.27c P 20.38% WF 130.8 PSV     123 N      17  --  E9 pass E2
A4  : T 119.64c W 100.00c S  19.38c (+76.8 L +76.3) LCB  113.99c P  6.97% WF 118.4 PSV     118 N      15  --  A4 H9 A6 pass
A6  : T 117.93c W 100.00c S  17.64c (+75.9 L +75.5) LCB  108.92c P  8.96% WF  85.0 PSV      75 N      11  --  A6 pass A4
A2  : T 118.89c W 100.00c S  18.65c (+76.4 L +76.1) LCB  111.67c P  4.59% WF  93.6 PSV      74 N      12  --  A2 pass E9
H9  : T 118.00c W 100.00c S  17.81c (+76.0 L +75.3) LCB  109.27c P  8.41% WF  85.0 PSV      73 N      11  --  H9 pass E9
E6  : T 120.40c W 100.00c S  19.68c (+76.9 L +76.2) LCB  110.71c P  2.80% WF  71.1 PSV      71 N       9  --  E6 pass E9
E4  : T 118.97c W 100.00c S  18.57c (+76.3 L +75.7) LCB  113.04c P  3.95% WF 109.5 PSV      69 N      14  --  E4 pass E9 pass
D5  : T 118.83c W 100.00c S  18.71c (+76.4 L +76.0) LCB  111.97c P  4.30% WF  93.9 PSV      65 N      12  --  D5 pass E2

2026-07-16 22:02:55+0100: = E2
2026-07-16 22:02:59+0100: Controller: play W H9
2026-07-16 22:02:59+0100: = 
2026-07-16 22:02:59+0100: Controller: genmove B
2026-07-16 22:03:01+0100: MoveNum: 94 HASH: E7EB3E38452370033A2D43BC2F6E94AA
   A B C D E F G H J
 9 O O . O . O . O3X
 8 . O O X O O O X .
 7 O X X X X O O X X
 6 . X O X . X O O X
 5 O X O . X . X X X
 4 @ O X X . X O O .
 3 O X . X O1X X X X
 2 . X X . X2. X O .
 1 X X . X . . O . O

koPOSITIONALscoreAREAtaxNONEsui1komi7.5
Time taken: 1.89266
Root visits: 206
New playouts: 198
NN rows: 188
NN batches: 64
NN avg batch size: 2.9375
PV: A4 J8 A6 pass
Tree:
: T 122.66c W 100.00c S  22.76c (+76.4 L +75.8) N     206  --  A4 J8 A6 pass
---Black(^)---
A4  : T 122.73c W 100.00c S  22.80c (+76.4 L +76.0) LCB  119.82c P 11.54% WF 212.2 PSV     260 N      27  --  A4 J8 A6 pass
J8  : T 122.26c W 100.00c S  22.28c (+76.3 L +75.7) LCB  115.99c P 10.96% WF 125.6 PSV     126 N      16  --  J8 pass J4
A2  : T 122.53c W 100.00c S  22.70c (+76.4 L +75.9) LCB  117.49c P  8.13% WF 118.0 PSV     119 N      15  --  A2 pass G9
J2  : T 123.19c W 100.00c S  23.26c (+76.7 L +76.1) LCB  118.48c P  4.90% WF 118.9 PSV     119 N      15  --  J2 J8 J4
A6  : T 121.77c W 100.00c S  21.83c (+75.8 L +75.3) LCB  116.44c P 13.85% WF 117.0 PSV     118 N      15  --  A6 pass G9
F1  : T 122.32c W 100.00c S  22.46c (+76.2 L +75.5) LCB  117.38c P  8.62% WF 132.8 PSV     109 N      17  --  F1 J8 J2
F2  : T 122.96c W 100.00c S  23.35c (+76.8 L +76.1) LCB  117.76c P  4.46% WF 102.2 PSV     102 N      13  --  F2 J8 J2
J4  : T 122.52c W 100.00c S  22.72c (+76.4 L +75.9) LCB  117.09c P  6.28% WF 110.2 PSV      93 N      14  --  J4 pass G9
E4  : T 122.62c W 100.00c S  22.65c (+76.3 L +75.4) LCB  115.01c P  5.50% WF  86.3 PSV      87 N      11  --  E4 pass G9
E1  : T 122.85c W 100.00c S  23.02c (+76.6 L +75.8) LCB  116.26c P  3.72% WF  94.2 PSV      79 N      12  --  E1 J8 A6

2026-07-16 22:03:01+0100: = A4
2026-07-16 22:03:10+0100: Controller: play W J8
2026-07-16 22:03:10+0100: = 
2026-07-16 22:03:10+0100: Controller: genmove B
2026-07-16 22:03:12+0100: MoveNum: 96 HASH: 009BE5063DAED388BB9B8ED7BC623967
   A B C D E F G H J
 9 O O . O . O . O1.
 8 . O O X O O O X O3
 7 O X X X X O O X X
 6 @ X O X . X O O X
 5 O X O . X . X X X
 4 X2. X X . X O O .
 3 O X . X O X X X X
 2 . X X . X . X O .
 1 X X . X . . O . O

koPOSITIONALscoreAREAtaxNONEsui1komi7.5
Time taken: 1.8523
Root visits: 206
New playouts: 195
NN rows: 182
NN batches: 62
NN avg batch size: 2.93548
PV: A6 pass D5
Tree:
: T 122.77c W 100.00c S  22.86c (+76.3 L +75.5) N     206  --  A6 pass D5
---Black(^)---
A6  : T 122.52c W 100.00c S  22.63c (+76.1 L +75.3) LCB  119.41c P 17.74% WF 195.3 PSV     196 N      25  --  A6 pass D5
A2  : T 122.91c W 100.00c S  23.03c (+76.3 L +75.4) LCB  119.21c P  8.41% WF 157.1 PSV     126 N      20  --  A2 pass A6
E4  : T 123.23c W 100.00c S  23.45c (+76.6 L +75.7) LCB  119.20c P  5.91% WF 126.2 PSV     126 N      16  --  E4 B4 A6
F1  : T 122.81c W 100.00c S  22.94c (+76.3 L +75.3) LCB  117.05c P  8.33% WF 109.7 PSV     110 N      14  --  F1 pass B4
J4  : T 122.70c W 100.00c S  22.94c (+76.3 L +75.9) LCB  118.39c P  8.65% WF 125.8 PSV     109 N      16  --  J4 pass A6
J2  : T 122.98c W 100.00c S  23.03c (+76.4 L +75.7) LCB  118.18c P  5.43% WF 118.4 PSV      87 N      15  --  J2 pass A6
B4  : T 122.55c W 100.00c S  22.68c (+76.1 L +75.2) LCB  117.10c P  7.52% WF 109.4 PSV      85 N      14  --  B4 pass A6
F5  : T 122.89c W 100.00c S  23.16c (+76.5 L +75.9) LCB  118.71c P  5.32% WF 126.1 PSV      78 N      16  --  F5 pass A6
F2  : T 122.72c W 100.00c S  22.85c (+76.2 L +75.2) LCB  114.55c P  5.42% WF  78.2 PSV      69 N      10  --  F2 B4 F1
D5  : T 122.42c W 100.00c S  22.44c (+76.0 L +75.0) LCB  114.69c P  6.53% WF  93.9 PSV      68 N      12  --  D5 pass A6

2026-07-16 22:03:12+0100: = A6
2026-07-16 22:03:14+0100: Controller: play W F2
2026-07-16 22:03:14+0100: = 
2026-07-16 22:03:14+0100: Controller: genmove B
2026-07-16 22:03:16+0100: MoveNum: 98 HASH: 9A9391683FFA34D607BA0290FECF5EAE
   A B C D E F G H J
 9 O O . O . O . O @
 8 . O O X O O O X O1
 7 O X X X X O O X X
 6 X2X O X . X O O X
 5 . X O . X . X X X
 4 X . X X . X O O .
 3 O X . X O X X X X
 2 . X X . X O3X O .
 1 X X . X . . O . O

koPOSITIONALscoreAREAtaxNONEsui1komi7.5
Time taken: 2.03812
Root visits: 205
New playouts: 204
NN rows: 198
NN batches: 68
NN avg batch size: 2.91176
PV: J9 E1 G9 D2
Tree:
: T 117.62c W 100.00c S  17.61c (+76.2 L +75.4) N     205  --  J9 E1 G9 D2
---Black(^)---
J9  : T 117.64c W 100.00c S  17.60c (+76.1 L +75.6) LCB  114.66c P 17.19% WF 202.6 PSV     226 N      26  --  J9 E1 G9 D2
F1  : T 117.03c W 100.00c S  17.03c (+75.9 L +75.0) LCB  111.25c P 13.52% WF 146.6 PSV     112 N      19  --  F1 A8 C9 pass
A8  : T 117.08c W 100.00c S  17.00c (+75.9 L +75.3) LCB  112.18c P 13.02% WF 146.7 PSV     111 N      19  --  A8 pass C9 pass
J4  : T 118.04c W 100.00c S  18.07c (+76.4 L +75.7) LCB  113.25c P  5.69% WF 141.0 PSV      93 N      18  --  J4 pass D5
E1  : T 117.42c W 100.00c S  17.51c (+76.1 L +75.4) LCB  111.93c P  7.45% WF 131.5 PSV      76 N      17  --  E1 A8 C9 pass
E4  : T 117.43c W 100.00c S  17.48c (+76.1 L +75.3) LCB  112.68c P  7.34% WF 155.3 PSV      75 N      20  --  E4 A8 C9 pass
D5  : T 117.73c W 100.00c S  17.75c (+76.2 L +75.2) LCB  108.77c P  5.73% WF  78.2 PSV      72 N      10  --  D5 A8 C9 pass
J2  : T 117.61c W 100.00c S  17.58c (+76.2 L +75.3) LCB  111.38c P  5.61% WF 124.4 PSV      64 N      16  --  J2 pass E4
A2  : T 117.46c W 100.00c S  17.64c (+76.2 L +75.3) LCB  110.16c P  6.12% WF  93.3 PSV      64 N      12  --  A2 A8 C9
D2  : T 117.53c W 100.00c S  17.41c (+76.1 L +74.9) LCB  110.22c P  5.69% WF 108.5 PSV      62 N      14  --  D2 pass J2

2026-07-16 22:03:16+0100: = J9
2026-07-16 22:03:20+0100: Controller: play W E1
2026-07-16 22:03:20+0100: = 
2026-07-16 22:03:20+0100: Controller: genmove B
2026-07-16 22:03:22+0100: MoveNum: 100 HASH: E831943205029D7B5E2BABA6A238D903
   A B C D E F G H J
 9 O O . O . O @ O X2
 8 . O O X O O O X .
 7 O X X X X O O X X
 6 X X O X . X O O X
 5 . X O . X . X X X
 4 X . X X . X O O .
 3 O X . X O X X X X
 2 . X X . X O1X O .
 1 X X . X O3. O . O

koPOSITIONALscoreAREAtaxNONEsui1komi7.5
Time taken: 1.75838
Root visits: 205
New playouts: 196
NN rows: 187
NN batches: 63
NN avg batch size: 2.96825
PV: G9 D2 E9 pass
Tree:
: T 122.68c W 100.00c S  22.78c (+75.6 L +75.2) N     205  --  G9 D2 E9 pass
---Black(^)---
G9  : T 122.92c W 100.00c S  22.85c (+75.6 L +75.4) LCB  121.02c P 19.49% WF 235.7 PSV     409 N      30  --  G9 D2 E9 pass
F1  : T 122.85c W 100.00c S  23.01c (+75.8 L +75.3) LCB  120.05c P 16.13% WF 258.5 PSV     258 N      33  --  F1 pass G9 A8
J2  : T 123.16c W 100.00c S  23.20c (+75.9 L +75.3) LCB  119.83c P  4.55% WF 157.8 PSV     106 N      20  --  J2 D2 G9 C1
A8  : T 122.15c W 100.00c S  22.28c (+75.3 L +75.0) LCB  118.51c P 11.12% WF 155.9 PSV     105 N      20  --  A8 D2 C9 pass
D2  : T 122.19c W 100.00c S  22.41c (+75.5 L +75.2) LCB  117.84c P  9.70% WF 139.7 PSV      94 N      18  --  D2 pass G9
E4  : T 122.18c W 100.00c S  22.54c (+75.5 L +74.8) LCB  117.50c P  6.98% WF 132.5 PSV      67 N      17  --  E4 pass G9 A8
J4  : T 122.74c W 100.00c S  22.93c (+75.7 L +75.5) LCB  117.83c P  4.35% WF 110.0 PSV      63 N      14  --  J4 D2 J8
J8  : T 121.94c W 100.00c S  22.18c (+75.2 L +74.8) LCB  114.91c P  7.08% WF  85.9 PSV      59 N      11  --  J8 D2 J2
C1  : T 124.59c W 100.00c S  24.04c (+76.5 L +75.2) LCB  109.75c P  3.43% WF  55.6 PSV      56 N       7  --  C1 pass G9
D5  : T 122.55c W 100.00c S  22.74c (+75.6 L +75.0) LCB  115.24c P  4.18% WF  86.3 PSV      51 N      11  --  D5 D2 G9

2026-07-16 22:03:22+0100: = G9
2026-07-16 22:03:24+0100: Controller: play W D2
2026-07-16 22:03:24+0100: = 
2026-07-16 22:03:24+0100: Controller: genmove B
2026-07-16 22:03:25+0100: MoveNum: 102 HASH: 0119FED7B8AAF68A1ED689235412CDEB
   A B C D E F G H J
 9 O O . O @ O X2. X
 8 . O O X O O O X .
 7 O X X X X O O X X
 6 X X O X . X O O X
 5 . X O . X . X X X
 4 X . X X . X O O .
 3 O X . X O X X X X
 2 . X X O3. O X O .
 1 X X . X O1. O . O

koPOSITIONALscoreAREAtaxNONEsui1komi7.5
Time taken: 1.67178
Root visits: 205
New playouts: 195
NN rows: 178
NN batches: 61
NN avg batch size: 2.91803
PV: A8 H9 C9 pass
Tree:
: T 121.88c W 100.00c S  21.89c (+75.3 L +75.0) N     205  --  A8 H9 C9 pass
---Black(^)---
A8  : T 121.81c W 100.00c S  21.84c (+75.3 L +75.2) LCB  118.98c P  9.60% WF 171.9 PSV     294 N      22  --  A8 H9 C9 pass
E9  : T 121.24c W 100.00c S  21.36c (+74.9 L +74.7) LCB  118.82c P 28.38% WF 264.2 PSV     266 N      34  --  E9 pass E2 pass
E4  : T 122.08c W 100.00c S  22.10c (+75.4 L +75.0) LCB  118.40c P  7.37% WF 133.3 PSV     134 N      17  --  E4 pass E9 pass
H9  : T 121.47c W 100.00c S  21.56c (+75.1 L +74.8) LCB  118.37c P 11.99% WF 171.1 PSV     130 N      22  --  H9 pass E2
C1  : T 121.79c W 100.00c S  21.99c (+75.4 L +75.0) LCB  117.22c P  7.69% WF 125.3 PSV     106 N      16  --  C1 H9 E4
J2  : T 122.01c W 100.00c S  22.08c (+75.4 L +75.1) LCB  118.38c P  6.15% WF 148.9 PSV     105 N      19  --  J2 pass E2
A2  : T 122.08c W 100.00c S  22.07c (+75.5 L +75.1) LCB  116.53c P  4.31% WF 102.1 PSV      80 N      13  --  A2 H9 E2
D5  : T 121.86c W 100.00c S  21.63c (+75.2 L +74.7) LCB  114.61c P  4.93% WF  93.8 PSV      72 N      12  --  D5 pass E2
J4  : T 121.79c W 100.00c S  21.99c (+75.4 L +75.1) LCB  115.23c P  4.85% WF  93.9 PSV      67 N      12  --  J4 pass E2
J8  : T 121.75c W 100.00c S  21.49c (+75.3 L +74.8) LCB  114.70c P  4.82% WF 101.4 PSV      64 N      13  --  J8 pass E2

2026-07-16 22:03:25+0100: = E9
2026-07-16 22:03:29+0100: Controller: play W C1
2026-07-16 22:03:29+0100: = 
2026-07-16 22:03:29+0100: Controller: genmove B
2026-07-16 22:03:31+0100: MoveNum: 104 HASH: B63A47DF6A52DF86CCC265A1443DC9B5
   A B C D E F G H J
 9 O O @ O X2. X . X
 8 . O O X . . . X .
 7 O X X X X . . X X
 6 X X O X . X . . X
 5 . X O . X . X X X
 4 X . X X . X O O .
 3 O X . X O X X X X
 2 . X X O1. O X O .
 1 X X O3. O . O . O

koPOSITIONALscoreAREAtaxNONEsui1komi7.5
Time taken: 1.86415
Root visits: 205
New playouts: 201
NN rows: 199
NN batches: 68
NN avg batch size: 2.92647
PV: C9 pass A8 pass
Tree:
: T 123.05c W 100.00c S  23.03c (+75.7 L +75.0) N     205  --  C9 pass A8 pass
---Black(^)---
C9  : T 122.95c W 100.00c S  23.11c (+75.6 L +75.1) LCB  119.37c P 11.91% WF 164.5 PSV     204 N      21  --  C9 pass A8 pass
A8  : T 122.78c W 100.00c S  22.79c (+75.5 L +75.0) LCB  116.85c P 10.00% WF 117.1 PSV     118 N      15  --  A8 pass C9
J2  : T 122.91c W 100.00c S  22.85c (+75.5 L +74.9) LCB  116.85c P  7.70% WF 109.6 PSV     103 N      14  --  J2 pass C9
F7  : T 123.75c W 100.00c S  23.73c (+76.0 L +75.1) LCB  117.08c P  3.32% WF  94.9 PSV      95 N      12  --  F7 pass C9
F8  : T 123.64c W 100.00c S  23.63c (+76.1 L +75.3) LCB  116.36c P  3.32% WF  94.5 PSV      95 N      12  --  F8 pass A8
E8  : T 123.13c W 100.00c S  23.12c (+75.8 L +75.0) LCB  116.75c P  5.61% WF 109.7 PSV      91 N      14  --  E8 pass A8
E4  : T 122.48c W 100.00c S  22.45c (+75.3 L +74.7) LCB  115.84c P  8.97% WF 101.3 PSV      89 N      13  --  E4 pass C9
F9  : T 122.94c W 100.00c S  22.94c (+75.7 L +75.0) LCB  114.92c P  6.21% WF  93.8 PSV      85 N      12  --  F9 pass C9
G7  : T 124.05c W 100.00c S  23.94c (+76.2 L +75.4) LCB  113.82c P  2.33% WF  71.2 PSV      71 N       9  --  G7 pass C9
G6  : T 123.44c W 100.00c S  23.42c (+76.0 L +75.3) LCB  114.17c P  3.02% WF  78.6 PSV      70 N      10  --  G6 pass C9

2026-07-16 22:03:31+0100: = C9
2026-07-16 22:03:34+0100: Controller: play W G8
2026-07-16 22:03:34+0100: = 
2026-07-16 22:03:34+0100: Controller: genmove B
2026-07-16 22:03:36+0100: MoveNum: 106 HASH: 95DC6246514F019F4FFA8748DB132BBE
   A B C D E F G H J
 9 O O X2. X . X . X
 8 . O O X . @ O3X .
 7 O X X X X . . X X
 6 X X O X . X . . X
 5 . X O . X . X X X
 4 X . X X . X O O .
 3 O X . X O X X X X
 2 . X X O . O X O .
 1 X X O1. O . O . O

koPOSITIONALscoreAREAtaxNONEsui1komi7.5
Time taken: 2.208
Root visits: 205
New playouts: 204
NN rows: 193
NN batches: 67
NN avg batch size: 2.8806
PV: F8 pass A8 pass
Tree:
: T 119.42c W 100.00c S  19.22c (+75.7 L +75.2) N     205  --  F8 pass A8 pass
---Black(^)---
F8  : T 120.94c W 100.00c S  20.76c (+76.5 L +75.7) LCB  116.54c P  8.24% WF 189.8 PSV     188 N      24  --  F8 pass A8 pass
A8  : T 119.16c W 100.00c S  19.18c (+75.7 L +75.1) LCB  114.34c P 15.16% WF 179.0 PSV     105 N      23  --  A8 pass D1 E2
A2  : T 121.60c W 100.00c S  20.67c (+76.4 L +75.5) LCB  115.70c P  3.37% WF  95.7 PSV      95 N      12  --  A2 pass A8
D1  : T 119.10c W 100.00c S  19.26c (+75.7 L +75.5) LCB  115.20c P 10.52% WF 147.7 PSV      71 N      19  --  D1 F8 E2
D9  : T 119.22c W 100.00c S  19.10c (+75.7 L +75.0) LCB  112.45c P  7.72% WF 124.0 PSV      55 N      16  --  D9 pass E4
J8  : T 121.53c W 100.00c S  20.23c (+76.3 L +75.4) LCB  101.49c P  2.61% WF  47.3 PSV      47 N       6  --  J8 pass A8
F9  : T 118.93c W 100.00c S  18.75c (+75.7 L +75.1) LCB  109.77c P  6.11% WF 108.2 PSV      38 N      14  --  F9 pass A8
J2  : T 118.93c W 100.00c S  18.82c (+75.5 L +75.1) LCB  110.92c P  5.33% WF 100.9 PSV      34 N      13  --  J2 pass H1
E4  : T 118.92c W 100.00c S  18.83c (+75.5 L +75.2) LCB  109.43c P  5.48% WF  77.5 PSV      34 N      10  --  E4 pass E2
G7  : T 119.20c W 100.00c S  19.08c (+75.7 L +75.3) LCB  110.59c P  4.27% WF 101.1 PSV      30 N      13  --  G7 pass D1

2026-07-16 22:03:36+0100: = F8
2026-07-16 22:03:38+0100: Controller: play W D9
2026-07-16 22:03:38+0100: = 
2026-07-16 22:03:38+0100: Controller: genmove B
2026-07-16 22:03:40+0100: MoveNum: 108 HASH: A6810AC30FF5D1DDB7FE0BC7866581E2
   A B C D E F G H J
 9 O O . O3X . X . X
 8 @ O O X . X2O1X .
 7 O X X X X . . X X
 6 X X O X . X . . X
 5 . X O . X . X X X
 4 X . X X . X O O .
 3 O X . X O X X X X
 2 . X X O . O X O .
 1 X X O . O . O . O

koPOSITIONALscoreAREAtaxNONEsui1komi7.5
Time taken: 1.74648
Root visits: 205
New playouts: 204
NN rows: 193
NN batches: 66
NN avg batch size: 2.92424
PV: A8 C9 J2 pass
Tree:
: T 115.87c W 100.00c S  14.87c (+75.4 L +74.7) N     205  --  A8 C9 J2 pass
---Black(^)---
A8  : T 117.30c W 100.00c S  16.93c (+76.1 L +75.3) LCB  113.48c P 14.81% WF 306.6 PSV     303 N      39  --  A8 C9 J2 pass
E4  : T 116.64c W 100.00c S  16.46c (+75.9 L +75.1) LCB  111.04c P  9.17% WF 163.7 PSV     110 N      21  --  E4 pass A8 C9
G7  : T 115.94c W 100.00c S  15.63c (+75.6 L +74.8) LCB  110.06c P  9.28% WF 186.2 PSV      77 N      24  --  G7 pass J4 pass
D1  : T 114.43c W 100.00c S  14.52c (+75.0 L +74.8) LCB  108.69c P 14.31% WF 136.8 PSV      71 N      18  --  D1 pass E2
H9  : T 120.01c W 100.00c S  19.44c (+77.2 L +75.7) LCB  108.61c P  2.55% WF  64.1 PSV      63 N       8  --  H9 pass
F7  : T 117.38c W 100.00c S  17.01c (+76.1 L +75.1) LCB  107.06c P  2.49% WF  78.4 PSV      55 N      10  --  F7 pass D1
J2  : T 115.30c W 100.00c S  15.14c (+75.3 L +74.7) LCB  107.96c P  7.60% WF 130.7 PSV      49 N      17  --  J2 pass H1
J4  : T 115.36c W 100.00c S  15.13c (+75.4 L +74.7) LCB  107.21c P  6.36% WF 123.5 PSV      42 N      16  --  J4 pass G7 pass
G6  : T 116.80c W 100.00c S  16.13c (+75.8 L +74.9) LCB  106.01c P  2.95% WF  77.8 PSV      39 N      10  --  G6 pass A8
A2  : T 115.27c W 100.00c S  15.07c (+75.3 L +74.7) LCB  107.62c P  5.76% WF 138.6 PSV      37 N      18  --  A2 pass E4

2026-07-16 22:03:40+0100: = A8
2026-07-16 22:03:42+0100: Controller: play W G6
2026-07-16 22:03:42+0100: = 
2026-07-16 22:03:42+0100: Controller: genmove B
2026-07-16 22:03:44+0100: MoveNum: 110 HASH: 9BF79C7A6641BE625AEFC44AAB79AE6F
   A B C D E F G H J
 9 O O . O1X . X . X
 8 X2O O X . X O X .
 7 . X X X X . . X X
 6 X X O X . X O3. X
 5 . X O . X . X X X
 4 X . X X . X O O .
 3 O X . X O X X X X
 2 . X X O . O X O .
 1 X X O @ O . O . O

koPOSITIONALscoreAREAtaxNONEsui1komi7.5
Time taken: 1.83277
Root visits: 206
New playouts: 205
NN rows: 193
NN batches: 67
NN avg batch size: 2.8806
PV: D1 pass E2 A7
Tree:
: T 118.75c W 100.00c S  18.63c (+75.8 L +75.3) N     206  --  D1 pass E2 A7
---Black(^)---
D1  : T 119.05c W 100.00c S  19.07c (+75.9 L +75.5) LCB  115.41c P 11.30% WF 194.8 PSV     306 N      25  --  D1 pass E2 A7
C9  : T 118.99c W 100.00c S  18.94c (+75.9 L +75.3) LCB  114.72c P 22.05% WF 241.8 PSV     241 N      31  --  C9 pass D1 E2 E4
J4  : T 119.77c W 100.00c S  19.38c (+76.1 L +75.3) LCB  114.01c P  6.23% WF 141.4 PSV     134 N      18  --  J4 pass C9 pass
J2  : T 119.00c W 100.00c S  18.81c (+75.8 L +75.3) LCB  114.98c P  7.21% WF 186.7 PSV      79 N      24  --  J2 pass C9 E2
A7  : T 117.99c W 100.00c S  17.90c (+75.4 L +74.8) LCB  111.32c P 10.29% WF 130.5 PSV      69 N      17  --  A7 pass D1
H6  : T 119.51c W 100.00c S  19.59c (+76.3 L +75.7) LCB  114.70c P  3.92% WF 156.3 PSV      64 N      20  --  H6 pass C9 E2
G7  : T 119.12c W 100.00c S  18.99c (+75.9 L +75.5) LCB  114.36c P  5.32% WF 171.5 PSV      63 N      22  --  G7 pass C9 pass
E4  : T 118.47c W 100.00c S  18.42c (+75.6 L +75.2) LCB  111.70c P  6.89% WF 108.0 PSV      57 N      14  --  E4 pass E2
D5  : T 118.47c W 100.00c S  18.31c (+75.6 L +74.9) LCB  107.55c P  5.04% WF  77.6 PSV      41 N      10  --  D5 pass D1
A2  : T 118.42c W 100.00c S  17.99c (+75.5 L +74.9) LCB  110.64c P  4.33% WF 100.4 PSV      35 N      13  --  A2 pass D1

2026-07-16 22:03:44+0100: = D1
2026-07-16 22:03:46+0100: Controller: play W A7
2026-07-16 22:03:46+0100: = 
2026-07-16 22:03:46+0100: Controller: genmove B
2026-07-16 22:03:48+0100: MoveNum: 112 HASH: 6CDB7F0A683DBDA21DA08945D784B809
   A B C D E F G H J
 9 O O . O X . X . X
 8 . O O X . X O X .
 7 O3X X X X . . X X
 6 X X O X . X O1. X
 5 . X O . X . X X X
 4 X . X X . X O O .
 3 O X . X O X X X X
 2 . X X O @ O X O .
 1 X X . X2O . O . O

koPOSITIONALscoreAREAtaxNONEsui1komi7.5
Time taken: 1.75994
Root visits: 205
New playouts: 201
NN rows: 196
NN batches: 68
NN avg batch size: 2.88235
PV: E2 pass F1 pass
Tree:
: T 122.42c W 100.00c S  22.42c (+75.3 L +74.9) N     205  --  E2 pass F1 pass
---Black(^)---
E2  : T 122.68c W 100.00c S  22.78c (+75.4 L +75.2) LCB  120.67c P 20.43% WF 273.4 PSV     273 N      35  --  E2 pass F1 pass
C1  : T 122.59c W 100.00c S  22.70c (+75.5 L +74.8) LCB  119.23c P 11.44% WF 195.3 PSV     143 N      25  --  C1 pass E2 A8
C9  : T 122.48c W 100.00c S  22.57c (+75.4 L +75.1) LCB  119.00c P 12.28% WF 195.2 PSV     142 N      25  --  C9 pass E2 A8
F7  : T 123.58c W 100.00c S  23.39c (+75.9 L +75.2) LCB  117.85c P  2.52% WF  94.7 PSV      94 N      12  --  F7 E2 E4
G7  : T 122.66c W 100.00c S  22.48c (+75.4 L +74.7) LCB  117.39c P  6.51% WF 125.4 PSV      85 N      16  --  G7 pass E2 pass
E4  : T 122.00c W 100.00c S  22.19c (+75.2 L +74.8) LCB  116.57c P  7.14% WF 116.5 PSV      61 N      15  --  E4 pass E2
J2  : T 122.34c W 100.00c S  22.28c (+75.3 L +74.4) LCB  115.11c P  5.88% WF 101.6 PSV      61 N      13  --  J2 pass E2
J4  : T 122.58c W 100.00c S  22.55c (+75.5 L +74.7) LCB  115.46c P  4.92% WF 109.7 PSV      60 N      14  --  J4 pass E2
D5  : T 122.38c W 100.00c S  22.32c (+75.4 L +74.6) LCB  113.34c P  4.41% WF  86.0 PSV      47 N      11  --  D5 pass E2
H6  : T 122.26c W 100.00c S  22.25c (+75.4 L +74.8) LCB  114.90c P  4.12% WF 101.2 PSV      41 N      13  --  H6 pass E2

2026-07-16 22:03:48+0100: = E2
2026-07-16 22:03:49+0100: Controller: play W F1
2026-07-16 22:03:49+0100: = 
2026-07-16 22:03:49+0100: Controller: genmove B
2026-07-16 22:03:50+0100: MoveNum: 114 HASH: 5F2FEC43FF28C369353A266093889F57
   A B C D E F G H J
 9 O O . O X . X . X
 8 @ O O X . X O X .
 7 O1X X X X . . X X
 6 X X O X . X O . X
 5 . X O . X . X X X
 4 X . X X . X O O .
 3 O X . X O X X X X
 2 . X X . X2O X O .
 1 X X . X O O3O . O

koPOSITIONALscoreAREAtaxNONEsui1komi7.5
Time taken: 1.64868
Root visits: 206
New playouts: 201
NN rows: 197
NN batches: 67
NN avg batch size: 2.9403
PV: A8 pass H1 pass
Tree:
: T 122.66c W 100.00c S  22.66c (+75.2 L +74.9) N     206  --  A8 pass H1 pass
---Black(^)---
A8  : T 123.62c W 100.00c S  23.42c (+75.7 L +75.4) LCB  121.40c P  8.85% WF 197.5 PSV     518 N      25  --  A8 pass H1 pass
H1  : T 122.02c W 100.00c S  22.12c (+74.9 L +74.6) LCB  119.14c P 18.92% WF 216.3 PSV     218 N      28  --  H1 pass C9 pass
E4  : T 122.58c W 100.00c S  22.75c (+75.2 L +74.7) LCB  118.75c P  7.56% WF 140.3 PSV     141 N      18  --  E4 pass C9 H1
C9  : T 122.24c W 100.00c S  22.35c (+75.0 L +75.1) LCB  118.46c P  9.93% WF 124.4 PSV     125 N      16  --  C9 D2 C1
D2  : T 122.61c W 100.00c S  22.61c (+75.1 L +74.6) LCB  118.30c P  9.87% WF 124.5 PSV     125 N      16  --  D2 pass C9 pass
G7  : T 122.90c W 100.00c S  22.80c (+75.3 L +75.3) LCB  119.15c P  5.31% WF 117.7 PSV     118 N      15  --  G7 pass C9
J2  : T 122.61c W 100.00c S  22.56c (+75.2 L +75.0) LCB  118.10c P  5.18% WF 109.4 PSV     107 N      14  --  J2 pass C9
J4  : T 122.65c W 100.00c S  22.58c (+75.1 L +74.7) LCB  116.12c P  4.51% WF  86.2 PSV      87 N      11  --  J4 pass C9
C1  : T 122.78c W 100.00c S  22.67c (+75.2 L +74.7) LCB  115.80c P  3.70% WF  86.0 PSV      86 N      11  --  C1 pass C9
A2  : T 122.72c W 100.00c S  22.87c (+75.2 L +74.7) LCB  115.34c P  3.91% WF  78.6 PSV      79 N      10  --  A2 D2 C1

2026-07-16 22:03:50+0100: = A8
2026-07-16 22:03:52+0100: Controller: play W D2
2026-07-16 22:03:52+0100: = 
2026-07-16 22:03:52+0100: Controller: genmove B
2026-07-16 22:03:54+0100: MoveNum: 116 HASH: 5890E28FBD12519BDF68BB64A692D130
   A B C D E F G H J
 9 O O @ O X . X . X
 8 X2O O X . X O X .
 7 . X X X X . . X X
 6 X X O X . X O . X
 5 . X O . X . X X X
 4 X . X X . X O O .
 3 O X . X O X X X X
 2 . X X O3. O X O .
 1 X X . X O O1O . O

koPOSITIONALscoreAREAtaxNONEsui1komi7.5
Time taken: 2.00406
Root visits: 206
New playouts: 198
NN rows: 187
NN batches: 65
NN avg batch size: 2.87692
PV: C9 pass E2 H1
Tree:
: T 121.59c W 100.00c S  20.92c (+75.2 L +74.9) N     206  --  C9 pass E2 H1
---Black(^)---
C9  : T 121.51c W 100.00c S  21.60c (+75.3 L +75.1) LCB  118.76c P 21.80% WF 249.8 PSV     250 N      32  --  C9 pass E2 H1
C1  : T 121.46c W 100.00c S  21.45c (+75.2 L +74.7) LCB  117.01c P 10.89% WF 140.1 PSV     120 N      18  --  C1 pass C9 pass
A7  : T 121.41c W 100.00c S  21.66c (+75.4 L +75.0) LCB  116.82c P 11.18% WF 132.3 PSV     120 N      17  --  A7 pass E2 pass
E4  : T 121.51c W 100.00c S  21.39c (+75.2 L +74.7) LCB  115.61c P  8.16% WF 109.1 PSV      93 N      14  --  E4 pass E2 pass
G7  : T 121.79c W 100.00c S  21.91c (+75.5 L +75.4) LCB  116.25c P  6.50% WF 109.7 PSV      91 N      14  --  G7 pass A7
H6  : T 122.34c W 100.00c S  22.13c (+75.7 L +75.3) LCB  116.53c P  3.56% WF 109.8 PSV      89 N      14  --  H6 pass E2
J2  : T 121.33c W 100.00c S  21.25c (+75.1 L +74.7) LCB  115.73c P  8.54% WF 116.6 PSV      87 N      15  --  J2 pass E2
A2  : T 122.07c W 100.00c S  21.85c (+75.5 L +75.0) LCB  115.55c P  3.98% WF 102.1 PSV      72 N      13  --  A2 pass E2
F7  : T 122.43c W 100.00c S  22.18c (+75.6 L +75.1) LCB  115.17c P  2.04% WF  86.6 PSV      59 N      11  --  F7 pass E2
F5  : T 123.39c W 100.00c S  22.74c (+76.0 L +75.1) LCB  108.78c P  1.50% WF  55.6 PSV      55 N       7  --  F5 pass C9

2026-07-16 22:03:54+0100: = C9
2026-07-16 22:03:57+0100: Controller: play W C1
2026-07-16 22:03:57+0100: = 
2026-07-16 22:03:57+0100: Controller: genmove B
2026-07-16 22:03:59+0100: MoveNum: 118 HASH: 59390A8D7EF192CAF47010D0261841B1
   A B C D E F G H J
 9 . . X2. X . X . X
 8 X . . X . X O X .
 7 . X X X X . @ X X
 6 X X O X . X O . X
 5 . X O . X . X X X
 4 X . X X . X O O .
 3 O X . X O X X X X
 2 . X X O1. O X O .
 1 X X O3. O O O . O

koPOSITIONALscoreAREAtaxNONEsui1komi7.5
Time taken: 1.47602
Root visits: 206
New playouts: 199
NN rows: 194
NN batches: 67
NN avg batch size: 2.89552
PV: G7 pass D1 pass
Tree:
: T 123.44c W 100.00c S  23.42c (+75.9 L +75.5) N     206  --  G7 pass D1 pass
---Black(^)---
G7  : T 123.29c W 100.00c S  23.38c (+75.8 L +75.6) LCB  119.60c P  9.71% WF 172.3 PSV     206 N      22  --  G7 pass D1 pass
J2  : T 123.13c W 100.00c S  23.33c (+75.7 L +75.2) LCB  118.96c P  9.97% WF 132.9 PSV     134 N      17  --  J2 pass H1 D1
E4  : T 122.73c W 100.00c S  22.66c (+75.4 L +75.1) LCB  116.36c P 11.15% WF 108.5 PSV     110 N      14  --  E4 pass E2 D1
J4  : T 122.73c W 100.00c S  22.98c (+75.7 L +75.3) LCB  113.12c P  7.74% WF  78.0 PSV      79 N      10  --  J4 pass J2
F7  : T 123.86c W 100.00c S  23.85c (+76.1 L +75.6) LCB  114.87c P  2.38% WF  78.8 PSV      79 N      10  --  F7 pass J2
H6  : T 123.31c W 100.00c S  23.38c (+75.9 L +75.5) LCB  116.11c P  4.29% WF 101.6 PSV      78 N      13  --  H6 pass G7
D5  : T 122.73c W 100.00c S  22.77c (+75.6 L +75.2) LCB  113.54c P  6.57% WF  85.3 PSV      74 N      11  --  D5 pass J2
A7  : T 123.20c W 100.00c S  23.18c (+75.9 L +75.5) LCB  114.01c P  4.51% WF  85.3 PSV      74 N      11  --  A7 pass J2
A9  : T 125.57c W 100.00c S  25.07c (+77.0 L +75.9) LCB  116.18c P  2.44% WF  72.0 PSV      72 N       9  --  A9 pass D1
C8  : T 123.33c W 100.00c S  23.24c (+75.9 L +75.3) LCB  111.92c P  4.05% WF  70.3 PSV      71 N       9  --  C8 pass J2

2026-07-16 22:03:59+0100: = G7
2026-07-16 22:04:00+0100: Controller: play W A9
2026-07-16 22:04:00+0100: = 
2026-07-16 22:04:00+0100: Controller: genmove B
2026-07-16 22:04:02+0100: MoveNum: 120 HASH: 7F72A966194F72CA85E29E9BDBC621CC
   A B C D E F G H J
 9 O3@ X . X . X . X
 8 X . . X . X . X .
 7 . X X X X . X2X X
 6 X X O X . X O . X
 5 . X O . X . X X X
 4 X . X X . X O O .
 3 O X . X O X X X X
 2 . X X O . O X O .
 1 X X O1. O O O . O

koPOSITIONALscoreAREAtaxNONEsui1komi7.5
Time taken: 1.79009
Root visits: 206
New playouts: 206
NN rows: 198
NN batches: 69
NN avg batch size: 2.86957
PV: B9 pass D1 H1
Tree:
: T 119.85c W 100.00c S  19.75c (+76.2 L +76.1) N     206  --  B9 pass D1 H1
---Black(^)---
B9  : T 120.87c W 100.00c S  20.90c (+76.8 L +76.7) LCB  118.36c P 11.33% WF 228.6 PSV     405 N      29  --  B9 pass D1 H1
D1  : T 119.69c W 100.00c S  19.61c (+76.1 L +76.4) LCB  117.36c P 16.29% WF 233.2 PSV     234 N      30  --  D1 B8 E2 A7
B8  : T 119.97c W 100.00c S  20.14c (+76.5 L +76.2) LCB  116.13c P 10.70% WF 187.3 PSV     188 N      24  --  B8 pass D1 E2
A7  : T 120.34c W 100.00c S  20.12c (+76.5 L +76.0) LCB  114.44c P  4.11% WF 125.3 PSV     125 N      16  --  A7 pass D1 E2
E4  : T 120.15c W 100.00c S  20.24c (+76.4 L +76.1) LCB  115.83c P  6.86% WF 117.6 PSV     118 N      15  --  E4 pass E2
J2  : T 120.00c W 100.00c S  19.71c (+76.1 L +75.7) LCB  114.98c P  8.30% WF 109.6 PSV     110 N      14  --  J2 pass D1 H1
H6  : T 119.85c W 100.00c S  19.80c (+76.2 L +75.8) LCB  112.64c P  4.46% WF  93.8 PSV      74 N      12  --  H6 pass J2
A2  : T 119.78c W 100.00c S  19.69c (+76.1 L +75.7) LCB  111.51c P  4.79% WF  78.2 PSV      74 N      10  --  A2 pass D1
D9  : T 119.97c W 100.00c S  19.45c (+76.1 L +75.6) LCB  110.68c P  3.76% WF  78.0 PSV      71 N      10  --  D9 pass D1
D5  : T 119.49c W 100.00c S  19.44c (+76.0 L +75.6) LCB  112.08c P  5.45% WF  93.7 PSV      67 N      12  --  D5 pass D1

2026-07-16 22:04:02+0100: = B9
2026-07-16 22:04:03+0100: Controller: play W B8
2026-07-16 22:04:03+0100: = 
2026-07-16 22:04:03+0100: Controller: genmove B
2026-07-16 22:04:04+0100: MoveNum: 122 HASH: 97287A69428C06D80DACDCA68B09A5F8
   A B C D E F G H J
 9 .1X2X . X . X . X
 8 X O3. X . X . X .
 7 . X X X X . X X X
 6 X X O X . X O . X
 5 . X O . X . X X X
 4 X . X X . X O O .
 3 O X . X O X X X X
 2 . X X O . O X O .
 1 X X O @ O O O . O

koPOSITIONALscoreAREAtaxNONEsui1komi7.5
Time taken: 1.39777
Root visits: 206
New playouts: 205
NN rows: 192
NN batches: 66
NN avg batch size: 2.90909
PV: D1 E2 E4 H1
Tree:
: T 117.70c W 100.00c S  17.78c (+76.3 L +76.3) N     206  --  D1 E2 E4 H1
---Black(^)---
D1  : T 118.62c W 100.00c S  18.77c (+76.7 L +76.7) LCB  116.35c P 19.75% WF 322.3 PSV     320 N      41  --  D1 E2 E4 H1
E4  : T 118.33c W 100.00c S  18.35c (+76.5 L +76.6) LCB  115.97c P  9.78% WF 250.0 PSV     124 N      32  --  E4 pass E2 pass
J2  : T 117.04c W 100.00c S  17.06c (+75.9 L +75.9) LCB  112.60c P 12.64% WF 154.6 PSV      81 N      20  --  J2 pass D1 E2
A2  : T 118.14c W 100.00c S  18.27c (+76.5 L +76.3) LCB  113.09c P  6.21% WF 140.8 PSV      69 N      18  --  A2 pass D1 H1
J4  : T 117.45c W 100.00c S  17.73c (+76.3 L +76.3) LCB  113.34c P  8.39% WF 194.2 PSV      64 N      25  --  J4 pass D1 H1
D5  : T 117.68c W 100.00c S  18.02c (+76.4 L +76.2) LCB  111.72c P  7.00% WF 124.7 PSV      59 N      16  --  D5 pass D1 E2
C8  : T 116.80c W 100.00c S  16.52c (+75.7 L +75.5) LCB  109.34c P  7.24% WF 108.0 PSV      42 N      14  --  C8 pass D1 E2
H6  : T 117.22c W 100.00c S  17.16c (+76.1 L +75.9) LCB  109.11c P  5.20% WF 100.4 PSV      36 N      13  --  H6 pass D1
A9  : T 118.73c W 100.00c S  18.69c (+76.7 L +76.3) LCB  110.28c P  2.58% WF  94.2 PSV      22 N      12  --  A9 pass D1 E2
F5  : T 116.06c W 100.00c S  16.06c (+75.5 L +76.8) LCB -234.98c P  1.69% WF   7.6 PSV       6 N       1  --  F5

2026-07-16 22:04:04+0100: = D1
2026-07-16 22:04:05+0100: Controller: play W E2
2026-07-16 22:04:05+0100: = 
2026-07-16 22:04:05+0100: Controller: genmove B
2026-07-16 22:04:07+0100: MoveNum: 124 HASH: E92DF642805689A0F94389BA8C851700
   A B C D E F G H J
 9 . X X . X . X . X
 8 X O1. X . X . X .
 7 . X X X X . X X X
 6 X X O X . X O . X
 5 . X O . X . X X X
 4 X . X X @ X O O .
 3 O X . X O X X X X
 2 . X X O O3O X O .
 1 X X . X2O O O . O

koPOSITIONALscoreAREAtaxNONEsui1komi7.5
Time taken: 1.38343
Root visits: 205
New playouts: 193
NN rows: 174
NN batches: 61
NN avg batch size: 2.85246
PV: E4 H1 C1 pass
Tree:
: T 120.51c W 100.00c S  20.44c (+75.6 L +75.6) N     205  --  E4 H1 C1 pass
---Black(^)---
E4  : T 120.82c W 100.00c S  20.76c (+75.7 L +75.8) LCB  117.84c P 17.41% WF 273.0 PSV     274 N      35  --  E4 H1 C1 pass
C1  : T 120.26c W 100.00c S  20.38c (+75.6 L +75.5) LCB  116.25c P 15.82% WF 224.2 PSV     164 N      29  --  C1 pass E4 H1
J4  : T 120.37c W 100.00c S  20.35c (+75.6 L +75.4) LCB  114.77c P  8.16% WF 132.6 PSV      91 N      17  --  J4 pass E4 H1
J2  : T 118.28c W 100.00c S  18.50c (+74.6 L +74.7) LCB  111.13c P 16.37% WF  98.8 PSV      77 N      13  --  J2 H1 E4 pass
C8  : T 119.95c W 100.00c S  20.06c (+75.4 L +75.3) LCB  111.97c P  5.23% WF 100.6 PSV      45 N      13  --  C8 pass J2 H1
D5  : T 119.18c W 100.00c S  19.24c (+75.1 L +75.0) LCB  107.77c P  6.61% WF  77.2 PSV      41 N      10  --  D5 pass E4
A2  : T 119.60c W 100.00c S  19.87c (+75.4 L +75.4) LCB  110.44c P  5.43% WF  85.1 PSV      40 N      11  --  A2 pass E4
H6  : T 120.01c W 100.00c S  20.11c (+75.6 L +75.5) LCB  109.09c P  4.46% WF  77.8 PSV      40 N      10  --  H6 pass E4
J8  : T 124.64c W 100.00c S  24.16c (+77.7 L +76.8) LCB   96.12c P  1.41% WF  40.4 PSV      40 N       5  --  J8 H1
B4  : T 123.74c W 100.00c S  23.21c (+77.1 L +76.3) LCB   80.07c P  1.40% WF  32.1 PSV      32 N       4  --  B4 H1

2026-07-16 22:04:07+0100: = E4
2026-07-16 22:04:08+0100: Controller: play W C1
2026-07-16 22:04:08+0100: = 
2026-07-16 22:04:08+0100: Controller: genmove B
2026-07-16 22:04:09+0100: MoveNum: 126 HASH: EDAF5E66B25E11801BF60C8699682E58
   A B C D E F G H J
 9 . X X . X . X . X
 8 X O . X . X . X .
 7 . X X X X . X X X
 6 X X O X @ X O . X
 5 . X O . X . X X X
 4 X . X X X2X O O .
 3 O X . X O X X X X
 2 . X X O O1O X O .
 1 X X O3. O O O . O

koPOSITIONALscoreAREAtaxNONEsui1komi7.5
Time taken: 1.15988
Root visits: 204
New playouts: 200
NN rows: 192
NN batches: 67
NN avg batch size: 2.86567
PV: E6 D1 H1 pass
Tree:
: T 119.69c W 100.00c S  19.12c (+75.5 L +75.6) N     204  --  E6 D1 H1 pass
---Black(^)---
E6  : T 120.59c W 100.00c S  20.23c (+75.9 L +75.8) LCB  114.98c P  1.82% WF 108.9 PSV     172 N      14  --  E6 D1 H1 pass
J4  : T 119.62c W 100.00c S  19.77c (+75.7 L +75.8) LCB  114.63c P 12.69% WF 139.4 PSV     139 N      18  --  J4 D1 H1 G1
A2  : T 120.58c W 100.00c S  20.20c (+75.9 L +75.8) LCB  114.71c P 10.02% WF 117.0 PSV     117 N      15  --  A2 D1 H1 E2
J2  : T 117.30c W 100.00c S  17.84c (+74.6 L +75.1) LCB  111.77c P 19.38% WF  97.7 PSV      86 N      13  --  J2 H1 D1 pass
H6  : T 119.61c W 100.00c S  19.33c (+75.4 L +75.6) LCB  114.55c P  7.73% WF 131.1 PSV      85 N      17  --  H6 D1 H1 pass
C8  : T 118.88c W 100.00c S  19.12c (+75.3 L +75.5) LCB  109.68c P  8.98% WF  76.9 PSV      67 N      10  --  C8 pass D1
D5  : T 118.57c W 100.00c S  18.95c (+75.2 L +75.4) LCB  109.10c P  8.98% WF  76.6 PSV      59 N      10  --  D5 D1 J2
A9  : T 119.95c W 100.00c S  19.82c (+75.6 L +75.8) LCB  109.79c P  3.35% WF  69.7 PSV      46 N       9  --  A9 pass J2
F9  : T 120.41c W 100.00c S  19.85c (+75.8 L +75.7) LCB  112.33c P  2.02% WF  85.0 PSV      45 N      11  --  F9 D1 J2
J8  : T 120.36c W 100.00c S  19.78c (+75.7 L +75.7) LCB  112.44c P  2.08% WF  84.8 PSV      43 N      11  --  J8 pass D1 pass

2026-07-16 22:04:09+0100: = E6
2026-07-16 22:04:10+0100: Controller: play W D1
2026-07-16 22:04:10+0100: = 
2026-07-16 22:04:10+0100: Controller: genmove B
2026-07-16 22:04:12+0100: MoveNum: 128 HASH: B91D9173C3AD9F12EAD1CA9A3F851E14
   A B C D E F G H J
 9 . X X . X . X . X
 8 X O . X . X . X .
 7 . X X X X . X X X
 6 X X O X X2X O . X
 5 . X O . X . X X X
 4 X . X X X X O O .
 3 O X . X O X X X X
 2 . X X O O O X O .
 1 X X O1O3O O O @ O

koPOSITIONALscoreAREAtaxNONEsui1komi7.5
Time taken: 2.27291
Root visits: 206
New playouts: 200
NN rows: 181
NN batches: 63
NN avg batch size: 2.87302
PV: H1 pass J2 E2 F2
Tree:
: T 122.00c W 100.00c S  21.70c (+74.5 L +74.7) N     206  --  H1 pass J2 E2 F2
---Black(^)---
H1  : T 123.05c W 100.00c S  23.03c (+75.1 L +75.0) LCB  121.21c P 26.29% WF 487.8 PSV     483 N      62  --  H1 pass J2 E2 F2
J4  : T 122.44c W 100.00c S  22.29c (+74.7 L +74.9) LCB  119.66c P 10.92% WF 187.1 PSV     121 N      24  --  J4 pass H1 pass
J2  : T 122.13c W 100.00c S  22.05c (+74.5 L +74.5) LCB  119.11c P 12.22% WF 232.5 PSV     113 N      30  --  J2 H1 pass pass
A2  : T 120.36c W 100.00c S  20.56c (+73.7 L +74.4) LCB  111.93c P  8.89% WF  75.7 PSV      41 N      10  --  A2 pass J2
D5  : T 120.66c W 100.00c S  20.79c (+73.9 L +74.1) LCB  111.92c P  7.47% WF  76.4 PSV      38 N      10  --  D5 pass H1 pass
C8  : T 120.70c W 100.00c S  21.04c (+74.0 L +74.6) LCB  110.54c P  7.05% WF  68.6 PSV      36 N       9  --  C8 pass J2
H6  : T 120.82c W 100.00c S  21.27c (+74.1 L +74.6) LCB  108.53c P  5.85% WF  61.2 PSV      31 N       8  --  H6 pass J2
A7  : T 122.48c W 100.00c S  22.43c (+74.8 L +75.0) LCB  101.27c P  2.00% WF  46.7 PSV      15 N       6  --  A7 pass J2
A5  : T 122.49c W 100.00c S  21.81c (+74.4 L +74.8) LCB  106.60c P  1.90% WF  54.0 PSV      14 N       7  --  A5 pass H1
A9  : T 122.63c W 100.00c S  22.60c (+74.9 L +75.1) LCB  101.76c P  1.80% WF  46.7 PSV      14 N       6  --  A9 pass J2

2026-07-16 22:04:12+0100: = H1
2026-07-16 22:04:13+0100: Controller: play W G1
2026-07-16 22:04:13+0100: = 
2026-07-16 22:04:13+0100: Controller: genmove B
2026-07-16 22:04:16+0100: MoveNum: 130 HASH: 11D27479537F6BE51CDC7BEC9C9C8C8E
   A B C D E F G H J
 9 . X X . X . X . X
 8 X O . X . X . X .
 7 . X X X X . X X X
 6 X X O X X X O . X
 5 . X O . X . X X X
 4 X . X X X X O O .
 3 O X . X . X X X X
 2 . X X . . . X O @
 1 X X . .1. . O3.2O

koPOSITIONALscoreAREAtaxNONEsui1komi7.5
Time taken: 2.15163
Root visits: 205
New playouts: 195
NN rows: 183
NN batches: 62
NN avg batch size: 2.95161
PV: J2 pass H1 pass
Tree:
: T 122.29c W 100.00c S  22.18c (+75.3 L +75.4) N     205  --  J2 pass H1 pass
---Black(^)---
J2  : T 122.81c W 100.00c S  22.65c (+75.6 L +75.7) LCB  121.21c P 20.43% WF 326.9 PSV     405 N      42  --  J2 pass H1 pass
F1  : T 122.65c W 100.00c S  22.59c (+75.6 L +75.7) LCB  120.46c P 18.72% WF 272.2 PSV     256 N      35  --  F1 pass H1 pass
J4  : T 122.27c W 100.00c S  22.26c (+75.4 L +75.4) LCB  119.35c P  8.41% WF 178.8 PSV      87 N      23  --  J4 E2 J2 pass
D5  : T 122.29c W 100.00c S  22.29c (+75.4 L +75.2) LCB  118.36c P  4.80% WF 139.9 PSV      50 N      18  --  D5 pass J2 E2
A2  : T 121.59c W 100.00c S  21.60c (+75.0 L +74.8) LCB  112.30c P  6.38% WF  77.3 PSV      45 N      10  --  A2 pass J4
C8  : T 121.87c W 100.00c S  21.71c (+75.0 L +74.9) LCB  113.60c P  5.45% WF  77.4 PSV      44 N      10  --  C8 pass J2 pass
H6  : T 122.39c W 100.00c S  22.32c (+75.4 L +75.2) LCB  116.19c P  3.61% WF  93.2 PSV      40 N      12  --  H6 pass F1 pass
E2  : T 122.90c W 100.00c S  22.61c (+75.6 L +75.2) LCB  115.38c P  2.65% WF  93.6 PSV      25 N      12  --  E2 pass J2
E1  : T 123.56c W 100.00c S  23.03c (+75.7 L +75.5) LCB   49.03c P  1.89% WF  23.5 PSV      24 N       3  --  E1 pass
D1  : T 122.48c W 100.00c S  22.48c (+75.6 L +75.4) LCB  113.18c P  2.79% WF  85.1 PSV      21 N      11  --  D1 pass F1

2026-07-16 22:04:16+0100: = J2
2026-07-16 22:04:17+0100: Controller: play W E3
2026-07-16 22:04:17+0100: = 
2026-07-16 22:04:17+0100: Controller: genmove B
2026-07-16 22:04:19+0100: MoveNum: 132 HASH: F01058E3445C27E972E091D84B6D8573
   A B C D E F G H J
 9 . X X . X . X . X
 8 X O . X . X . X .
 7 . X X X X . X X X
 6 X X O X X X O . X
 5 . X O . X . X X X
 4 X . X X X X O O .
 3 O X . X O3X X X X
 2 . X X . . . X O X2
 1 X X . . . . O1@ O

koPOSITIONALscoreAREAtaxNONEsui1komi7.5
Time taken: 1.7708
Root visits: 205
New playouts: 204
NN rows: 181
NN batches: 62
NN avg batch size: 2.91935
PV: H1 pass F1 pass
Tree:
: T 120.27c W 100.00c S  20.25c (+75.8 L +75.9) N     205  --  H1 pass F1 pass
---Black(^)---
H1  : T 120.73c W 100.00c S  20.62c (+76.0 L +76.2) LCB  119.22c P 19.20% WF 278.7 PSV     278 N      36  --  H1 pass F1 pass
F1  : T 120.44c W 100.00c S  20.40c (+75.8 L +76.0) LCB  118.80c P 13.54% WF 254.8 PSV     154 N      33  --  F1 pass H1 pass
E2  : T 119.35c W 100.00c S  19.17c (+75.2 L +75.2) LCB  114.89c P 12.98% WF 122.4 PSV      81 N      16  --  E2 pass H1 pass
J4  : T 119.91c W 100.00c S  20.06c (+75.7 L +75.7) LCB  115.43c P  7.97% WF 115.9 PSV      65 N      15  --  J4 E2 F1
A2  : T 119.98c W 100.00c S  20.15c (+75.7 L +75.9) LCB  116.24c P  6.03% WF 123.1 PSV      51 N      16  --  A2 pass F1
D5  : T 120.18c W 100.00c S  20.32c (+75.8 L +75.7) LCB  114.23c P  5.19% WF  93.0 PSV      49 N      12  --  D5 pass F1
C8  : T 120.17c W 100.00c S  20.26c (+75.7 L +75.7) LCB  115.11c P  4.99% WF 100.8 PSV      47 N      13  --  C8 pass F1
H6  : T 120.24c W 100.00c S  20.37c (+75.8 L +76.0) LCB  113.47c P  3.61% WF  85.0 PSV      35 N      11  --  H6 pass H1
D1  : T 121.35c W 100.00c S  21.29c (+76.3 L +76.1) LCB  111.57c P  1.93% WF  70.7 PSV      23 N       9  --  D1 E2 H1
D2  : T 121.04c W 100.00c S  20.92c (+76.1 L +76.0) LCB  108.47c P  2.36% WF  62.4 PSV      23 N       8  --  D2 pass H1

2026-07-16 22:04:19+0100: = H1
2026-07-16 22:04:20+0100: Controller: play W C1
2026-07-16 22:04:20+0100: = 
2026-07-16 22:04:20+0100: Controller: genmove B
2026-07-16 22:04:22+0100: MoveNum: 134 HASH: DFF82FE7655914F7511C3F329831D887
   A B C D E F G H J
 9 . X X . X . X . X
 8 X O . X . X . X .
 7 . X X X X . X X X
 6 X X O X X X O . X
 5 . X O . X . X X X
 4 X . X X X X O O .
 3 O X . X O1X X X X
 2 @ X X . . . X . X
 1 X X O3. . . O X2.

koPOSITIONALscoreAREAtaxNONEsui1komi7.5
Time taken: 1.72802
Root visits: 206
New playouts: 205
NN rows: 182
NN batches: 62
NN avg batch size: 2.93548
PV: A2 pass D1 pass
Tree:
: T 122.02c W 100.00c S  22.00c (+75.9 L +76.3) N     206  --  A2 pass D1 pass
---Black(^)---
A2  : T 122.42c W 100.00c S  22.38c (+76.1 L +76.5) LCB  119.92c P  6.02% WF 148.1 PSV     499 N      19  --  A2 pass D1 pass
F1  : T 121.79c W 100.00c S  21.66c (+75.9 L +76.4) LCB  118.30c P 18.10% WF 277.3 PSV     278 N      36  --  F1 pass D1 pass E2
E2  : T 122.41c W 100.00c S  22.36c (+76.2 L +76.8) LCB  119.58c P  9.01% WF 208.2 PSV     208 N      27  --  E2 pass F1 pass
J4  : T 122.15c W 100.00c S  22.11c (+75.9 L +76.2) LCB  119.88c P  9.62% WF 163.6 PSV     164 N      21  --  J4 pass F1 pass
D1  : T 121.14c W 100.00c S  21.03c (+75.3 L +75.6) LCB  117.08c P 17.13% WF 145.3 PSV     147 N      19  --  D1 pass F1 pass
H6  : T 122.21c W 100.00c S  22.27c (+76.0 L +76.4) LCB  114.72c P  3.53% WF  77.7 PSV      78 N      10  --  H6 pass D1
D5  : T 121.68c W 100.00c S  21.81c (+75.7 L +75.7) LCB  112.49c P  5.02% WF  69.8 PSV      69 N       9  --  D5 pass D1
C8  : T 121.62c W 100.00c S  21.77c (+75.7 L +75.7) LCB  110.13c P  5.14% WF  62.2 PSV      63 N       8  --  C8 pass D1
F2  : T 122.65c W 100.00c S  22.81c (+76.3 L +76.1) LCB  102.07c P  1.95% WF  47.0 PSV      34 N       6  --  F2 pass F1
A9  : T 122.54c W 100.00c S  22.69c (+76.2 L +76.1) LCB   47.93c P  1.65% WF  23.6 PSV      24 N       3  --  A9 E2

2026-07-16 22:04:22+0100: = A2
2026-07-16 22:04:23+0100: Controller: play W E2
2026-07-16 22:04:23+0100: = 
2026-07-16 22:04:23+0100: Controller: genmove B
2026-07-16 22:04:24+0100: MoveNum: 136 HASH: C257BB6786C175AAD9D82B589E708D2C
   A B C D E F G H J
 9 . X X . X . X . X
 8 X O . X . X . X .
 7 . X X X X . X X X
 6 X X O X X X O . X
 5 . X O . X . X X X
 4 X . X X X X O O .
 3 . X . X O X X X X
 2 X2X X . O3. X . X
 1 X X O1. @ . O X .

koPOSITIONALscoreAREAtaxNONEsui1komi7.5
Time taken: 1.65728
Root visits: 205
New playouts: 201
NN rows: 177
NN batches: 61
NN avg batch size: 2.90164
PV: E1 pass D1 pass
Tree:
: T 120.72c W 100.00c S  20.68c (+74.9 L +75.5) N     205  --  E1 pass D1 pass
---Black(^)---
E1  : T 122.18c W 100.00c S  22.07c (+75.7 L +76.2) LCB  119.95c P  8.11% WF 219.3 PSV     522 N      28  --  E1 pass D1 pass
D1  : T 121.03c W 100.00c S  20.97c (+75.2 L +75.7) LCB  117.12c P 14.20% WF 230.8 PSV     230 N      30  --  D1 pass F1 pass E1
F1  : T 121.00c W 100.00c S  20.89c (+75.1 L +75.5) LCB  117.17c P 17.59% WF 200.5 PSV     201 N      26  --  F1 pass D2 pass D1
F2  : T 121.15c W 100.00c S  21.08c (+75.1 L +75.5) LCB  117.90c P  7.27% WF 207.7 PSV     135 N      27  --  F2 pass E1 pass
J4  : T 120.81c W 100.00c S  20.83c (+75.0 L +75.3) LCB  115.86c P  7.42% WF 139.3 PSV      99 N      18  --  J4 pass F1 pass
D2  : T 119.98c W 100.00c S  20.02c (+74.6 L +75.1) LCB  113.70c P  9.64% WF 113.8 PSV      77 N      15  --  D2 pass F1 pass
C8  : T 120.16c W 100.00c S  20.17c (+74.6 L +74.9) LCB  112.18c P  5.11% WF  84.6 PSV      44 N      11  --  C8 pass D1
D5  : T 119.95c W 100.00c S  19.99c (+74.6 L +74.9) LCB  112.25c P  4.94% WF  92.1 PSV      39 N      12  --  D5 pass F2
H6  : T 120.21c W 100.00c S  20.20c (+74.7 L +75.1) LCB  112.84c P  3.66% WF  92.1 PSV      32 N      12  --  H6 pass F2
A9  : T 121.02c W 100.00c S  20.85c (+74.9 L +75.4) LCB   77.04c P  1.51% WF  30.7 PSV      13 N       4  --  A9 pass F1

2026-07-16 22:04:24+0100: = E1
2026-07-16 22:04:25+0100: Controller: play W F1
2026-07-16 22:04:25+0100: = 
2026-07-16 22:04:25+0100: Controller: genmove B
2026-07-16 22:04:27+0100: MoveNum: 138 HASH: A6965A30F18A9E3B45DF7C64817430A4
   A B C D E F G H J
 9 . X X . X . X . X
 8 X O . X . X . X .
 7 . X X X X . X X X
 6 X X O X X X O . X
 5 . X O . X . X X X
 4 X . X X X X O O .
 3 . X . X O X X X X
 2 X X X . O1@ X . X
 1 X X O . X2O3O X .

koPOSITIONALscoreAREAtaxNONEsui1komi7.5
Time taken: 1.63857
Root visits: 205
New playouts: 202
NN rows: 173
NN batches: 59
NN avg batch size: 2.9322
PV: F2 D1 D2 pass
Tree:
: T 119.56c W 100.00c S  19.47c (+74.6 L +75.3) N     205  --  F2 D1 D2 pass
---Black(^)---
F2  : T 120.23c W 100.00c S  20.08c (+74.9 L +75.3) LCB  117.91c P 25.46% WF 317.0 PSV     315 N      41  --  F2 D1 D2 pass
D2  : T 119.90c W 100.00c S  19.62c (+74.6 L +75.1) LCB  117.07c P 13.50% WF 222.4 PSV     134 N      29  --  D2 F2 D1 pass
D1  : T 119.29c W 100.00c S  19.03c (+74.5 L +74.9) LCB  114.35c P 18.25% WF 222.3 PSV     132 N      29  --  D1 F2 D2 pass
J4  : T 120.31c W 100.00c S  20.23c (+75.0 L +75.5) LCB  116.11c P  6.15% WF 155.8 PSV      81 N      20  --  J4 pass F2 D1
D5  : T 119.58c W 100.00c S  19.62c (+74.8 L +75.6) LCB  114.20c P  4.78% WF 122.9 PSV      40 N      16  --  D5 pass D1 F2
C8  : T 118.70c W 100.00c S  18.98c (+74.4 L +75.3) LCB  111.83c P  4.79% WF  91.3 PSV      27 N      12  --  C8 F2 D1 pass
H6  : T 118.83c W 100.00c S  18.99c (+74.4 L +75.4) LCB  111.18c P  3.72% WF  83.5 PSV      22 N      11  --  H6 pass D1
A9  : T 120.16c W 100.00c S  20.11c (+74.9 L +75.3) LCB  103.57c P  1.63% WF  54.3 PSV      11 N       7  --  A9 pass D1
J1  : T 119.74c W 100.00c S  19.93c (+74.9 L +75.4) LCB  106.23c P  1.80% WF  61.6 PSV      10 N       8  --  J1 pass D1
A7  : T 119.71c W 100.00c S  19.41c (+74.7 L +75.3) LCB  105.29c P  1.57% WF  61.3 PSV       9 N       8  --  A7 pass D1

2026-07-16 22:04:27+0100: = F2
2026-07-16 22:04:28+0100: Controller: play W F1
2026-07-16 22:04:28+0100: = 
2026-07-16 22:04:28+0100: Controller: genmove B
2026-07-16 22:04:30+0100: MoveNum: 140 HASH: B1A3544A8047539E917F82C1A200DADF
   A B C D E F G H J
 9 . X X . X . X . X
 8 X O . X . X . X .
 7 . X X X X . X X X
 6 X X O X X X O . X
 5 . X O . X . X X X
 4 X . X X X X O O .
 3 . X . X O X X X X
 2 X X X . O X2X . X
 1 X X O @ X O1. X .

koPOSITIONALscoreAREAtaxNONEsui1komi7.5
Time taken: 1.85415
Root visits: 206
New playouts: 204
NN rows: 181
NN batches: 62
NN avg batch size: 2.91935
PV: D1 pass D2 pass pass
Tree:
: T 120.97c W 100.00c S  20.94c (+75.1 L +76.0) N     206  --  D1 pass D2 pass pass
---Black(^)---
D1  : T 120.91c W 100.00c S  20.90c (+75.0 L +75.8) LCB  119.29c P 20.89% WF 307.8 PSV     368 N      40  --  D1 pass D2 pass pass
G1  : T 120.80c W 100.00c S  20.75c (+75.0 L +75.5) LCB  118.81c P 20.19% WF 262.3 PSV     263 N      34  --  G1 pass D2 pass
D2  : T 121.17c W 100.00c S  21.13c (+75.2 L +75.9) LCB  118.71c P 17.79% WF 201.1 PSV     201 N      26  --  D2 pass D1 pass pass
J4  : T 121.47c W 100.00c S  21.20c (+75.2 L +75.8) LCB  117.70c P  6.10% WF 124.5 PSV     125 N      16  --  J4 pass D1 pass
D5  : T 120.63c W 100.00c S  20.87c (+75.0 L +75.9) LCB  115.73c P  4.84% WF  99.8 PSV      56 N      13  --  D5 pass D2 E2
C8  : T 120.60c W 100.00c S  20.77c (+75.0 L +76.0) LCB  114.51c P  4.78% WF  84.3 PSV      54 N      11  --  C8 D1 D2
H6  : T 120.70c W 100.00c S  20.92c (+75.1 L +76.2) LCB  116.40c P  3.68% WF 107.3 PSV      45 N      14  --  H6 pass D2 pass
C3  : T 122.11c W 100.00c S  21.94c (+75.7 L +76.1) LCB   92.92c P  1.25% WF  39.1 PSV      30 N       5  --  C3 pass D2
F5  : T 122.07c W 100.00c S  21.70c (+75.5 L +76.3) LCB  112.42c P  1.24% WF  69.9 PSV      27 N       9  --  F5 pass D1
A9  : T 121.85c W 100.00c S  21.87c (+75.6 L +76.8) LCB  112.04c P  1.52% WF  69.6 PSV      25 N       9  --  A9 pass D2

2026-07-16 22:04:30+0100: = D1
2026-07-16 22:04:30+0100: Controller: play W pass
2026-07-16 22:04:30+0100: = 
2026-07-16 22:04:30+0100: Controller: genmove B
2026-07-16 22:04:31+0100: MoveNum: 142 HASH: B94F453629A7277C26A2545CA7A5DCBA
   A B C D E F G H J
 9 . X X . X . X . X
 8 X O . X . X . X .
 7 . X X X X . X X X
 6 X X O X X X O . X
 5 . X O . X . X X X
 4 X . X X X X O O .
 3 . X . X O X X X X
 2 X X X . O X X . X
 1 X X . X2X O1@ X .

koPOSITIONALscoreAREAtaxNONEsui1komi7.5
Time taken: 0.862794
Root visits: 106
New playouts: 106
NN rows: 72
NN batches: 27
NN avg batch size: 2.66667
PV: G1 pass pass
Tree:
: T 121.88c W 100.00c S  21.88c (+73.9 L +74.6) N     106  --  G1 pass pass
---Black(^)---
G1  : T 122.32c W 100.00c S  22.45c (+73.9 L +74.7) LCB  120.30c P 27.47% WF 164.5 PSV     164 N      21  --  G1 pass pass
D2  : T 122.43c W 100.00c S  22.65c (+74.2 L +74.9) LCB  119.81c P 19.71% WF 156.2 PSV     125 N      20  --  D2 G1 pass pass
C1  : T 123.49c W 100.00c S  23.53c (+74.8 L +75.0) LCB  118.75c P  7.72% WF 103.1 PSV     103 N      13  --  C1 pass pass
J4  : T 121.40c W 100.00c S  21.13c (+73.8 L +74.3) LCB  107.93c P  7.96% WF  69.3 PSV      32 N       9  --  J4 pass G1
D5  : T 122.30c W 100.00c S  22.18c (+74.3 L +74.6) LCB  104.74c P  5.44% WF  54.7 PSV      32 N       7  --  D5 pass D2
C8  : T 121.52c W 100.00c S  21.31c (+73.7 L +74.2) LCB   99.79c P  6.18% WF  46.3 PSV      26 N       6  --  C8 pass G1
F5  : T 124.30c W 100.00c S  24.23c (+75.2 L +75.3) LCB   80.82c P  1.28% WF  31.8 PSV      24 N       4  --  F5 pass
H6  : T 122.30c W 100.00c S  22.12c (+74.2 L +74.5) LCB  105.06c P  3.80% WF  54.5 PSV      22 N       7  --  H6 pass D2
A9  : T 123.63c W 100.00c S  23.51c (+74.7 L +75.1) LCB   49.06c P  1.47% WF  23.7 PSV      12 N       3  --  A9 pass
A7  : T 121.12c W 100.00c S  21.12c (+73.4 L +75.5) LCB -229.75c P  1.56% WF   7.5 PSV       4 N       1  --  A7

2026-07-16 22:04:31+0100: = G1
2026-07-16 22:04:31+0100: Controller: play W pass
2026-07-16 22:04:31+0100: = 
2026-07-16 22:04:31+0100: Controller: genmove B
2026-07-16 22:04:31+0100: MoveNum: 144 HASH: F73EB018CC85AD18F858DE5F8389DB17
   A B C D E F G H J
 9 . X X . X . X . X
 8 X O . X . X . X .
 7 . X X X X . X X X
 6 X X O X X X O . X
 5 . X O . X . X X X
 4 X . X X X X O O .
 3 . X . X O X X X X
 2 X X X . O X X . X
 1 X X . X X . X2X .

koPOSITIONALscoreAREAtaxNONEsui1komi7.5
Time taken: 0.340112
Root visits: 56
New playouts: 56
NN rows: 26
NN batches: 12
NN avg batch size: 2.16667
PV: pass pass
Tree:
: T 120.46c W 100.00c S  20.40c (+73.1 L +74.1) N      56  --  pass pass
---Black(^)---
pss : T 122.48c W 100.00c S  22.62c (+74.0 L +75.0) LCB  121.50c P 27.69% WF 276.3 PSV     273 N      35  --  pass pass
J4  : T 123.72c W 100.00c S  23.12c (+74.7 L +74.5) LCB  115.56c P 19.63% WF  79.6 PSV      79 N      10  --  J4 pass pass
C8  : T 108.48c W 100.00c S   8.48c (+67.6 L +70.2) LCB -241.52c P 10.70% WF   6.7 PSV       6 N       1  --  C8
D5  : T 108.93c W 100.00c S   8.93c (+67.8 L +70.0) LCB -241.07c P  8.88% WF   6.8 PSV       5 N       1  --  D5
D2  : T 107.26c W 100.00c S   7.26c (+67.2 L +69.4) LCB -242.74c P  7.16% WF   6.7 PSV       3 N       1  --  D2
H6  : T 109.39c W 100.00c S   9.39c (+68.0 L +70.4) LCB -240.61c P  5.70% WF   6.8 PSV       3 N       1  --  H6
A7  : T 108.34c W 100.00c S   8.34c (+67.6 L +70.1) LCB -242.94c P  1.68% WF   6.8 PSV       0 N       1  --  A7
F5  : T 107.97c W 100.00c S   7.97c (+67.4 L +69.9) LCB -243.30c P  1.51% WF   6.6 PSV       0 N       1  --  F5
A9  : T 107.34c W 100.00c S   7.34c (+67.2 L +69.6) LCB -243.94c P  1.45% WF   6.8 PSV       0 N       1  --  A9
F1  : T 108.54c W 100.00c S   8.54c (+67.6 L +70.2) LCB -242.74c P  1.44% WF   6.8 PSV       0 N       1  --  F1

2026-07-16 22:04:31+0100: = C8
2026-07-16 22:04:31+0100: Controller: play W pass
2026-07-16 22:04:31+0100: = 
2026-07-16 22:04:31+0100: Controller: genmove B
2026-07-16 22:04:31+0100: MoveNum: 146 HASH: 21D9069E376E7A7662E5281E5D561175
   A B C D E F G H J
 9 . X X . X . X . X
 8 X . X2X . X . X .
 7 . X X X X . X X X
 6 X X O X X X O . X
 5 . X O . X . X X X
 4 X . X X X X O O .
 3 . X . X O X X X X
 2 X X X . O X X . X
 1 X X . X X . X X .

koPOSITIONALscoreAREAtaxNONEsui1komi7.5
Time taken: 0.381007
Root visits: 56
New playouts: 56
NN rows: 40
NN batches: 16
NN avg batch size: 2.5
PV: pass pass
Tree:
: T 120.22c W 100.00c S  20.09c (+72.6 L +73.6) N      56  --  pass pass
---Black(^)---
pss : T 122.98c W 100.00c S  23.19c (+74.0 L +75.1) LCB  121.12c P 31.38% WF 159.0 PSV     200 N      20  --  pass pass
J4  : T 122.98c W 100.00c S  22.60c (+73.8 L +73.9) LCB  117.24c P 18.48% WF 107.2 PSV      92 N      14  --  J4 pass pass
H6  : T 122.85c W 100.00c S  22.47c (+73.7 L +73.9) LCB  115.10c P  6.83% WF  79.4 PSV      31 N      10  --  H6 pass pass
D5  : T 107.67c W 100.00c S   7.67c (+66.9 L +69.7) LCB -242.33c P 10.60% WF   6.7 PSV       5 N       1  --  D5
D2  : T 108.13c W 100.00c S   8.13c (+67.1 L +69.7) LCB -241.87c P  7.46% WF   6.8 PSV       3 N       1  --  D2
F5  : T 108.83c W 100.00c S   8.83c (+67.4 L +70.1) LCB -242.46c P  1.94% WF   6.7 PSV       1 N       1  --  F5
F1  : T 106.53c W 100.00c S   6.53c (+66.5 L +69.2) LCB -244.75c P  1.67% WF   6.7 PSV       0 N       1  --  F1
F9  : T 106.95c W 100.00c S   6.95c (+66.6 L +69.5) LCB -244.32c P  1.59% WF   6.7 PSV       0 N       1  --  F9
H9  : T 105.26c W 100.00c S   5.26c (+66.0 L +68.9) LCB -246.00c P  1.54% WF   6.7 PSV       0 N       1  --  H9
F7  : T 109.87c W 100.00c S   9.87c (+67.8 L +70.5) LCB -241.41c P  1.46% WF   6.8 PSV       0 N       1  --  F7

2026-07-16 22:04:31+0100: = H6
2026-07-16 22:04:31+0100: Controller: play W pass
2026-07-16 22:04:31+0100: = 
2026-07-16 22:04:31+0100: Controller: genmove B
2026-07-16 22:04:32+0100: MoveNum: 148 HASH: 503F39FE628433B4EC17C5854F9BC5C3
   A B C D E F G H J
 9 . X X . X . X . X
 8 X . X X . X . X .
 7 . X X X X . X X X
 6 X X O X X X . X2X
 5 . X O . X . X X X
 4 X . X X X X O O .
 3 . X . X O X X X X
 2 X X X . O X X . X
 1 X X . X X . X X .

koPOSITIONALscoreAREAtaxNONEsui1komi7.5
Time taken: 0.239041
Root visits: 56
New playouts: 56
NN rows: 26
NN batches: 13
NN avg batch size: 2
PV: pass pass
Tree:
: T 123.26c W 100.00c S  23.25c (+74.0 L +74.4) N      56  --  pass pass
---Black(^)---
pss : T 123.26c W 100.00c S  23.25c (+74.0 L +74.5) LCB  122.57c P 33.14% WF 435.9 PSV     436 N      55  --  pass pass

2026-07-16 22:04:32+0100: = D5
2026-07-16 22:04:32+0100: Controller: play W C6
2026-07-16 22:04:32+0100: = 
2026-07-16 22:04:32+0100: Controller: genmove B
2026-07-16 22:04:33+0100: MoveNum: 150 HASH: 83E56593C5B42174624C6699DD897902
   A B C D E F G H J
 9 . X X . X . X . X
 8 X . X X . X . X .
 7 . X X X X . X X X
 6 X X O3X X X . X X
 5 . X . X2X . X X X
 4 X . X X X X O O .
 3 . X . X O X X X X
 2 X X X . O X X . X
 1 X X . X X . X X .

koPOSITIONALscoreAREAtaxNONEsui1komi7.5
Time taken: 1.28153
Root visits: 206
New playouts: 206
NN rows: 99
NN batches: 43
NN avg batch size: 2.30233
PV: pass pass
Tree:
: T 120.61c W 100.00c S  20.57c (+73.9 L +74.8) N     206  --  pass pass
---Black(^)---
pss : T 120.65c W 100.00c S  20.66c (+73.9 L +74.1) LCB  119.97c P 32.44% WF 532.8 PSV     533 N      67  --  pass pass
J4  : T 120.97c W 100.00c S  20.98c (+74.2 L +75.2) LCB  119.77c P 18.02% WF 346.7 PSV     346 N      44  --  J4 pass pass
D2  : T 120.76c W 100.00c S  20.76c (+74.1 L +75.2) LCB  118.85c P  9.07% WF 219.8 PSV     168 N      28  --  D2 pass pass
C5  : T 120.62c W 100.00c S  20.42c (+73.9 L +74.6) LCB  119.01c P  9.50% WF 227.7 PSV     150 N      29  --  C5 pass pass
A5  : T 121.51c W 100.00c S  21.38c (+74.5 L +75.4) LCB  105.54c P  1.65% WF  54.2 PSV      26 N       7  --  A5 pass pass
F1  : T 121.21c W 100.00c S  20.87c (+74.2 L +75.2) LCB   46.34c P  2.14% WF  23.0 PSV      23 N       3  --  F1 pass
A9  : T 121.10c W 100.00c S  21.12c (+74.3 L +74.9) LCB  108.95c P  1.70% WF  62.9 PSV      18 N       8  --  A9 pass pass
J1  : T 120.56c W 100.00c S  20.43c (+74.0 L +75.4) LCB  -29.47c P  1.58% WF  15.4 PSV      12 N       2  --  J1 pass
B4  : T 120.55c W 100.00c S  20.40c (+74.0 L +75.4) LCB  -29.49c P  1.39% WF  15.4 PSV      10 N       2  --  B4 pass
A7  : T 118.89c W 100.00c S  18.89c (+73.2 L +76.8) LCB -232.11c P  1.73% WF   7.4 PSV       7 N       1  --  A7

2026-07-16 22:04:33+0100: = C5
2026-07-16 22:04:33+0100: Controller: play W pass
2026-07-16 22:04:33+0100: = 
2026-07-16 22:04:33+0100: Controller: genmove B
2026-07-16 22:04:34+0100: MoveNum: 152 HASH: 2C891076CFE7372D49AC2C0ADFBFB083
   A B C D E F G H J
 9 . X X . X . X . X
 8 X . X X . X . X .
 7 . X X X X . X X X
 6 X X .1X X X . X X
 5 . X X2X X . X X X
 4 X . X X X X O O .
 3 . X . X O X X X X
 2 X X X . O X X . X
 1 X X . X X . X X .

koPOSITIONALscoreAREAtaxNONEsui1komi7.5
Time taken: 0.771103
Root visits: 106
New playouts: 106
NN rows: 45
NN batches: 23
NN avg batch size: 1.95652
PV: pass pass
Tree:
: T 122.56c W 100.00c S  22.57c (+73.3 L +74.6) N     106  --  pass pass
---Black(^)---
pss : T 123.90c W 100.00c S  23.94c (+74.1 L +74.5) LCB  123.04c P 36.57% WF 288.4 PSV     286 N      36  --  pass pass
J4  : T 123.74c W 100.00c S  23.73c (+73.9 L +74.7) LCB  122.59c P 18.84% WF 238.8 PSV     132 N      30  --  J4 pass pass
D2  : T 123.80c W 100.00c S  23.68c (+73.9 L +75.0) LCB  121.36c P 10.35% WF 142.7 PSV      75 N      18  --  D2 pass pass
F9  : T 116.90c W 100.00c S  16.90c (+70.3 L +74.0) LCB -234.22c P  2.12% WF   7.2 PSV       2 N       1  --  F9
H9  : T 117.53c W 100.00c S  17.53c (+70.6 L +74.3) LCB -233.56c P  2.00% WF   7.3 PSV       2 N       1  --  H9
F5  : T 117.33c W 100.00c S  17.33c (+70.5 L +74.2) LCB -233.76c P  1.96% WF   7.1 PSV       2 N       1  --  F5
A7  : T 117.38c W 100.00c S  17.38c (+70.5 L +74.4) LCB -233.71c P  1.75% WF   7.2 PSV       2 N       1  --  A7
E8  : T 117.22c W 100.00c S  17.22c (+70.5 L +74.3) LCB -233.88c P  1.72% WF   7.1 PSV       2 N       1  --  E8
A9  : T 117.87c W 100.00c S  17.87c (+70.8 L +74.5) LCB -233.20c P  1.68% WF   7.3 PSV       2 N       1  --  A9
C3  : T 118.23c W 100.00c S  18.23c (+70.9 L +74.5) LCB -232.82c P  1.61% WF   7.3 PSV       2 N       1  --  C3

2026-07-16 22:04:34+0100: = J4
2026-07-16 22:04:34+0100: Controller: play W G4
2026-07-16 22:04:34+0100: = 
2026-07-16 22:04:34+0100: Controller: genmove B
2026-07-16 22:04:36+0100: MoveNum: 154 HASH: 9A1B576ADD39D43DCE418098FDA8654B
   A B C D E F G H J
 9 . X X . X . X . X
 8 X . X X . X . X .
 7 . X X X X . X X X
 6 X X . X X X . X X
 5 . X X X X . X X X
 4 X . X X X X O3. X2
 3 . X . X O X X X X
 2 X X X . O X X . X
 1 X X . X X . X X .

koPOSITIONALscoreAREAtaxNONEsui1komi7.5
Time taken: 1.52315
Root visits: 206
New playouts: 202
NN rows: 93
NN batches: 46
NN avg batch size: 2.02174
PV: pass pass
Tree:
: T 121.64c W 100.00c S  21.61c (+74.0 L +74.6) N     206  --  pass pass
---Black(^)---
pss : T 121.45c W 100.00c S  21.45c (+73.8 L +73.9) LCB  120.93c P 32.90% WF 581.0 PSV     582 N      73  --  pass pass
D2  : T 121.89c W 100.00c S  21.88c (+74.2 L +75.0) LCB  120.72c P 15.35% WF 309.3 PSV     309 N      39  --  D2 pass pass
H4  : T 121.36c W 100.00c S  21.26c (+73.7 L +74.1) LCB  120.12c P 13.04% WF 221.7 PSV     208 N      28  --  H4 pass pass
C6  : T 122.50c W 100.00c S  22.44c (+74.6 L +76.2) LCB  107.32c P  1.81% WF  54.7 PSV      49 N       7  --  C6 pass H4
B4  : T 122.38c W 100.00c S  22.22c (+74.4 L +75.1) LCB   93.77c P  1.63% WF  39.5 PSV      33 N       5  --  B4 pass pass
J8  : T 122.24c W 100.00c S  22.13c (+74.4 L +75.0) LCB   93.68c P  1.90% WF  39.5 PSV      32 N       5  --  J8 pass pass
F1  : T 122.04c W 100.00c S  22.10c (+74.3 L +75.1) LCB   93.48c P  2.28% WF  39.5 PSV      31 N       5  --  F1 pass pass
F7  : T 122.39c W 100.00c S  22.41c (+74.5 L +75.2) LCB   93.86c P  1.43% WF  39.6 PSV      31 N       5  --  F7 pass pass
F9  : T 122.15c W 100.00c S  22.07c (+74.4 L +75.2) LCB   78.53c P  1.95% WF  31.3 PSV      30 N       4  --  F9 pass
C1  : T 121.88c W 100.00c S  21.92c (+74.2 L +74.9) LCB   93.35c P  2.10% WF  39.5 PSV      25 N       5  --  C1 pass pass

2026-07-16 22:04:36+0100: = H4
2026-07-16 22:04:36+0100: Controller: play W pass
2026-07-16 22:04:36+0100: = 
2026-07-16 22:04:36+0100: Controller: genmove B
2026-07-16 22:04:36+0100: MoveNum: 156 HASH: 75B28F6B2B6278D137BD32C392CDD568
   A B C D E F G H J
 9 . X X . X . X . X
 8 X . X X . X . X .
 7 . X X X X . X X X
 6 X X . X X X . X X
 5 . X X X X . X X X
 4 X . X X X X .1X2X
 3 . X . X O X X X X
 2 X X X . O X X . X
 1 X X . X X . X X .

koPOSITIONALscoreAREAtaxNONEsui1komi7.5
Time taken: 0.653313
Root visits: 106
New playouts: 106
NN rows: 41
NN batches: 19
NN avg batch size: 2.15789
PV: pass pass
Tree:
: T 123.13c W 100.00c S  23.13c (+73.5 L +74.7) N     106  --  pass pass
---Black(^)---
pss : T 123.82c W 100.00c S  23.81c (+73.8 L +74.1) LCB  123.14c P 35.91% WF 344.4 PSV     343 N      43  --  pass pass
D2  : T 123.72c W 100.00c S  23.69c (+73.8 L +74.6) LCB  122.32c P 17.27% WF 206.5 PSV     152 N      26  --  D2 pass pass
C6  : T 124.31c W 100.00c S  24.33c (+74.3 L +75.4) LCB  117.58c P  1.58% WF  86.2 PSV      13 N      11  --  C6 pass pass
A9  : T 123.90c W 100.00c S  23.73c (+73.9 L +74.6) LCB   95.45c P  2.07% WF  39.6 PSV      12 N       5  --  A9 pass pass
F1  : T 121.75c W 100.00c S  21.75c (+72.7 L +76.8) LCB -229.09c P  2.34% WF   7.5 PSV       6 N       1  --  F1
J1  : T 122.15c W 100.00c S  22.15c (+72.9 L +77.2) LCB -228.68c P  2.07% WF   7.6 PSV       6 N       1  --  J1
C3  : T 120.73c W 100.00c S  20.73c (+72.1 L +76.5) LCB -230.17c P  2.48% WF   7.4 PSV       5 N       1  --  C3
A7  : T 121.15c W 100.00c S  21.15c (+72.4 L +76.5) LCB -229.73c P  2.28% WF   7.5 PSV       5 N       1  --  A7
G8  : T 119.88c W 100.00c S  19.88c (+71.6 L +75.8) LCB -231.07c P  2.43% WF   7.4 PSV       4 N       1  --  G8
J8  : T 120.59c W 100.00c S  20.59c (+72.0 L +76.3) LCB -230.32c P  2.43% WF   7.4 PSV       4 N       1  --  J8

2026-07-16 22:04:36+0100: = D2
2026-07-16 22:04:37+0100: Controller: play W E3
2026-07-16 22:04:37+0100: = 
2026-07-16 22:04:37+0100: Controller: genmove B
2026-07-16 22:04:37+0100: MoveNum: 158 HASH: 7DF7F62872AEB0C7259367B78606CA02
   A B C D E F G H J
 9 . X X . X . X . X
 8 X . X X . X . X .
 7 . X X X X . X X X
 6 X X . X X X . X X
 5 . X X X X . X X X
 4 X . X X X X . X X
 3 . X . X O3X X X X
 2 X X X X2. X X . X
 1 X X . X X . X X .

koPOSITIONALscoreAREAtaxNONEsui1komi7.5
Time taken: 0.809986
Root visits: 206
New playouts: 198
NN rows: 72
NN batches: 36
NN avg batch size: 2
PV: pass pass
Tree:
: T 123.40c W 100.00c S  23.39c (+73.8 L +74.4) N     206  --  pass pass
---Black(^)---
pss : T 123.23c W 100.00c S  23.23c (+73.5 L +73.6) LCB  123.05c P 35.71% WF 630.9 PSV     719 N      79  --  pass pass
E2  : T 123.12c W 100.00c S  23.08c (+73.4 L +73.6) LCB  122.48c P 17.74% WF 278.7 PSV     278 N      35  --  E2 pass pass
G4  : T 124.16c W 100.00c S  24.04c (+74.3 L +76.0) LCB  112.36c P  2.07% WF  63.3 PSV      54 N       8  --  G4 pass pass
F7  : T 124.11c W 100.00c S  24.14c (+74.4 L +76.2) LCB  109.15c P  1.82% WF  55.3 PSV      43 N       7  --  F7 pass pass
C6  : T 124.10c W 100.00c S  24.19c (+74.4 L +75.3) LCB   95.72c P  1.63% WF  39.7 PSV      39 N       5  --  C6 pass pass
F9  : T 123.65c W 100.00c S  23.71c (+74.1 L +76.3) LCB  103.53c P  2.45% WF  46.8 PSV      32 N       6  --  F9 pass pass
A5  : T 123.70c W 100.00c S  23.67c (+74.1 L +75.9) LCB   95.29c P  2.31% WF  39.3 PSV      32 N       5  --  A5 pass E2
A7  : T 123.75c W 100.00c S  23.72c (+74.1 L +75.2) LCB   80.24c P  2.25% WF  31.6 PSV      32 N       4  --  A7 pass pass
A3  : T 123.63c W 100.00c S  23.60c (+74.0 L +75.0) LCB   80.13c P  2.31% WF  31.6 PSV      30 N       4  --  A3 pass pass
A9  : T 123.42c W 100.00c S  23.71c (+74.1 L +75.2) LCB   79.91c P  2.70% WF  31.7 PSV      29 N       4  --  A9 pass pass

2026-07-16 22:04:37+0100: = E2
2026-07-16 22:04:37+0100: Controller: play W pass
2026-07-16 22:04:37+0100: = 
2026-07-16 22:04:37+0100: Controller: genmove B
2026-07-16 22:04:38+0100: MoveNum: 160 HASH: 0649CE7A13EC5591F796FB2D4B1C7C2A
   A B C D E F G H J
 9 . X X . X . X . X
 8 X . X X . X . X .
 7 . X X X X . X X X
 6 X X . X X X . X X
 5 . X X X X . X X X
 4 X . X X X X . X X
 3 . X . X .1X X X X
 2 X X X X X2X X . X
 1 X X . X X . X X .

koPOSITIONALscoreAREAtaxNONEsui1komi7.5
Time taken: 0.595426
Root visits: 105
New playouts: 105
NN rows: 30
NN batches: 18
NN avg batch size: 1.66667
PV: pass pass
Tree:
: T 123.57c W 100.00c S  23.56c (+73.3 L +74.3) N     105  --  pass pass
---Black(^)---
pss : T 124.03c W 100.00c S  24.02c (+73.5 L +73.6) LCB  123.78c P 46.16% WF 432.9 PSV     432 N      54  --  pass pass
F7  : T 124.20c W 100.00c S  24.22c (+73.7 L +74.3) LCB  112.60c P  2.76% WF  63.7 PSV      17 N       8  --  F7 pass pass
A5  : T 124.20c W 100.00c S  24.19c (+73.7 L +74.5) LCB  104.19c P  2.57% WF  47.7 PSV      16 N       6  --  A5 pass pass
C3  : T 124.19c W 100.00c S  24.17c (+73.7 L +74.5) LCB  104.20c P  2.23% WF  47.6 PSV      14 N       6  --  C3 pass pass
F9  : T 124.10c W 100.00c S  23.99c (+73.6 L +74.8) LCB   80.59c P  2.42% WF  31.5 PSV      14 N       4  --  F9 pass pass
G4  : T 124.21c W 100.00c S  24.16c (+73.7 L +74.5) LCB  104.19c P  2.13% WF  47.6 PSV      13 N       6  --  G4 pass pass
A9  : T 123.67c W 100.00c S  23.49c (+73.3 L +74.8) LCB   49.08c P  2.24% WF  23.5 PSV      10 N       3  --  A9 pass pass
A3  : T 121.30c W 100.00c S  21.30c (+72.1 L +76.4) LCB -229.56c P  2.83% WF   7.5 PSV       6 N       1  --  A3
G8  : T 120.85c W 100.00c S  20.85c (+71.8 L +76.3) LCB -230.05c P  2.77% WF   7.5 PSV       5 N       1  --  G8
A7  : T 121.02c W 100.00c S  21.02c (+71.9 L +76.4) LCB -229.87c P  2.59% WF   7.5 PSV       5 N       1  --  A7

2026-07-16 22:04:38+0100: = pass
2026-07-16 22:04:38+0100: Controller: quit
2026-07-16 22:04:38+0100: Quit requested by controller
2026-07-16 22:04:38+0100: = 
2026-07-16 22:04:38+0100: GPU -1 finishing, processed 15331 rows 5266 batches
2026-07-16 22:04:39+0100: All cleaned up, quitting
