2026-07-15 11:16:08+0100: Running with following config:
allowResignation = true
lagBuffer = 1.0
logAllGTPCommunication = true
logDir = gtp_logs
logSearchInfo = true
logSearchInfoForChosenMove = false
logToStderr = false
maxTimePondering = 60.0
maxVisits = 500
numSearchThreads = 6
ponderingEnabled = false
resignConsecTurns = 3
resignThreshold = -0.90
rules = tromp-taylor
searchFactorAfterOnePass = 0.50
searchFactorAfterTwoPass = 0.25
searchFactorWhenWinning = 0.40
searchFactorWhenWinningThreshold = 0.95

2026-07-15 11:16:08+0100: GTP Engine starting...
2026-07-15 11:16:08+0100: KataGo v1.16.5
2026-07-15 11:16:08+0100: Using TrompTaylor rules initially, unless GTP/GUI overrides this
2026-07-15 11:16:08+0100: Using 6 CPU thread(s) for search
2026-07-15 11:16:08+0100: nnRandSeed0 = 12967591788030165354
2026-07-15 11:16:08+0100: After dedups: nnModelFile0 = /Users/mettamazza/.katago/default_model.bin.gz useFP16 auto useNHWC auto
2026-07-15 11:16:08+0100: Initializing neural net buffer to be size 19 * 19 exactly
2026-07-15 11:16:09+0100: Loaded neural net with nnXLen 19 nnYLen 19
2026-07-15 11:16:09+0100: Initializing board with boardXSize 19 boardYSize 19
2026-07-15 11:16:09+0100: Loaded config /Users/mettamazza/.katago/default_gtp.cfg
2026-07-15 11:16:09+0100: Loaded model /Users/mettamazza/.katago/default_model.bin.gz
2026-07-15 11:16:09+0100: Model name: kata1-b18c384nbt-softplusfixv13-s5971481344-d3261785976
2026-07-15 11:16:09+0100: GTP ready, beginning main protocol loop
2026-07-15 11:16:09+0100: Controller: boardsize 19
2026-07-15 11:16:09+0100: = 
2026-07-15 11:16:09+0100: Controller: clear_board
2026-07-15 11:16:09+0100: = 
2026-07-15 11:16:13+0100: Controller: play B K16
2026-07-15 11:16:13+0100: = 
2026-07-15 11:16:13+0100: Controller: genmove W
2026-07-15 11:16:16+0100: MoveNum: 1 HASH: 625E5BA3EA829E6A5A6E972A4FD1C304
   A B C D E F G H J K L M N O P Q R S T
19 . . . . . . . . . . . . . . . . . . .
18 . . . . . . . . . . . . . . . . . . .
17 . . . . . . . . . . . . . . . . . . .
16 . . . @ . . . . . X1. . . . . . . . .
15 . . . . . . . . . . . . . . . . . . .
14 . . . . . . . . . . . . . . . . . . .
13 . . . . . . . . . . . . . . . . . . .
12 . . . . . . . . . . . . . . . . . . .
11 . . . . . . . . . . . . . . . . . . .
10 . . . . . . . . . . . . . . . . . . .
 9 . . . . . . . . . . . . . . . . . . .
 8 . . . . . . . . . . . . . . . . . . .
 7 . . . . . . . . . . . . . . . . . . .
 6 . . . . . . . . . . . . . . . . . . .
 5 . . . . . . . . . . . . . . . . . . .
 4 . . . . . . . . . . . . . . . . . . .
 3 . . . . . . . . . . . . . . . . . . .
 2 . . . . . . . . . . . . . . . . . . .
 1 . . . . . . . . . . . . . . . . . . .

koPOSITIONALscoreAREAtaxNONEsui1komi7.5
Time taken: 2.67577
Root visits: 505
New playouts: 505
NN rows: 474
NN batches: 159
NN avg batch size: 2.98113
PV: D16 R16 Q4 D4 P17 Q17 P16 Q14 M17 F17
Tree:
: T  33.20c W  32.22c S   0.88c ( +2.2 L  +1.4) N     505  --  D16 R16 Q4 D4 P17 Q17 P16
---White(^)---
D16 : T  33.49c W  32.49c S   0.91c ( +2.3 L  +1.4) LCB   32.68c P 22.82% WF 559.2 PSV     558 N     209  --  D16 R16 Q4 D4 P17 Q17 P16 Q14
C16 : T  33.39c W  32.22c S   0.85c ( +2.2 L  +1.4) LCB   32.32c P 11.36% WF 325.4 PSV     232 N     122  --  C16 R16 Q4 D4 F17 R3 Q3 R4
D17 : T  33.20c W  32.29c S   0.87c ( +2.2 L  +1.4) LCB   32.12c P 10.10% WF 233.0 PSV     158 N      88  --  D17 R16 Q4 D4 P17 Q17 P16 R14
D4  : T  32.66c W  31.72c S   0.87c ( +2.2 L  +1.4) LCB   31.12c P  1.60% WF 129.3 PSV      14 N      49  --  D4 R16 D16 Q3 P17 R6
D3  : T  31.92c W  31.39c S   0.80c ( +2.2 L  +1.4) LCB   29.44c P  1.09% WF  73.8 PSV       6 N      29  --  D3 C16 Q16 Q4 E17 C5 D15
C4  : T  29.77c W  29.42c S   0.65c ( +2.0 L  +1.4) LCB   10.15c P  1.25% WF  15.2 PSV       3 N       6  --  C4 R16 D16 Q4
C17 : T  29.98c W  29.39c S   0.59c ( +2.0 L  +1.5) LCB -320.02c P  0.68% WF   2.1 PSV       2 N       1  --  C17

2026-07-15 11:16:16+0100: = D16
2026-07-15 11:18:03+0100: Controller: play B J16
2026-07-15 11:18:03+0100: = 
2026-07-15 11:18:03+0100: Controller: genmove W
2026-07-15 11:18:06+0100: MoveNum: 3 HASH: 005DB3AB7945D2E0FC97E712197822B5
   A B C D E F G H J K L M N O P Q R S T
19 . . . . . . . . . . . . . . . . . . .
18 . . . . . . . . . . . . . . . . . . .
17 . . . . . . . . . . . . . . . @ . . .
16 . . . O2. . . . X3X1. . . . . . . . .
15 . . . . . . . . . . . . . . . . . . .
14 . . . . . . . . . . . . . . . . . . .
13 . . . . . . . . . . . . . . . . . . .
12 . . . . . . . . . . . . . . . . . . .
11 . . . . . . . . . . . . . . . . . . .
10 . . . . . . . . . . . . . . . . . . .
 9 . . . . . . . . . . . . . . . . . . .
 8 . . . . . . . . . . . . . . . . . . .
 7 . . . . . . . . . . . . . . . . . . .
 6 . . . . . . . . . . . . . . . . . . .
 5 . . . . . . . . . . . . . . . . . . .
 4 . . . . . . . . . . . . . . . . . . .
 3 . . . . . . . . . . . . . . . . . . .
 2 . . . . . . . . . . . . . . . . . . .
 1 . . . . . . . . . . . . . . . . . . .

koPOSITIONALscoreAREAtaxNONEsui1komi7.5
Time taken: 3.31495
Root visits: 503
New playouts: 503
NN rows: 489
NN batches: 165
NN avg batch size: 2.96364
PV: Q17 D4 Q4 C14 F17 R3 Q3 R4 R6
Tree:
: T  92.02c W  87.92c S   3.99c ( +9.6 L  +6.9) N     503  --  Q17 D4 Q4 C14 F17 R3 Q3
---White(^)---
Q17 : T  92.66c W  88.44c S   4.12c ( +9.7 L  +7.0) LCB   92.11c P 41.22% WF 433.9 PSV     694 N     227  --  Q17 D4 Q4 C14 F17 R3 Q3 R4
Q16 : T  92.40c W  88.18c S   4.06c ( +9.7 L  +6.9) LCB   91.84c P 45.69% WF 419.8 PSV     383 N     220  --  Q16 D3 Q3 C14 F17 R5
R16 : T  89.78c W  86.24c S   3.48c ( +9.1 L  +6.6) LCB   88.00c P  5.73% WF  52.3 PSV      16 N      29  --  R16 D4 Q3 P16 P17
R17 : T  87.80c W  84.39c S   3.04c ( +8.6 L  +6.1) LCB   84.44c P  1.39% WF  27.4 PSV       2 N      16  --  R17 D3 Q3 C14
Q4  : T  79.76c W  78.62c S   2.03c ( +7.6 L  +5.4) LCB   51.45c P  0.69% WF   8.0 PSV       0 N       5  --  Q4 Q17 R15 D4
D4  : T  80.38c W  79.10c S   2.21c ( +7.8 L  +5.5) LCB   51.39c P  0.58% WF   8.2 PSV       0 N       5  --  D4 Q17 R15 Q4

2026-07-15 11:18:06+0100: = Q17
2026-07-15 11:22:23+0100: Controller: play B Q18
2026-07-15 11:22:23+0100: = 
2026-07-15 11:22:23+0100: Controller: genmove W
2026-07-15 11:22:25+0100: MoveNum: 5 HASH: 477B0E94F38B03580F24AC42EFE13130
   A B C D E F G H J K L M N O P Q R S T
19 . . . . . . . . . . . . . . . . . . .
18 . . . . . . . . . . . . . . . X3. . .
17 . . . . . . . . . . . . . . @ O2. . .
16 . . . O . . . . X1X . . . . . . . . .
15 . . . . . . . . . . . . . . . . . . .
14 . . . . . . . . . . . . . . . . . . .
13 . . . . . . . . . . . . . . . . . . .
12 . . . . . . . . . . . . . . . . . . .
11 . . . . . . . . . . . . . . . . . . .
10 . . . . . . . . . . . . . . . . . . .
 9 . . . . . . . . . . . . . . . . . . .
 8 . . . . . . . . . . . . . . . . . . .
 7 . . . . . . . . . . . . . . . . . . .
 6 . . . . . . . . . . . . . . . . . . .
 5 . . . . . . . . . . . . . . . . . . .
 4 . . . . . . . . . . . . . . . . . . .
 3 . . . . . . . . . . . . . . . . . . .
 2 . . . . . . . . . . . . . . . . . . .
 1 . . . . . . . . . . . . . . . . . . .

koPOSITIONALscoreAREAtaxNONEsui1komi7.5
Time taken: 1.87531
Root visits: 505
New playouts: 505
NN rows: 481
NN batches: 161
NN avg batch size: 2.98758
PV: P17 Q4 D4 P18 O17 R17 R16 S17 S16 O18 N17 R13 L17
Tree:
: T  98.07c W  93.27c S   4.76c (+12.0 L  +9.3) N     505  --  P17 Q4 D4 P18 O17 R17 R16
---White(^)---
P17 : T  99.51c W  94.17c S   5.01c (+12.3 L  +9.5) LCB   98.96c P 38.13% WF 540.1 PSV     783 N     249  --  P17 Q4 D4 P18 O17 R17 R16 S17
P18 : T  96.91c W  92.49c S   4.78c (+12.1 L  +9.4) LCB   95.56c P 41.43% WF 326.6 PSV     143 N     180  --  P18 R18 R17 P17 O18 S17 S16 S18
R17 : T  93.46c W  90.61c S   3.56c (+10.8 L  +8.2) LCB   87.49c P 10.19% WF  38.3 PSV      17 N      22  --  R17 P17 P16 O16 O17 P18 O18 R18
R16 : T  93.47c W  90.91c S   3.49c (+10.7 L  +8.0) LCB   81.59c P  3.26% WF  13.9 PSV       5 N       8  --  R16 P17 P16 O16 O15 P15
P16 : T  95.65c W  91.82c S   3.93c (+11.1 L  +8.5) LCB   91.10c P  0.89% WF  24.7 PSV       2 N      13  --  P16 O17 O16 Q4
R18 : T  96.44c W  92.33c S   3.79c (+11.0 L  +8.2) LCB   94.99c P  0.65% WF  59.3 PSV       1 N      32  --  R18 D4 Q3 C14

2026-07-15 11:22:25+0100: = P17
2026-07-15 11:26:20+0100: Controller: play B D17
2026-07-15 11:26:20+0100: = 
2026-07-15 11:26:20+0100: Controller: genmove W
2026-07-15 11:26:21+0100: MoveNum: 7 HASH: BD197015BCFC1DACEF71A77792013540
   A B C D E F G H J K L M N O P Q R S T
19 . . . . . . . . . . . . . . . . . . .
18 . . . . . . . . . . . . . . . X1. . .
17 . . @ X3. . . . . . . . . . O2O . . .
16 . . . O . . . . X X . . . . . . . . .
15 . . . . . . . . . . . . . . . . . . .
14 . . . . . . . . . . . . . . . . . . .
13 . . . . . . . . . . . . . . . . . . .
12 . . . . . . . . . . . . . . . . . . .
11 . . . . . . . . . . . . . . . . . . .
10 . . . . . . . . . . . . . . . . . . .
 9 . . . . . . . . . . . . . . . . . . .
 8 . . . . . . . . . . . . . . . . . . .
 7 . . . . . . . . . . . . . . . . . . .
 6 . . . . . . . . . . . . . . . . . . .
 5 . . . . . . . . . . . . . . . . . . .
 4 . . . . . . . . . . . . . . . . . . .
 3 . . . . . . . . . . . . . . . . . . .
 2 . . . . . . . . . . . . . . . . . . .
 1 . . . . . . . . . . . . . . . . . . .

koPOSITIONALscoreAREAtaxNONEsui1komi7.5
Time taken: 1.47437
Root visits: 505
New playouts: 505
NN rows: 445
NN batches: 149
NN avg batch size: 2.98658
PV: C17 E17 E16 F17 C16 D4 Q4 P18 O17 R17 R16
Tree:
: T  98.84c W  94.38c S   4.45c (+12.8 L +10.1) N     505  --  C17 E17 E16 F17 C16 D4 Q4
---White(^)---
C17 : T  99.31c W  94.71c S   4.58c (+12.9 L +10.2) LCB   98.56c P 79.39% WF 646.5 PSV     644 N     312  --  C17 E17 E16 F17 C16 D4 Q4 P18
C16 : T  98.53c W  94.25c S   4.30c (+12.6 L +10.0) LCB   97.70c P  5.74% WF 237.7 PSV      30 N     120  --  C16 P18 O17 R17 R16 S17 S16 O18
E17 : T  98.07c W  93.45c S   4.57c (+12.9 L +10.4) LCB   95.57c P  4.28% WF  75.7 PSV      18 N      41  --  E17 C17 C16 E16 F17 B16 B15 B17
E16 : T  97.07c W  93.27c S   3.83c (+12.1 L  +9.6) LCB   94.25c P  3.89% WF  44.3 PSV      12 N      23  --  E16 C16 C17 C18 B17 B18 E17 D18
D4  : T  92.70c W  90.11c S   2.40c (+10.7 L  +8.1) LCB   64.50c P  0.26% WF   7.5 PSV       0 N       5  --  D4 C16 C15 D15 E16
Q4  : T  91.50c W  89.95c S   2.17c (+10.4 L  +7.8) LCB   17.46c P  0.26% WF   5.4 PSV       0 N       3  --  Q4 C16 C15

2026-07-15 11:26:21+0100: = C17
2026-07-15 11:29:36+0100: Controller: play B C16
2026-07-15 11:29:36+0100: = 
2026-07-15 11:29:36+0100: Controller: genmove W
2026-07-15 11:29:38+0100: MoveNum: 9 HASH: E399E6E119DD6D4DF4DC39688EFA80A9
   A B C D E F G H J K L M N O P Q R S T
19 . . . . . . . . . . . . . . . . . . .
18 . . . . . . . . . . . . . . . X . . .
17 . . O2X1@ . . . . . . . . . O O . . .
16 . . X3O . . . . X X . . . . . . . . .
15 . . . . . . . . . . . . . . . . . . .
14 . . . . . . . . . . . . . . . . . . .
13 . . . . . . . . . . . . . . . . . . .
12 . . . . . . . . . . . . . . . . . . .
11 . . . . . . . . . . . . . . . . . . .
10 . . . . . . . . . . . . . . . . . . .
 9 . . . . . . . . . . . . . . . . . . .
 8 . . . . . . . . . . . . . . . . . . .
 7 . . . . . . . . . . . . . . . . . . .
 6 . . . . . . . . . . . . . . . . . . .
 5 . . . . . . . . . . . . . . . . . . .
 4 . . . . . . . . . . . . . . . . . . .
 3 . . . . . . . . . . . . . . . . . . .
 2 . . . . . . . . . . . . . . . . . . .
 1 . . . . . . . . . . . . . . . . . . .

koPOSITIONALscoreAREAtaxNONEsui1komi7.5
Time taken: 1.33296
Root visits: 505
New playouts: 505
NN rows: 403
NN batches: 135
NN avg batch size: 2.98519
PV: E17 D18 C15 E16 D15 B16 B17 B18 B15 C18 F16 A17 Q4
Tree:
: T 103.20c W  97.25c S   6.00c (+15.4 L +13.0) N     505  --  E17 D18 C15 E16 D15 B16 B17
---White(^)---
E17 : T 103.85c W  97.54c S   6.38c (+15.8 L +13.3) LCB  102.89c P 39.93% WF 519.8 PSV    1123 N     212  --  E17 D18 C15 E16 D15 B16 B17 B18
C15 : T 103.31c W  97.37c S   5.98c (+15.4 L +13.0) LCB  102.50c P 51.30% WF 614.1 PSV     615 N     252  --  C15 B16 E17 D15 D18 E16 D17 C14
E16 : T  93.60c W  91.34c S   2.61c (+12.0 L  +9.4) LCB   86.91c P  5.82% WF  17.2 PSV       7 N      11  --  E16 C18 B17 B18 E17 D18 C15 B16
C18 : T  99.49c W  95.47c S   3.78c (+13.1 L +10.6) LCB   95.13c P  0.49% WF  25.6 PSV       1 N      14  --  C18 P18 O17 R17 R16 S17
D15 : T  93.35c W  92.25c S   2.48c (+11.9 L  +9.4) LCB   48.42c P  0.83% WF   6.5 PSV       1 N       4  --  D15 B17 C18 B18
B17 : T  98.56c W  94.86c S   3.44c (+12.8 L +10.2) LCB   90.94c P  0.23% WF  16.4 PSV       0 N      10  --  B17 P18 O17 R17 R16

2026-07-15 11:29:38+0100: = E17
2026-07-15 11:32:26+0100: Controller: play B D18
2026-07-15 11:32:26+0100: = 
2026-07-15 11:32:26+0100: Controller: genmove W
2026-07-15 11:32:27+0100: MoveNum: 11 HASH: D3BCAE96297A83908478D9DB7F125D4E
   A B C D E F G H J K L M N O P Q R S T
19 . . . . . . . . . . . . . . . . . . .
18 . . . X3. . . . . . . . . . . X . . .
17 . . O X O2. . . . . . . . . O O . . .
16 . . X1O . . . . X X . . . . . . . . .
15 . . @ . . . . . . . . . . . . . . . .
14 . . . . . . . . . . . . . . . . . . .
13 . . . . . . . . . . . . . . . . . . .
12 . . . . . . . . . . . . . . . . . . .
11 . . . . . . . . . . . . . . . . . . .
10 . . . . . . . . . . . . . . . . . . .
 9 . . . . . . . . . . . . . . . . . . .
 8 . . . . . . . . . . . . . . . . . . .
 7 . . . . . . . . . . . . . . . . . . .
 6 . . . . . . . . . . . . . . . . . . .
 5 . . . . . . . . . . . . . . . . . . .
 4 . . . . . . . . . . . . . . . . . . .
 3 . . . . . . . . . . . . . . . . . . .
 2 . . . . . . . . . . . . . . . . . . .
 1 . . . . . . . . . . . . . . . . . . .

koPOSITIONALscoreAREAtaxNONEsui1komi7.5
Time taken: 0.913533
Root visits: 505
New playouts: 308
NN rows: 284
NN batches: 95
NN avg batch size: 2.98947
PV: C15 E16 D15 F17 Q3 D4 C3
Tree:
: T 102.39c W  97.60c S   4.92c (+15.7 L +13.3) N     505  --  C15 E16 D15 F17 Q3 D4 C3
---White(^)---
C15 : T 102.81c W  97.82c S   5.08c (+15.9 L +13.4) LCB  102.40c P 55.35% WF 944.1 PSV     940 N     368  --  C15 E16 D15 F17 Q3 D4 C3
C18 : T 101.14c W  96.96c S   4.46c (+15.3 L +12.8) LCB   99.29c P 39.86% WF 297.8 PSV     214 N     134  --  C18 E18 C15 E16 D15 F17 Q3 P18
B17 : T  96.65c W  95.22c S   1.86c (+12.6 L +10.0) LCB  -56.23c P  1.63% WF   4.0 PSV       3 N       2  --  B17 E18

2026-07-15 11:32:27+0100: = C15
2026-07-15 11:35:50+0100: Controller: play B B16
2026-07-15 11:35:50+0100: = 
2026-07-15 11:35:50+0100: Controller: genmove W
2026-07-15 11:35:51+0100: MoveNum: 13 HASH: E3DB755DA5DC2E5ED91AA6BDD9B83F43
   A B C D E F G H J K L M N O P Q R S T
19 . . . . . . . . . . . . . . . . . . .
18 . . @ X1. . . . . . . . . . . X . . .
17 . . O X O . . . . . . . . . O O . . .
16 . X3X O . . . . X X . . . . . . . . .
15 . . O2. . . . . . . . . . . . . . . .
14 . . . . . . . . . . . . . . . . . . .
13 . . . . . . . . . . . . . . . . . . .
12 . . . . . . . . . . . . . . . . . . .
11 . . . . . . . . . . . . . . . . . . .
10 . . . . . . . . . . . . . . . . . . .
 9 . . . . . . . . . . . . . . . . . . .
 8 . . . . . . . . . . . . . . . . . . .
 7 . . . . . . . . . . . . . . . . . . .
 6 . . . . . . . . . . . . . . . . . . .
 5 . . . . . . . . . . . . . . . . . . .
 4 . . . . . . . . . . . . . . . . . . .
 3 . . . . . . . . . . . . . . . . . . .
 2 . . . . . . . . . . . . . . . . . . .
 1 . . . . . . . . . . . . . . . . . . .

koPOSITIONALscoreAREAtaxNONEsui1komi7.5
Time taken: 0.855811
Root visits: 505
New playouts: 293
NN rows: 251
NN batches: 84
NN avg batch size: 2.9881
PV: C18 D15 E16 B18 E18 B17 D19 D14 B14 C13 B13 B12 C12
Tree:
: T 102.86c W  97.86c S   5.01c (+16.0 L +13.7) N     505  --  C18 D15 E16 B18 E18 B17 D19
---White(^)---
C18 : T 102.94c W  97.92c S   5.05c (+16.1 L +13.8) LCB  102.48c P 49.01% WF 664.4 PSV     945 N     256  --  C18 D15 E16 B18 E18 B17 D19 D14
B17 : T 102.79c W  97.81c S   4.96c (+16.0 L +13.6) LCB  102.21c P 45.23% WF 622.5 PSV     529 N     248  --  B17 E16 D15 B18 B15 C18 F16 A17

2026-07-15 11:35:51+0100: = C18
2026-07-15 11:40:07+0100: Controller: play B E16
2026-07-15 11:40:07+0100: = 
2026-07-15 11:40:07+0100: Controller: genmove W
2026-07-15 11:40:08+0100: MoveNum: 15 HASH: 2C3B06306C2FCC0E018BE53FC546B187
   A B C D E F G H J K L M N O P Q R S T
19 . . . . . . . . . . . . . . . . . . .
18 . . O2X . . . . . . . . . . . X . . .
17 . . O X O . . . . . . . . . O O . . .
16 . X1X O X3. . . X X . . . . . . . . .
15 . . O @ . . . . . . . . . . . . . . .
14 . . . . . . . . . . . . . . . . . . .
13 . . . . . . . . . . . . . . . . . . .
12 . . . . . . . . . . . . . . . . . . .
11 . . . . . . . . . . . . . . . . . . .
10 . . . . . . . . . . . . . . . . . . .
 9 . . . . . . . . . . . . . . . . . . .
 8 . . . . . . . . . . . . . . . . . . .
 7 . . . . . . . . . . . . . . . . . . .
 6 . . . . . . . . . . . . . . . . . . .
 5 . . . . . . . . . . . . . . . . . . .
 4 . . . . . . . . . . . . . . . . . . .
 3 . . . . . . . . . . . . . . . . . . .
 2 . . . . . . . . . . . . . . . . . . .
 1 . . . . . . . . . . . . . . . . . . .

koPOSITIONALscoreAREAtaxNONEsui1komi7.5
Time taken: 1.0311
Root visits: 369
New playouts: 328
NN rows: 308
NN batches: 104
NN avg batch size: 2.96154
PV: D15 E18 B15 F17 Q4 D4 R16 R3 Q3
Tree:
: T 102.93c W  98.11c S   4.88c (+15.9 L +13.6) N     369  --  D15 E18 B15 F17 Q4 D4 R16
---White(^)---
D15 : T 102.93c W  98.11c S   4.88c (+15.9 L +13.6) LCB  102.58c P 99.92% WF 1029.0 PSV    1029 N     368  --  D15 E18 B15 F17 Q4 D4 R16 R3

2026-07-15 11:40:08+0100: = D15
2026-07-15 11:45:16+0100: Controller: play B E18
2026-07-15 11:45:16+0100: = 
2026-07-15 11:45:16+0100: Controller: genmove W
2026-07-15 11:45:16+0100: MoveNum: 17 HASH: F1A07D3D0658BFBF9ADD5B06DB2963EE
   A B C D E F G H J K L M N O P Q R S T
19 . . . . . . . . . . . . . . . . . . .
18 . . O X X3. . . . . . . . . . X . . .
17 . . O X O . . . . . . . . . O O . . .
16 . X X O X1. . . X X . . . . . . . . .
15 . @ O O2. . . . . . . . . . . . . . .
14 . . . . . . . . . . . . . . . . . . .
13 . . . . . . . . . . . . . . . . . . .
12 . . . . . . . . . . . . . . . . . . .
11 . . . . . . . . . . . . . . . . . . .
10 . . . . . . . . . . . . . . . . . . .
 9 . . . . . . . . . . . . . . . . . . .
 8 . . . . . . . . . . . . . . . . . . .
 7 . . . . . . . . . . . . . . . . . . .
 6 . . . . . . . . . . . . . . . . . . .
 5 . . . . . . . . . . . . . . . . . . .
 4 . . . . . . . . . . . . . . . . . . .
 3 . . . . . . . . . . . . . . . . . . .
 2 . . . . . . . . . . . . . . . . . . .
 1 . . . . . . . . . . . . . . . . . . .

koPOSITIONALscoreAREAtaxNONEsui1komi7.5
Time taken: 0.02141
Root visits: 358
New playouts: 0
NN rows: 1
NN batches: 1
NN avg batch size: 1
PV: B15 F17 Q4 D4 R16 R3 Q3
Tree:
: T 103.08c W  98.09c S   5.02c (+15.8 L +13.5) N     358  --  B15 F17 Q4 D4 R16 R3 Q3
---White(^)---
B15 : T 103.18c W  98.12c S   5.09c (+15.8 L +13.5) LCB  102.88c P 96.59% WF 950.4 PSV     950 N     337  --  B15 F17 Q4 D4 R16 R3 Q3
B17 : T 101.11c W  97.50c S   3.73c (+14.4 L +12.2) LCB   98.63c P  2.26% WF  46.5 PSV       7 N      19  --  B17 F17 Q3 P18 O17

2026-07-15 11:45:16+0100: = B15
2026-07-15 11:54:13+0100: Controller: play B B14
2026-07-15 11:54:13+0100: = 
2026-07-15 11:54:13+0100: Controller: genmove W
2026-07-15 11:54:14+0100: MoveNum: 19 HASH: F2B2906381AC2FC042A81DFDE9C15F56
   A B C D E F G H J K L M N O P Q R S T
19 . . . . . . . . . . . . . . . . . . .
18 . . O X X1. . . . . . . . . . X . . .
17 . . O X O @ . . . . . . . . O O . . .
16 . X X O X . . . X X . . . . . . . . .
15 . O2O O . . . . . . . . . . . . . . .
14 . X3. . . . . . . . . . . . . . . . .
13 . . . . . . . . . . . . . . . . . . .
12 . . . . . . . . . . . . . . . . . . .
11 . . . . . . . . . . . . . . . . . . .
10 . . . . . . . . . . . . . . . . . . .
 9 . . . . . . . . . . . . . . . . . . .
 8 . . . . . . . . . . . . . . . . . . .
 7 . . . . . . . . . . . . . . . . . . .
 6 . . . . . . . . . . . . . . . . . . .
 5 . . . . . . . . . . . . . . . . . . .
 4 . . . . . . . . . . . . . . . . . . .
 3 . . . . . . . . . . . . . . . . . . .
 2 . . . . . . . . . . . . . . . . . . .
 1 . . . . . . . . . . . . . . . . . . .

koPOSITIONALscoreAREAtaxNONEsui1komi7.5
Time taken: 1.39159
Root visits: 334
New playouts: 334
NN rows: 312
NN batches: 105
NN avg batch size: 2.97143
PV: F17 F18 G17 G18 C13 H17 Q3 D4 R17
Tree:
: T 105.78c W  99.17c S   6.72c (+22.1 L +19.9) N     334  --  F17 F18 G17 G18 C13 H17 Q3
---White(^)---
F17 : T 106.26c W  99.23c S   7.10c (+22.5 L +20.4) LCB  105.45c P 84.26% WF 942.5 PSV     940 N     286  --  F17 F18 G17 G18 C13 H17 Q3 D4
C13 : T 102.14c W  99.02c S   3.44c (+18.6 L +16.4) LCB   99.49c P  1.63% WF  49.4 PSV       3 N      17  --  C13 F17 Q3 D4
Q4  : T 101.88c W  98.35c S   3.77c (+19.0 L +16.3) LCB   94.35c P  0.43% WF  18.8 PSV       0 N       9  --  Q4 A15 B17 A16
D4  : T 101.48c W  98.29c S   3.42c (+18.6 L +16.1) LCB   91.63c P  0.42% WF  18.9 PSV       0 N       9  --  D4 A15 B17 A16
R4  : T 101.96c W  98.46c S   3.69c (+18.9 L +16.4) LCB   90.10c P  0.41% WF  17.8 PSV       0 N       8  --  R4 A15 B17 A16
Q3  : T 101.59c W  98.50c S   3.49c (+18.7 L +16.2) LCB   56.49c P  0.42% WF  10.1 PSV       0 N       4  --  Q3 A15 C13

2026-07-15 11:54:14+0100: = F17
2026-07-15 12:16:35+0100: Controller: play B A15
2026-07-15 12:16:35+0100: = 
2026-07-15 12:16:35+0100: Controller: genmove W
2026-07-15 12:16:36+0100: MoveNum: 21 HASH: 2BFF33CD0E809F7BE9520733BF6CA392
   A B C D E F G H J K L M N O P Q R S T
19 . . . . . . . . . . . . . . . . . . .
18 . . O X X @ . . . . . . . . . X . . .
17 . . O X O O2. . . . . . . . O O . . .
16 . X X O X . . . X X . . . . . . . . .
15 X3O O O . . . . . . . . . . . . . . .
14 . X1. . . . . . . . . . . . . . . . .
13 . . . . . . . . . . . . . . . . . . .
12 . . . . . . . . . . . . . . . . . . .
11 . . . . . . . . . . . . . . . . . . .
10 . . . . . . . . . . . . . . . . . . .
 9 . . . . . . . . . . . . . . . . . . .
 8 . . . . . . . . . . . . . . . . . . .
 7 . . . . . . . . . . . . . . . . . . .
 6 . . . . . . . . . . . . . . . . . . .
 5 . . . . . . . . . . . . . . . . . . .
 4 . . . . . . . . . . . . . . . . . . .
 3 . . . . . . . . . . . . . . . . . . .
 2 . . . . . . . . . . . . . . . . . . .
 1 . . . . . . . . . . . . . . . . . . .

koPOSITIONALscoreAREAtaxNONEsui1komi7.5
Time taken: 0.847284
Root visits: 320
New playouts: 314
NN rows: 258
NN batches: 86
NN avg batch size: 3
PV: F18 E14 C14 B13 C13 C12 D4 B17 E19
Tree:
: T 107.65c W  99.54c S   8.02c (+25.8 L +23.9) N     320  --  F18 E14 C14 B13 C13 C12 D4
---White(^)---
F18 : T 108.33c W  99.62c S   8.62c (+26.4 L +24.5) LCB  107.77c P 61.09% WF 881.9 PSV     876 N     215  --  F18 E14 C14 B13 C13 C12 D4 B17
B17 : T 106.28c W  99.43c S   6.84c (+24.5 L +22.5) LCB  104.82c P 28.34% WF 304.6 PSV     124 N      92  --  B17 F18 G17 G18 C13 H17 Q4 D4
C13 : T  97.86c W  97.38c S  -0.15c (+17.1 L +14.3) LCB   23.18c P  4.25% WF   5.7 PSV       4 N       3  --  C13 B17 B18
A17 : T 101.31c W  98.93c S   2.61c (+20.0 L +18.3) LCB   80.81c P  0.34% WF  12.6 PSV       0 N       6  --  A17 E14 E15 F15
C14 : T  99.86c W  97.92c S   1.31c (+18.7 L +16.3) LCB   24.05c P  0.51% WF   5.4 PSV       0 N       3  --  C14 B17 B18

2026-07-15 12:16:36+0100: = F18
2026-07-15 12:27:06+0100: Controller: play B E15
2026-07-15 12:27:06+0100: = 
2026-07-15 12:27:06+0100: Controller: genmove W
2026-07-15 12:27:07+0100: MoveNum: 23 HASH: D2A98C44FF4C623DCC3AD5734F0EBE6B
   A B C D E F G H J K L M N O P Q R S T
19 . . . . . . . . . . . . . . . . . . .
18 . . O X X O2. . . . . . . . . X . . .
17 . . O X O O . . . . . . . . O O . . .
16 . X X O X . . . X X . . . . . . . . .
15 X1O O O X3. . . . . . . . . . . . . .
14 . X . . . . . . . . . . . . . . . . .
13 . . @ . . . . . . . . . . . . . . . .
12 . . . . . . . . . . . . . . . . . . .
11 . . . . . . . . . . . . . . . . . . .
10 . . . . . . . . . . . . . . . . . . .
 9 . . . . . . . . . . . . . . . . . . .
 8 . . . . . . . . . . . . . . . . . . .
 7 . . . . . . . . . . . . . . . . . . .
 6 . . . . . . . . . . . . . . . . . . .
 5 . . . . . . . . . . . . . . . . . . .
 4 . . . . . . . . . . . . . . . . . . .
 3 . . . . . . . . . . . . . . . . . . .
 2 . . . . . . . . . . . . . . . . . . .
 1 . . . . . . . . . . . . . . . . . . .

koPOSITIONALscoreAREAtaxNONEsui1komi7.5
Time taken: 0.96574
Root visits: 320
New playouts: 320
NN rows: 304
NN batches: 103
NN avg batch size: 2.95146
PV: C13 D13 E14 C12 D14 E13 F14 B17
Tree:
: T 109.17c W  99.60c S   9.46c (+30.5 L +28.6) N     320  --  C13 D13 E14 C12 D14 E13 F14
---White(^)---
C13 : T 109.72c W  99.66c S   9.94c (+31.1 L +29.2) LCB  109.08c P 57.96% WF 867.0 PSV     863 N     206  --  C13 D13 E14 C12 D14 E13 F14 B17
D14 : T 109.01c W  99.74c S   9.20c (+30.2 L +28.1) LCB  108.56c P 29.11% WF 379.6 PSV     261 N      85  --  D14 D4 Q4 P18 O17
B17 : T 106.62c W  99.72c S   6.77c (+27.4 L +25.5) LCB  103.93c P 12.54% WF  70.3 PSV      48 N      17  --  B17 P18 O17 R17 R16
A16 : T 106.08c W  99.14c S   6.38c (+27.3 L +25.4) LCB   85.00c P  0.11% WF  13.4 PSV       0 N       6  --  A16 A17 C13 C14 D14
A14 : T 101.36c W  98.72c S   2.77c (+23.3 L +21.2) LCB  -52.83c P  0.02% WF   3.4 PSV       0 N       2  --  A14 A13
D19 : T  92.56c W  97.21c S  -4.65c (+15.7 L +13.5) LCB -257.44c P  0.04% WF   1.4 PSV       0 N       1  --  D19
C14 : T -121.22c W -95.48c S -25.74c (-19.5 L -24.9) LCB -471.22c P  0.04% WF   0.5 PSV       0 N       1  --  C14
E19 : T  92.51c W  97.44c S  -4.93c (+15.4 L +13.4) LCB -257.49c P  0.02% WF   1.1 PSV       0 N       1  --  E19

2026-07-15 12:27:07+0100: = C13
2026-07-15 12:34:16+0100: Controller: play B C14
2026-07-15 12:34:16+0100: = 
2026-07-15 12:34:16+0100: Controller: genmove W
2026-07-15 12:34:18+0100: MoveNum: 25 HASH: 0B9201F3A89B57987982982D99EBC5D0
   A B C D E F G H J K L M N O P Q R S T
19 . . . . . . . . . . . . . . . . . . .
18 . . O X X O . . . . . . . . . X . . .
17 . . O X O O . . . . . . . . O O . . .
16 . X X O X . . . X X . . . . . . . . .
15 X O O O X1. . . . . . . . . . . . . .
14 . X X3@ . . . . . . . . . . . . . . .
13 . . O2. . . . . . . . . . . . . . . .
12 . . . . . . . . . . . . . . . . . . .
11 . . . . . . . . . . . . . . . . . . .
10 . . . . . . . . . . . . . . . . . . .
 9 . . . . . . . . . . . . . . . . . . .
 8 . . . . . . . . . . . . . . . . . . .
 7 . . . . . . . . . . . . . . . . . . .
 6 . . . . . . . . . . . . . . . . . . .
 5 . . . . . . . . . . . . . . . . . . .
 4 . . . . . . . . . . . . . . . . . . .
 3 . . . . . . . . . . . . . . . . . . .
 2 . . . . . . . . . . . . . . . . . . .
 1 . . . . . . . . . . . . . . . . . . .

koPOSITIONALscoreAREAtaxNONEsui1komi7.5
Time taken: 1.60004
Root visits: 254
New playouts: 250
NN rows: 230
NN batches: 78
NN avg batch size: 2.94872
PV: D14 D13 E14 B13 E13 B17 B18 C12 E12 N17 B11 C11
Tree:
: T 109.16c W  99.42c S   9.57c (+33.6 L +31.5) N     254  --  D14 D13 E14 B13 E13 B17 B18
---White(^)---
D14 : T 109.39c W  99.61c S   9.64c (+33.6 L +31.6) LCB  106.98c P 99.78% WF 1085.7 PSV    1085 N     243  --  D14 D13 E14 B13 E13 B17 B18 C12
Q4  : T -125.08c W -98.12c S -26.96c (-22.6 L -21.9) LCB -475.08c P  0.02% WF   0.2 PSV       0 N       1  --  Q4
Q3  : T -124.84c W -97.99c S -26.85c (-22.2 L -21.7) LCB -474.84c P  0.02% WF   0.2 PSV       0 N       1  --  Q3
P3  : T -125.12c W -98.19c S -26.94c (-22.6 L -21.8) LCB -475.12c P  0.01% WF   0.1 PSV       0 N       1  --  P3
R4  : T -124.97c W -98.18c S -26.78c (-21.8 L -21.3) LCB -474.97c P  0.01% WF   0.1 PSV       0 N       1  --  R4
pss : T -128.23c W -98.68c S -29.56c (-35.9 L -34.6) LCB -478.23c P  0.01% WF   0.1 PSV       0 N       1  --  pass
R3  : T -125.18c W -98.19c S -26.99c (-23.1 L -22.5) LCB -475.18c P  0.01% WF   0.1 PSV       0 N       1  --  R3
B17 : T -127.32c W -98.22c S -29.10c (-32.8 L -33.1) LCB -477.32c P  0.00% WF   0.1 PSV       0 N       1  --  B17
E14 : T -127.21c W -98.97c S -28.24c (-28.0 L -28.5) LCB -477.21c P  0.00% WF   0.1 PSV       0 N       1  --  E14
O3  : T -125.45c W -98.26c S -27.19c (-23.8 L -23.2) LCB -475.45c P  0.00% WF   0.0 PSV       0 N       1  --  O3

2026-07-15 12:34:18+0100: = D14
2026-07-15 12:45:43+0100: Controller: play B D13
2026-07-15 12:45:43+0100: = 
2026-07-15 12:45:43+0100: Controller: genmove W
2026-07-15 12:45:43+0100: MoveNum: 27 HASH: B1FD24715DF1F0F2945A48939ACBE81A
   A B C D E F G H J K L M N O P Q R S T
19 . . . . . . . . . . . . . . . . . . .
18 . . O X X O . . . . . . . . . X . . .
17 . . O X O O . . . . . . . . O O . . .
16 . X X O X . . . X X . . . . . . . . .
15 X O O O X . . . . . . . . . . . . . .
14 . X X1O2@ . . . . . . . . . . . . . .
13 . . O X3. . . . . . . . . . . . . . .
12 . . . . . . . . . . . . . . . . . . .
11 . . . . . . . . . . . . . . . . . . .
10 . . . . . . . . . . . . . . . . . . .
 9 . . . . . . . . . . . . . . . . . . .
 8 . . . . . . . . . . . . . . . . . . .
 7 . . . . . . . . . . . . . . . . . . .
 6 . . . . . . . . . . . . . . . . . . .
 5 . . . . . . . . . . . . . . . . . . .
 4 . . . . . . . . . . . . . . . . . . .
 3 . . . . . . . . . . . . . . . . . . .
 2 . . . . . . . . . . . . . . . . . . .
 1 . . . . . . . . . . . . . . . . . . .

koPOSITIONALscoreAREAtaxNONEsui1komi7.5
Time taken: 0.141696
Root visits: 237
New playouts: 26
NN rows: 23
NN batches: 16
NN avg batch size: 1.4375
PV: E14 B13 E13 C12 E12 N17 B11 B17 B18 C10 C11
Tree:
: T 109.42c W  99.62c S   9.72c (+33.4 L +31.3) N     237  --  E14 B13 E13 C12 E12 N17 B11
---White(^)---
E14 : T 109.42c W  99.62c S   9.72c (+33.4 L +31.2) LCB  107.01c P 99.91% WF 1065.8 PSV    1066 N     236  --  E14 B13 E13 C12 E12 N17 B11 B17

2026-07-15 12:45:43+0100: = E14
2026-07-15 12:54:27+0100: Controller: play B E13
2026-07-15 12:54:27+0100: = 
2026-07-15 12:54:27+0100: Controller: genmove W
2026-07-15 12:54:28+0100: MoveNum: 29 HASH: 5C21CFD8D9E2F2DAD2607043CF275015
   A B C D E F G H J K L M N O P Q R S T
19 . . . . . . . . . . . . . . . . . . .
18 . . O X X O . . . . . . . . . X . . .
17 . . O X O O . . . . . . . . O O . . .
16 . X X O X . . . X X . . . . . . . . .
15 X O O O X . . . . . . . . . . . . . .
14 . X X O O2@ . . . . . . . . . . . . .
13 . . O X1X3. . . . . . . . . . . . . .
12 . . . . . . . . . . . . . . . . . . .
11 . . . . . . . . . . . . . . . . . . .
10 . . . . . . . . . . . . . . . . . . .
 9 . . . . . . . . . . . . . . . . . . .
 8 . . . . . . . . . . . . . . . . . . .
 7 . . . . . . . . . . . . . . . . . . .
 6 . . . . . . . . . . . . . . . . . . .
 5 . . . . . . . . . . . . . . . . . . .
 4 . . . . . . . . . . . . . . . . . . .
 3 . . . . . . . . . . . . . . . . . . .
 2 . . . . . . . . . . . . . . . . . . .
 1 . . . . . . . . . . . . . . . . . . .

koPOSITIONALscoreAREAtaxNONEsui1komi7.5
Time taken: 0.749145
Root visits: 240
New playouts: 238
NN rows: 225
NN batches: 76
NN avg batch size: 2.96053
PV: F14 N17 P18 D4 Q3
Tree:
: T 112.70c W  99.84c S  12.71c (+41.7 L +39.6) N     240  --  F14 N17 P18 D4 Q3
---White(^)---
F14 : T 112.81c W  99.92c S  12.77c (+41.7 L +39.6) LCB  112.29c P 99.86% WF 1162.8 PSV    1163 N     227  --  F14 N17 P18 D4 Q3
F15 : T -129.75c W -98.99c S -30.76c (-40.4 L -40.4) LCB -479.75c P  0.01% WF   0.2 PSV       0 N       1  --  F15
F16 : T -129.93c W -99.02c S -30.91c (-42.1 L -43.2) LCB -479.93c P  0.00% WF   0.0 PSV       0 N       1  --  F16
F13 : T -129.52c W -99.00c S -30.52c (-38.6 L -38.5) LCB -479.52c P  0.00% WF   0.0 PSV       0 N       1  --  F13
B17 : T -129.86c W -98.71c S -31.14c (-43.2 L -43.8) LCB -479.86c P  0.00% WF   0.0 PSV       0 N       1  --  B17
R4  : T -127.85c W -98.05c S -29.80c (-34.3 L -33.6) LCB -477.85c P  0.00% WF   0.0 PSV       0 N       1  --  R4
Q3  : T -127.63c W -97.93c S -29.71c (-33.8 L -33.3) LCB -477.63c P  0.00% WF   0.0 PSV       0 N       1  --  Q3
Q4  : T -127.58c W -97.82c S -29.76c (-34.0 L -33.5) LCB -477.58c P  0.00% WF   0.0 PSV       0 N       1  --  Q4
D4  : T -127.34c W -97.51c S -29.83c (-34.6 L -34.5) LCB -477.34c P  0.00% WF   0.0 PSV       0 N       1  --  D4
B13 : T -129.53c W -98.96c S -30.57c (-39.0 L -39.2) LCB -479.53c P  0.00% WF   0.0 PSV       0 N       1  --  B13

2026-07-15 12:54:28+0100: = F14
2026-07-15 13:17:12+0100: Controller: play B B13
2026-07-15 13:17:12+0100: = 
2026-07-15 13:17:12+0100: Controller: genmove W
2026-07-15 13:17:14+0100: MoveNum: 31 HASH: DBB4DE4E10D569B84FF872325EF160ED
   A B C D E F G H J K L M N O P Q R S T
19 . . . . . . . . . . . . . . . . . . .
18 . . O X X O . . . . . . . . . X . . .
17 . . O X O O . . . . . . . . O O . . .
16 . X X O X . . . X X . . . . . . . . .
15 X O O O X . . . . . . . . . . . . . .
14 . X X O O O2. . . . . . . . . . . . .
13 . X3O X X1. . . . . . . . . . . . . .
12 . . @ . . . . . . . . . . . . . . . .
11 . . . . . . . . . . . . . . . . . . .
10 . . . . . . . . . . . . . . . . . . .
 9 . . . . . . . . . . . . . . . . . . .
 8 . . . . . . . . . . . . . . . . . . .
 7 . . . . . . . . . . . . . . . . . . .
 6 . . . . . . . . . . . . . . . . . . .
 5 . . . . . . . . . . . . . . . . . . .
 4 . . . . . . . . . . . . . . . . . . .
 3 . . . . . . . . . . . . . . . . . . .
 2 . . . . . . . . . . . . . . . . . . .
 1 . . . . . . . . . . . . . . . . . . .

koPOSITIONALscoreAREAtaxNONEsui1komi7.5
Time taken: 1.46586
Root visits: 239
New playouts: 222
NN rows: 170
NN batches: 58
NN avg batch size: 2.93103
PV: C12 B17 B18 B11 B12 A18 E19 A12 C11 B10
Tree:
: T 111.60c W  99.90c S  11.58c (+43.2 L +41.2) N     239  --  C12 B17 B18 B11 B12 A18 E19
---White(^)---
C12 : T 111.67c W  99.90c S  11.65c (+43.3 L +41.2) LCB  110.94c P 85.46% WF 1070.5 PSV    1070 N     236  --  C12 B17 B18 B11 B12 A18 E19 A12
D4  : T 104.58c W  99.89c S   4.53c (+34.9 L +32.7) LCB  -49.42c P  0.41% WF   9.0 PSV       0 N       2  --  D4 C12

2026-07-15 13:17:14+0100: = C12
2026-07-15 13:33:33+0100: Controller: play B B12
2026-07-15 13:33:33+0100: = 
2026-07-15 13:33:33+0100: Controller: genmove W
2026-07-15 13:33:35+0100: MoveNum: 33 HASH: 4AC9E8558ACB64562EBA31E720440E34
   A B C D E F G H J K L M N O P Q R S T
19 . . . . . . . . . . . . . . . . . . .
18 . . O X X O . . . . . . . . . X . . .
17 . . O X O O . . . . . . . . O O . . .
16 . X X O X . . . X X . . . . . . . . .
15 X O O O X . . . . . . . . . . . . . .
14 . X X O O O . . . . . . . . . . . . .
13 . X1O X X . . . . . . . . . . . . . .
12 . X3O2. . . . . . . . . . . . . . . .
11 . . @ . . . . . . . . . . . . . . . .
10 . . . . . . . . . . . . . . . . . . .
 9 . . . . . . . . . . . . . . . . . . .
 8 . . . . . . . . . . . . . . . . . . .
 7 . . . . . . . . . . . . . . . . . . .
 6 . . . . . . . . . . . . . . . . . . .
 5 . . . . . . . . . . . . . . . . . . .
 4 . . . . . . . . . . . . . . . . . . .
 3 . . . . . . . . . . . . . . . . . . .
 2 . . . . . . . . . . . . . . . . . . .
 1 . . . . . . . . . . . . . . . . . . .

koPOSITIONALscoreAREAtaxNONEsui1komi7.5
Time taken: 1.32604
Root visits: 226
New playouts: 211
NN rows: 165
NN batches: 56
NN avg batch size: 2.94643
PV: C11 C10 B11 B10 A12 D11 A14 N17
Tree:
: T 111.59c W  99.91c S  11.66c (+44.8 L +42.7) N     226  --  C11 C10 B11 B10 A12 D11 A14
---White(^)---
C11 : T 111.63c W  99.91c S  11.70c (+44.8 L +42.8) LCB  110.93c P 91.37% WF 1005.2 PSV    1005 N     224  --  C11 C10 B11 B10 A12 D11 A14 N17
Q3  : T 103.32c W  99.96c S   3.36c (+35.0 L +33.1) LCB -246.68c P  0.19% WF   3.9 PSV       0 N       1  --  Q3

2026-07-15 13:33:35+0100: = C11
2026-07-15 13:52:43+0100: Controller: play B G14
2026-07-15 13:52:43+0100: = 
2026-07-15 13:52:43+0100: Controller: genmove W
2026-07-15 13:52:43+0100: MoveNum: 35 HASH: 57A5186EB0E845E39D590340DCE1CF63
   A B C D E F G H J K L M N O P Q R S T
19 . . . . . . . . . . . . . . . . . . .
18 . . O X X O . . . . . . . . . X . . .
17 . . O X O O . . . . . . . . O O . . .
16 . X X O X . . . X X . . . . . . . . .
15 X O O O X . . . . . . . . . . . . . .
14 . X X O O O X3. . . . . . . . . . . .
13 . X O X X @ . . . . . . . . . . . . .
12 . X1O . . . . . . . . . . . . . . . .
11 . . O2. . . . . . . . . . . . . . . .
10 . . . . . . . . . . . . . . . . . . .
 9 . . . . . . . . . . . . . . . . . . .
 8 . . . . . . . . . . . . . . . . . . .
 7 . . . . . . . . . . . . . . . . . . .
 6 . . . . . . . . . . . . . . . . . . .
 5 . . . . . . . . . . . . . . . . . . .
 4 . . . . . . . . . . . . . . . . . . .
 3 . . . . . . . . . . . . . . . . . . .
 2 . . . . . . . . . . . . . . . . . . .
 1 . . . . . . . . . . . . . . . . . . .

koPOSITIONALscoreAREAtaxNONEsui1komi7.5
Time taken: 0.627569
Root visits: 215
New playouts: 215
NN rows: 196
NN batches: 67
NN avg batch size: 2.92537
PV: F13 C10 B11 B10 E12 C6 C4
Tree:
: T 117.46c W  99.94c S  17.29c (+51.8 L +49.7) N     215  --  F13 C10 B11 B10 E12 C6 C4
---White(^)---
F13 : T 118.15c W  99.95c S  17.96c (+52.6 L +50.6) LCB  117.43c P 72.94% WF 1096.9 PSV    1093 N     191  --  F13 C10 B11 B10 E12 C6 C4
F15 : T 110.08c W  99.90c S  10.14c (+42.3 L +40.3) LCB   95.27c P  6.87% WF  28.8 PSV      10 N       7  --  F15 B17 B18
B17 : T 104.54c W  99.73c S   4.89c (+36.1 L +33.8) LCB   28.38c P  8.41% WF  11.4 PSV       7 N       3  --  B17 F13
G13 : T 111.20c W  99.85c S  11.14c (+43.6 L +41.6) LCB   99.96c P  3.94% WF  31.1 PSV       6 N       8  --  G13 B17 B18
G15 : T 107.68c W  99.74c S   8.25c (+40.2 L +38.1) LCB   64.15c P  3.68% WF  14.6 PSV       4 N       4  --  G15 B17
A14 : T 107.19c W  99.95c S   7.24c (+38.6 L +37.1) LCB -242.81c P  0.39% WF   3.1 PSV       0 N       1  --  A14

2026-07-15 13:52:43+0100: = F13
2026-07-15 14:02:05+0100: Controller: play B F12
2026-07-15 14:02:05+0100: = 
2026-07-15 14:02:05+0100: Controller: genmove W
2026-07-15 14:02:05+0100: MoveNum: 37 HASH: F6FA8CF228F1701ED508E35B5F239ABE
   A B C D E F G H J K L M N O P Q R S T
19 . . . . . . . . . . . . . . . . . . .
18 . . O X X O . . . . . . . . . X . . .
17 . . O X O O . . . . . . . . O O . . .
16 . X X O X . . . X X . . . . . . . . .
15 X O O O X . . . . . . . . . . . . . .
14 . X X O O O X1. . . . . . . . . . . .
13 . X O X X O2@ . . . . . . . . . . . .
12 . X O . . X3. . . . . . . . . . . . .
11 . . O . . . . . . . . . . . . . . . .
10 . . . . . . . . . . . . . . . . . . .
 9 . . . . . . . . . . . . . . . . . . .
 8 . . . . . . . . . . . . . . . . . . .
 7 . . . . . . . . . . . . . . . . . . .
 6 . . . . . . . . . . . . . . . . . . .
 5 . . . . . . . . . . . . . . . . . . .
 4 . . . . . . . . . . . . . . . . . . .
 3 . . . . . . . . . . . . . . . . . . .
 2 . . . . . . . . . . . . . . . . . . .
 1 . . . . . . . . . . . . . . . . . . .

koPOSITIONALscoreAREAtaxNONEsui1komi7.5
Time taken: 0.638962
Root visits: 211
New playouts: 211
NN rows: 192
NN batches: 65
NN avg batch size: 2.95385
PV: G13 B11 C10 B10 C9 B8 B9 B17
Tree:
: T 115.54c W  99.94c S  15.32c (+53.5 L +51.6) N     211  --  G13 B11 C10 B10 C9 B8 B9
---White(^)---
G13 : T 116.49c W  99.95c S  16.23c (+55.1 L +53.2) LCB  115.34c P 45.90% WF 655.8 PSV     789 N     127  --  G13 B11 C10 B10 C9 B8 B9 B17
E12 : T 115.17c W  99.94c S  14.95c (+52.3 L +50.5) LCB  114.05c P 45.01% WF 351.1 PSV     258 N      64  --  E12 C9 B10 G13 D12 D4 Q4
F15 : T 110.95c W  99.93c S  10.73c (+47.7 L +45.5) LCB   99.55c P  3.54% WF  34.8 PSV       7 N       8  --  F15 B11 C10 B10
G12 : T 110.13c W  99.87c S  10.12c (+46.9 L +44.9) LCB   90.29c P  2.03% WF  24.5 PSV       3 N       6  --  G12 G13 F15 B11
G15 : T 107.99c W  99.79c S   8.52c (+44.8 L +42.7) LCB   32.90c P  0.42% WF  10.6 PSV       0 N       3  --  G15 G13
B17 : T 102.86c W  99.67c S   3.77c (+39.3 L +37.1) LCB  -51.26c P  0.96% WF   8.3 PSV       0 N       2  --  B17 G13

2026-07-15 14:02:05+0100: = G13
2026-07-15 14:12:26+0100: Controller: play B H13
2026-07-15 14:12:26+0100: = 
2026-07-15 14:12:26+0100: Controller: genmove W
2026-07-15 14:12:26+0100: MoveNum: 39 HASH: 2BF18340F0FDE267967103468D40399F
   A B C D E F G H J K L M N O P Q R S T
19 . . . . . . . . . . . . . . . . . . .
18 . . O X X O . . . . . . . . . X . . .
17 . . O X O O . . . . . . . . O O . . .
16 . X X O X . . . X X . . . . . . . . .
15 X O O O X . . . . . . . . . . . . . .
14 . X X O O O X . . . . . . . . . . . .
13 . X O X X O O2X3. . . . . . . . . . .
12 . X O . . X1@ . . . . . . . . . . . .
11 . . O . . . . . . . . . . . . . . . .
10 . . . . . . . . . . . . . . . . . . .
 9 . . . . . . . . . . . . . . . . . . .
 8 . . . . . . . . . . . . . . . . . . .
 7 . . . . . . . . . . . . . . . . . . .
 6 . . . . . . . . . . . . . . . . . . .
 5 . . . . . . . . . . . . . . . . . . .
 4 . . . . . . . . . . . . . . . . . . .
 3 . . . . . . . . . . . . . . . . . . .
 2 . . . . . . . . . . . . . . . . . . .
 1 . . . . . . . . . . . . . . . . . . .

koPOSITIONALscoreAREAtaxNONEsui1komi7.5
Time taken: 0.611995
Root visits: 211
New playouts: 194
NN rows: 182
NN batches: 62
NN avg batch size: 2.93548
PV: G12 C4 C9 B10
Tree:
: T 114.36c W  99.96c S  14.23c (+55.3 L +53.5) N     211  --  G12 C4 C9 B10
---White(^)---
G12 : T 115.33c W  99.97c S  15.12c (+56.6 L +54.7) LCB  114.47c P 46.12% WF 709.8 PSV     704 N     133  --  G12 C4 C9 B10
E12 : T 113.00c W  99.96c S  13.03c (+53.3 L +51.6) LCB  111.92c P 26.20% WF 210.8 PSV     103 N      40  --  E12 C9 B10 D4 Q4
H14 : T 112.62c W  99.95c S  12.48c (+53.3 L +51.3) LCB  109.69c P 10.81% WF  94.2 PSV      37 N      21  --  H14 B11 C10 B10 C9
G15 : T 112.56c W  99.94c S  12.58c (+53.5 L +51.3) LCB  104.83c P  5.21% WF  48.4 PSV      17 N      10  --  G15 B11 C10 B10
H12 : T 109.90c W  99.82c S  10.72c (+51.2 L +49.1) LCB   35.82c P  4.51% WF  12.6 PSV       8 N       3  --  H12 G12
F15 : T 108.80c W  99.94c S   9.14c (+49.1 L +47.0) LCB  -42.02c P  2.92% WF   8.0 PSV       4 N       2  --  F15 B11
B17 : T 103.88c W 100.00c S   3.88c (+42.9 L +41.4) LCB -246.12c P  2.55% WF   3.6 PSV       2 N       1  --  B17

2026-07-15 14:12:26+0100: = G12
2026-07-15 14:22:20+0100: Controller: play B G11
2026-07-15 14:22:20+0100: = 
2026-07-15 14:22:20+0100: Controller: genmove W
2026-07-15 14:22:21+0100: MoveNum: 41 HASH: AE0E0C48DB0C536384E44E1F2B2BF845
   A B C D E F G H J K L M N O P Q R S T
19 . . . . . . . . . . . . . . . . . . .
18 . . O X X O . . . . . . . . . X . . .
17 . . O X O O . . . . . . . . O O . . .
16 . X X O X . . . X X . . . . . . . . .
15 X O O O X . . . . . . . . . . . . . .
14 . X X O O O X . . . . . . . . . . . .
13 . X O X X O O X1. . . . . . . . . . .
12 . X O . . X O2@ . . . . . . . . . . .
11 . . O . . . X3. . . . . . . . . . . .
10 . . . . . . . . . . . . . . . . . . .
 9 . . . . . . . . . . . . . . . . . . .
 8 . . . . . . . . . . . . . . . . . . .
 7 . . . . . . . . . . . . . . . . . . .
 6 . . . . . . . . . . . . . . . . . . .
 5 . . . . . . . . . . . . . . . . . . .
 4 . . . . . . . . . . . . . . . . . . .
 3 . . . . . . . . . . . . . . . . . . .
 2 . . . . . . . . . . . . . . . . . . .
 1 . . . . . . . . . . . . . . . . . . .

koPOSITIONALscoreAREAtaxNONEsui1komi7.5
Time taken: 0.657213
Root visits: 209
New playouts: 209
NN rows: 195
NN batches: 67
NN avg batch size: 2.91045
PV: H12 N17 C9 D4 O17 N16
Tree:
: T 117.41c W  99.96c S  17.21c (+58.8 L +56.9) N     209  --  H12 N17 C9 D4 O17 N16
---White(^)---
H12 : T 118.27c W  99.97c S  18.01c (+59.9 L +58.1) LCB  117.63c P 67.74% WF 965.4 PSV     960 N     169  --  H12 N17 C9 D4 O17 N16
E12 : T 113.01c W  99.90c S  13.35c (+53.2 L +51.4) LCB  107.78c P 14.55% WF  62.2 PSV      30 N      12  --  E12 C9 H12 B11
F11 : T 113.74c W  99.91c S  13.80c (+53.9 L +52.0) LCB  108.52c P  6.28% WF  60.0 PSV      14 N      12  --  F11 H12 E12 C4
G15 : T 113.99c W  99.95c S  13.87c (+54.3 L +52.2) LCB   98.78c P  1.81% WF  35.1 PSV       4 N       7  --  G15 B11 C10
F15 : T 111.80c W  99.96c S  11.27c (+51.0 L +49.0) LCB   67.15c P  2.37% WF  17.3 PSV       4 N       4  --  F15 B11 C10
H14 : T 113.21c W  99.95c S  13.42c (+53.5 L +51.5) LCB  -36.40c P  1.49% WF   9.1 PSV       3 N       2  --  H14 B11
B17 : T 104.04c W 100.00c S   4.04c (+42.3 L +40.8) LCB -245.96c P  2.81% WF   3.7 PSV       2 N       1  --  B17
H11 : T 113.23c W 100.00c S  13.23c (+53.0 L +50.8) LCB -236.77c P  1.18% WF   4.0 PSV       2 N       1  --  H11

2026-07-15 14:22:21+0100: = H12
2026-07-15 14:31:27+0100: Controller: play B J12
2026-07-15 14:31:27+0100: = 
2026-07-15 14:31:27+0100: Controller: genmove W
2026-07-15 14:31:28+0100: MoveNum: 43 HASH: BDA9E09DDCEFF9989B5ABAAD3F7BEE7F
   A B C D E F G H J K L M N O P Q R S T
19 . . . . . . . . . . . . . . . . . . .
18 . . O X X O . . . . . . . . . X . . .
17 . . O X O O . . . . . . . . O O . . .
16 . X X O X . . . X X . . . . . . . . .
15 X O O O X . . . . . . . . . . . . . .
14 . X X O O O X . . . . . . . . . . . .
13 . X O X X O O X . . . . . . . . . . .
12 . X O . . X O O2X3. . . . . . . . . .
11 . . O . . . X1@ . . . . . . . . . . .
10 . . . . . . . . . . . . . . . . . . .
 9 . . . . . . . . . . . . . . . . . . .
 8 . . . . . . . . . . . . . . . . . . .
 7 . . . . . . . . . . . . . . . . . . .
 6 . . . . . . . . . . . . . . . . . . .
 5 . . . . . . . . . . . . . . . . . . .
 4 . . . . . . . . . . . . . . . . . . .
 3 . . . . . . . . . . . . . . . . . . .
 2 . . . . . . . . . . . . . . . . . . .
 1 . . . . . . . . . . . . . . . . . . .

koPOSITIONALscoreAREAtaxNONEsui1komi7.5
Time taken: 0.570809
Root visits: 209
New playouts: 191
NN rows: 177
NN batches: 60
NN avg batch size: 2.95
PV: H11 B10 B11 C10 A11 N17
Tree:
: T 115.74c W  99.96c S  15.50c (+60.7 L +58.9) N     209  --  H11 B10 B11 C10 A11 N17
---White(^)---
H11 : T 116.31c W  99.98c S  16.05c (+61.5 L +59.7) LCB  115.31c P 50.55% WF 646.5 PSV     643 N     122  --  H11 B10 B11 C10 A11 N17
J13 : T 115.39c W  99.95c S  15.09c (+60.1 L +58.2) LCB  114.06c P 31.99% WF 312.3 PSV     208 N      61  --  J13 N17 C9 H11 H14
H14 : T 114.36c W  99.96c S  14.15c (+58.7 L +56.9) LCB  111.77c P  7.87% WF  95.3 PSV      33 N      19  --  H14 J13 C9 B10
E12 : T 111.59c W  99.84c S  12.26c (+56.0 L +54.2) LCB   37.33c P  5.16% WF  15.4 PSV      11 N       3  --  E12 H11
F11 : T 112.32c W  99.96c S  12.82c (+56.9 L +55.1) LCB  -36.78c P  1.32% WF   9.0 PSV       3 N       2  --  F11 B11
J11 : T 111.58c W 100.00c S  11.58c (+55.3 L +53.0) LCB -238.42c P  1.00% WF   3.6 PSV       2 N       1  --  J11

2026-07-15 14:31:28+0100: = H11
2026-07-15 14:42:28+0100: Controller: play B H10
2026-07-15 14:42:28+0100: = 
2026-07-15 14:42:28+0100: Controller: genmove W
2026-07-15 14:42:28+0100: MoveNum: 45 HASH: FEAEC923966829DDEFB5EE7C5C369A5E
   A B C D E F G H J K L M N O P Q R S T
19 . . . . . . . . . . . . . . . . . . .
18 . . O X X O . . . . . . . . . X . . .
17 . . O X O O . . . . . . . . O O . . .
16 . X X O X . . . X X . . . . . . . . .
15 X O O O X . . . . . . . . . . . . . .
14 . X X O O O X . . . . . . . . . . . .
13 . X O X X O O X . . . . . . . . . . .
12 . X O . . X O O X1. . . . . . . . . .
11 . . O . . . X O2@ . . . . . . . . . .
10 . . . . . . . X3. . . . . . . . . . .
 9 . . . . . . . . . . . . . . . . . . .
 8 . . . . . . . . . . . . . . . . . . .
 7 . . . . . . . . . . . . . . . . . . .
 6 . . . . . . . . . . . . . . . . . . .
 5 . . . . . . . . . . . . . . . . . . .
 4 . . . . . . . . . . . . . . . . . . .
 3 . . . . . . . . . . . . . . . . . . .
 2 . . . . . . . . . . . . . . . . . . .
 1 . . . . . . . . . . . . . . . . . . .

koPOSITIONALscoreAREAtaxNONEsui1komi7.5
Time taken: 0.67738
Root visits: 205
New playouts: 205
NN rows: 201
NN batches: 69
NN avg batch size: 2.91304
PV: J11 N17 C9 D4 O17 B10
Tree:
: T 117.40c W  99.97c S  17.18c (+62.1 L +60.3) N     205  --  J11 N17 C9 D4 O17 B10
---White(^)---
J11 : T 118.25c W  99.98c S  18.03c (+63.2 L +61.5) LCB  117.44c P 66.35% WF 767.9 PSV     763 N     133  --  J11 N17 C9 D4 O17 B10
J13 : T 116.63c W  99.95c S  16.30c (+61.0 L +59.1) LCB  114.76c P 11.84% WF 164.4 PSV      55 N      31  --  J13 N17 C9 P18
H14 : T 116.39c W  99.96c S  16.04c (+60.6 L +58.7) LCB  114.20c P  3.95% WF 110.4 PSV      17 N      21  --  H14 N17 C9 C10
F11 : T 115.18c W  99.90c S  15.14c (+58.9 L +57.2) LCB  107.74c P  4.27% WF  51.3 PSV      13 N      10  --  F11 B11 C10 J11
E12 : T 108.15c W  99.71c S   9.71c (+52.1 L +50.3) LCB  -42.10c P  4.59% WF   9.3 PSV       5 N       2  --  E12 J11
G10 : T 110.79c W  99.81c S  11.41c (+54.6 L +52.8) LCB   36.68c P  2.21% WF  12.5 PSV       3 N       3  --  G10 J11
F15 : T 110.52c W  99.96c S  11.08c (+54.0 L +52.1) LCB  -39.90c P  1.61% WF   8.7 PSV       2 N       2  --  F15 B11
B17 : T 104.13c W 100.00c S   4.13c (+45.8 L +44.4) LCB -245.87c P  2.89% WF   3.6 PSV       2 N       1  --  B17
J10 : T 112.76c W 100.00c S  12.76c (+56.2 L +53.7) LCB -237.24c P  0.89% WF   3.6 PSV       1 N       1  --  J10

2026-07-15 14:42:28+0100: = J11
2026-07-15 14:51:03+0100: Controller: play B K11
2026-07-15 14:51:03+0100: = 
2026-07-15 14:51:03+0100: Controller: genmove W
2026-07-15 14:51:04+0100: MoveNum: 47 HASH: B9692D47EAEA2F22BEF0E8BA3BEE3A5B
   A B C D E F G H J K L M N O P Q R S T
19 . . . . . . . . . . . . . . . . . . .
18 . . O X X O . . . . . . . . . X . . .
17 . . O X O O . . . . . . . . O O . . .
16 . X X O X . . . X X . . . . . . . . .
15 X O O O X . . . . . . . . . . . . . .
14 . X X O O O X . . . . . . . . . . . .
13 . X O X X O O X . . . . . . . . . . .
12 . X O . . X O O X . . . . . . . . . .
11 . . O . . . X O O2X3. . . . . . . . .
10 . . . . . . . X1@ . . . . . . . . . .
 9 . . . . . . . . . . . . . . . . . . .
 8 . . . . . . . . . . . . . . . . . . .
 7 . . . . . . . . . . . . . . . . . . .
 6 . . . . . . . . . . . . . . . . . . .
 5 . . . . . . . . . . . . . . . . . . .
 4 . . . . . . . . . . . . . . . . . . .
 3 . . . . . . . . . . . . . . . . . . .
 2 . . . . . . . . . . . . . . . . . . .
 1 . . . . . . . . . . . . . . . . . . .

koPOSITIONALscoreAREAtaxNONEsui1komi7.5
Time taken: 0.791995
Root visits: 208
New playouts: 206
NN rows: 195
NN batches: 66
NN avg batch size: 2.95455
PV: J10 N17 C9 D4 O17 B10
Tree:
: T 115.45c W  99.97c S  15.26c (+64.3 L +62.6) N     208  --  J10 N17 C9 D4 O17 B10
---White(^)---
J10 : T 116.14c W  99.99c S  15.91c (+65.2 L +63.5) LCB  115.16c P 39.28% WF 494.8 PSV     492 N      91  --  J10 N17 C9 D4 O17 B10
J13 : T 115.69c W  99.96c S  15.50c (+64.6 L +62.8) LCB  114.62c P 27.56% WF 294.1 PSV     236 N      55  --  J13 N17 C9 J10 K12
K12 : T 115.00c W  99.93c S  14.72c (+63.8 L +62.0) LCB  112.95c P 17.74% WF 179.5 PSV     102 N      36  --  K12 B17 B18 J13
F11 : T 114.39c W  99.98c S  14.28c (+62.7 L +61.0) LCB  109.07c P  3.36% WF  62.1 PSV      15 N      12  --  F11 C8 B9
E12 : T 108.09c W  99.82c S   9.37c (+56.5 L +54.8) LCB  -43.15c P  4.68% WF   9.4 PSV       6 N       2  --  E12 J10
H14 : T 112.84c W  99.97c S  12.84c (+61.0 L +59.2) LCB   93.24c P  1.47% WF  28.6 PSV       4 N       6  --  H14 N17 C9
K10 : T 112.86c W 100.00c S  12.86c (+61.0 L +58.8) LCB -237.14c P  1.14% WF   3.9 PSV       3 N       1  --  K10
G10 : T 111.58c W  99.97c S  12.19c (+60.3 L +58.5) LCB  -37.43c P  1.29% WF   8.6 PSV       2 N       2  --  G10 B11
F15 : T 110.09c W 100.00c S  10.09c (+57.3 L +55.8) LCB -239.91c P  0.93% WF   3.9 PSV       1 N       1  --  F15
B17 : T 102.96c W 100.00c S   2.96c (+49.2 L +48.0) LCB -247.04c P  0.96% WF   3.7 PSV       0 N       1  --  B17

2026-07-15 14:51:04+0100: = J10
2026-07-15 15:04:53+0100: Controller: play B J9
2026-07-15 15:04:53+0100: = 
2026-07-15 15:04:53+0100: Controller: genmove W
2026-07-15 15:04:54+0100: MoveNum: 49 HASH: 859C89236C53FB286FBF796FE27CB007
   A B C D E F G H J K L M N O P Q R S T
19 . . . . . . . . . . . . . . . . . . .
18 . . O X X O . . . . . . . . . X . . .
17 . . O X O O . . . . . . . . O O . . .
16 . X X O X . . . X X . . . . . . . . .
15 X O O O X . . . . . . . . . . . . . .
14 . X X O O O X . . . . . . . . . . . .
13 . X O X X O O X . . . . . . . . . . .
12 . X O . . X O O X . . . . . . . . . .
11 . . O . . . X O O X1. . . . . . . . .
10 . . . . . . . X O2@ . . . . . . . . .
 9 . . . . . . . . X3. . . . . . . . . .
 8 . . . . . . . . . . . . . . . . . . .
 7 . . . . . . . . . . . . . . . . . . .
 6 . . . . . . . . . . . . . . . . . . .
 5 . . . . . . . . . . . . . . . . . . .
 4 . . . . . . . . . . . . . . . . . . .
 3 . . . . . . . . . . . . . . . . . . .
 2 . . . . . . . . . . . . . . . . . . .
 1 . . . . . . . . . . . . . . . . . . .

koPOSITIONALscoreAREAtaxNONEsui1komi7.5
Time taken: 0.688584
Root visits: 208
New playouts: 208
NN rows: 206
NN batches: 70
NN avg batch size: 2.94286
PV: K10 C10 B11 B10 A11 N17 D4
Tree:
: T 117.26c W  99.97c S  17.12c (+65.6 L +63.9) N     208  --  K10 C10 B11 B10 A11 N17 D4
---White(^)---
K10 : T 117.78c W  99.99c S  17.69c (+66.3 L +64.6) LCB  116.86c P 56.92% WF 617.0 PSV     615 N     107  --  K10 C10 B11 B10 A11 N17 D4
J13 : T 117.42c W  99.98c S  17.18c (+65.7 L +64.0) LCB  115.95c P 18.44% WF 233.3 PSV     153 N      42  --  J13 N17 C9 P18 D4
K12 : T 117.41c W  99.96c S  16.97c (+65.6 L +63.9) LCB  115.68c P  8.05% WF 191.3 PSV      66 N      35  --  K12 N17 C9 P18 D4
G10 : T 115.92c W  99.90c S  15.69c (+64.0 L +62.3) LCB  107.56c P  2.55% WF  50.8 PSV      10 N      10  --  G10 B11 C10 K10
H14 : T 115.22c W  99.97c S  15.68c (+63.3 L +61.5) LCB   72.19c P  1.54% WF  21.1 PSV       5 N       4  --  H14 N17 C9
H9  : T 111.53c W  99.80c S  13.03c (+60.2 L +58.6) LCB  -38.06c P  3.06% WF   8.4 PSV       5 N       2  --  H9 K10
F15 : T 112.02c W  99.96c S  12.30c (+59.2 L +57.3) LCB  -39.05c P  2.48% WF   9.1 PSV       4 N       2  --  F15 B11
E12 : T 108.28c W  99.76c S   9.79c (+55.8 L +54.1) LCB  -42.68c P  2.23% WF   9.2 PSV       2 N       2  --  E12 K10
F11 : T 111.40c W  99.82c S  13.05c (+59.9 L +58.1) LCB  -38.04c P  1.22% WF   9.3 PSV       2 N       2  --  F11 K10
B17 : T 105.92c W 100.00c S   5.92c (+51.2 L +50.0) LCB -244.08c P  1.93% WF   3.4 PSV       1 N       1  --  B17

2026-07-15 15:04:54+0100: = K10
2026-07-15 15:16:40+0100: Controller: play B L10
2026-07-15 15:16:40+0100: = 
2026-07-15 15:16:40+0100: Controller: genmove W
2026-07-15 15:16:40+0100: MoveNum: 51 HASH: 37204DF1DD3C07E7B3AE5CF1484B0F46
   A B C D E F G H J K L M N O P Q R S T
19 . . . . . . . . . . . . . . . . . . .
18 . . O X X O . . . . . . . . . X . . .
17 . . O X O O . . . . . . . . O O . . .
16 . X X O X . . . X X . . . . . . . . .
15 X O O O X . . . . . . . . . . . . . .
14 . X X O O O X . . . . . . . . . . . .
13 . X O X X O O X . . . . . . . . . . .
12 . X O . . X O O X . . . . . . . . . .
11 . . O . . . X O O X . . . . . . . . .
10 . . . . . . . X O O2X3. . . . . . . .
 9 . . . . . . . . X1@ . . . . . . . . .
 8 . . . . . . . . . . . . . . . . . . .
 7 . . . . . . . . . . . . . . . . . . .
 6 . . . . . . . . . . . . . . . . . . .
 5 . . . . . . . . . . . . . . . . . . .
 4 . . . . . . . . . . . . . . . . . . .
 3 . . . . . . . . . . . . . . . . . . .
 2 . . . . . . . . . . . . . . . . . . .
 1 . . . . . . . . . . . . . . . . . . .

koPOSITIONALscoreAREAtaxNONEsui1komi7.5
Time taken: 0.656556
Root visits: 208
New playouts: 208
NN rows: 202
NN batches: 69
NN avg batch size: 2.92754
PV: K9 C10 B11 B10 A11 N17 C6
Tree:
: T 118.41c W  99.97c S  18.25c (+67.7 L +66.0) N     208  --  K9 C10 B11 B10 A11 N17 C6
---White(^)---
K9  : T 119.31c W  99.99c S  19.04c (+68.9 L +67.3) LCB  118.23c P 43.88% WF 546.0 PSV     542 N      91  --  K9 C10 B11 B10 A11 N17 C6
K12 : T 118.50c W  99.95c S  18.30c (+68.0 L +66.1) LCB  117.23c P 13.70% WF 225.0 PSV      96 N      39  --  K12 N17 C9 K9
J13 : T 117.35c W  99.95c S  17.13c (+65.9 L +64.2) LCB  115.36c P 11.88% WF 120.1 PSV      51 N      22  --  J13 N17 C9 K9
G10 : T 118.48c W  99.97c S  18.34c (+67.5 L +65.8) LCB  117.14c P  5.29% WF 203.5 PSV      36 N      35  --  G10 N17 C5 C6
L11 : T 116.20c W  99.90c S  16.58c (+65.6 L +63.9) LCB   88.15c P  4.55% WF  26.3 PSV      14 N       5  --  L11 K9
H14 : T 115.29c W  99.88c S  15.59c (+63.7 L +61.9) LCB   72.18c P  5.14% WF  20.9 PSV      13 N       4  --  H14 K9
F11 : T 115.90c W  99.97c S  16.26c (+64.7 L +62.9) LCB   41.59c P  3.19% WF  16.1 PSV       9 N       3  --  F11 B11
H9  : T 115.77c W  99.95c S  16.63c (+65.5 L +63.9) LCB  -33.40c P  2.45% WF   9.9 PSV       6 N       2  --  H9 B11
F15 : T 113.55c W  99.97c S  13.90c (+61.6 L +59.8) LCB  -36.50c P  3.07% WF   9.8 PSV       5 N       2  --  F15 B11
E12 : T 109.80c W  99.75c S  11.60c (+58.2 L +56.5) LCB  -39.32c P  2.69% WF   9.8 PSV       3 N       2  --  E12 K9

2026-07-15 15:16:40+0100: = K9
2026-07-15 15:33:28+0100: Controller: play B K8
2026-07-15 15:33:28+0100: = 
2026-07-15 15:33:28+0100: Controller: genmove W
2026-07-15 15:33:29+0100: MoveNum: 53 HASH: 0B9C2134B62353396B3302999C51728A
   A B C D E F G H J K L M N O P Q R S T
19 . . . . . . . . . . . . . . . . . . .
18 . . O X X O . . . . . . . . . X . . .
17 . . O X O O . . . . . . . . O O . . .
16 . X X O X . . . X X . . . . . . . . .
15 X O O O X . . . . . . . . . . . . . .
14 . X X O O O X . . . . . . . . . . . .
13 . X O X X O O X . . . . . . . . . . .
12 . X O . . X O O X . . . . . . . . . .
11 . . O . . . X O O X . . . . . . . . .
10 . . . . . . . X O O X1. . . . . . . .
 9 . . . . . . . . X O2@ . . . . . . . .
 8 . . . . . . . . . X3. . . . . . . . .
 7 . . . . . . . . . . . . . . . . . . .
 6 . . . . . . . . . . . . . . . . . . .
 5 . . . . . . . . . . . . . . . . . . .
 4 . . . . . . . . . . . . . . . . . . .
 3 . . . . . . . . . . . . . . . . . . .
 2 . . . . . . . . . . . . . . . . . . .
 1 . . . . . . . . . . . . . . . . . . .

koPOSITIONALscoreAREAtaxNONEsui1komi7.5
Time taken: 0.690444
Root visits: 208
New playouts: 208
NN rows: 205
NN batches: 69
NN avg batch size: 2.97101
PV: L9 N17 C9 D4 P18 Q4
Tree:
: T 117.56c W  99.97c S  17.25c (+69.6 L +68.0) N     208  --  L9 N17 C9 D4 P18 Q4
---White(^)---
L9  : T 118.12c W  99.99c S  17.83c (+70.3 L +68.8) LCB  117.01c P 52.11% WF 524.9 PSV     523 N      90  --  L9 N17 C9 D4 P18 Q4
K12 : T 118.01c W  99.97c S  17.65c (+70.2 L +68.5) LCB  116.63c P 12.78% WF 220.8 PSV     117 N      39  --  K12 N17 C9 P18 D4 C8
J13 : T 117.59c W  99.97c S  17.07c (+69.4 L +67.7) LCB  115.83c P  6.16% WF 186.0 PSV      43 N      34  --  J13 N17 P18 B11 C10 B9
H9  : T 118.01c W  99.96c S  17.20c (+69.8 L +68.2) LCB  113.52c P  4.70% WF  74.3 PSV      43 N      14  --  H9 L9 J8
L11 : T 116.88c W  99.96c S  16.56c (+68.4 L +66.9) LCB  112.77c P  2.53% WF  72.6 PSV      12 N      14  --  L11 N17 C9 C8
J8  : T 113.01c W  99.84c S  13.80c (+65.2 L +63.6) LCB   38.03c P  5.29% WF  12.3 PSV      10 N       3  --  J8 L9
F15 : T 111.56c W  99.97c S  12.11c (+62.5 L +60.8) LCB  -38.99c P  4.29% WF   9.4 PSV       7 N       2  --  F15 B11
H14 : T 115.01c W  99.97c S  15.34c (+66.7 L +65.0) LCB   41.06c P  2.16% WF  15.7 PSV       6 N       3  --  H14 B11
E12 : T 108.39c W  99.79c S  10.45c (+60.2 L +58.6) LCB  -41.02c P  2.81% WF   9.4 PSV       3 N       2  --  E12 L9
G10 : T 114.91c W  99.96c S  15.53c (+67.2 L +65.6) LCB  -34.05c P  1.36% WF   9.7 PSV       3 N       2  --  G10 B11

2026-07-15 15:33:29+0100: = L9
2026-07-15 15:44:47+0100: Controller: play B M9
2026-07-15 15:44:47+0100: = 
2026-07-15 15:44:47+0100: Controller: genmove W
2026-07-15 15:44:48+0100: MoveNum: 55 HASH: B57A937EF4B015AD86242531C6D2AA75
   A B C D E F G H J K L M N O P Q R S T
19 . . . . . . . . . . . . . . . . . . .
18 . . O X X O . . . . . . . . . X . . .
17 . . O X O O . . . . . . . . O O . . .
16 . X X O X . . . X X . . . . . . . . .
15 X O O O X . . . . . . . . . . . . . .
14 . X X O O O X . . . . . . . . . . . .
13 . X O X X O O X . . . . . . . . . . .
12 . X O . . X O O X . . . . . . . . . .
11 . . O . . . X O O X . . . . . . . . .
10 . . . . . . . X O O X . . . . . . . .
 9 . . . . . . . . X O O2X3. . . . . . .
 8 . . . . . . . . . X1@ . . . . . . . .
 7 . . . . . . . . . . . . . . . . . . .
 6 . . . . . . . . . . . . . . . . . . .
 5 . . . . . . . . . . . . . . . . . . .
 4 . . . . . . . . . . . . . . . . . . .
 3 . . . . . . . . . . . . . . . . . . .
 2 . . . . . . . . . . . . . . . . . . .
 1 . . . . . . . . . . . . . . . . . . .

koPOSITIONALscoreAREAtaxNONEsui1komi7.5
Time taken: 0.706496
Root visits: 208
New playouts: 208
NN rows: 207
NN batches: 71
NN avg batch size: 2.91549
PV: L8 N17 C9 D4 C6
Tree:
: T 118.32c W  99.97c S  18.27c (+71.2 L +69.7) N     208  --  L8 N17 C9 D4 C6
---White(^)---
L8  : T 119.16c W  99.99c S  19.03c (+72.4 L +70.9) LCB  117.89c P 42.36% WF 516.3 PSV     513 N      86  --  L8 N17 C9 D4 C6
H9  : T 119.23c W  99.98c S  18.90c (+72.2 L +70.7) LCB  117.18c P  4.46% WF 196.0 PSV      57 N      35  --  H9 B17 B18 A18 E19
L11 : T 118.15c W  99.96c S  18.12c (+70.9 L +69.3) LCB  116.68c P  6.94% WF 188.8 PSV      43 N      34  --  L11 N17 C9 L8
J13 : T 117.09c W  99.96c S  17.00c (+69.0 L +67.4) LCB  113.54c P  9.61% WF  79.7 PSV      39 N      15  --  J13 N17 C9 P18
K12 : T 117.60c W  99.95c S  17.80c (+70.3 L +68.7) LCB  114.48c P  6.78% WF  88.1 PSV      33 N      16  --  K12 N17 C9 L8
H14 : T 114.94c W  99.89c S  15.22c (+66.5 L +64.8) LCB   71.63c P  6.18% WF  20.2 PSV      15 N       4  --  H14 L8
F15 : T 113.85c W  99.98c S  14.00c (+64.8 L +63.1) LCB   38.49c P  5.19% WF  15.8 PSV      10 N       3  --  F15 B11
M10 : T 116.11c W  99.90c S  16.50c (+68.7 L +67.3) LCB   37.94c P  2.91% WF  14.3 PSV       9 N       3  --  M10 L8
G15 : T 114.00c W  99.99c S  13.99c (+64.5 L +63.2) LCB  -36.85c P  3.43% WF   9.7 PSV       7 N       2  --  G15 N17
J8  : T 116.10c W  99.97c S  17.08c (+69.7 L +68.2) LCB  -33.40c P  2.25% WF  10.1 PSV       7 N       2  --  J8 B11

2026-07-15 15:44:48+0100: = L8
2026-07-15 16:01:13+0100: Controller: play B L7
2026-07-15 16:01:13+0100: = 
2026-07-15 16:01:13+0100: Controller: genmove W
2026-07-15 16:01:14+0100: MoveNum: 57 HASH: AF7621C696E45F98BD75D84D45081D62
   A B C D E F G H J K L M N O P Q R S T
19 . . . . . . . . . . . . . . . . . . .
18 . . O X X O . . . . . . . . . X . . .
17 . . O X O O . . . . . . . . O O . . .
16 . X X O X . . . X X . . . . . . . . .
15 X O O O X . . . . . . . . . . . . . .
14 . X X O O O X . . . . . . . . . . . .
13 . X O X X O O X . . . . . . . . . . .
12 . X O . . X O O X . . . . . . . . . .
11 . . O . . . X O O X . . . . . . . . .
10 . . . . . . . X O O X . . . . . . . .
 9 . . . . . . . . X O O X1. . . . . . .
 8 . . . . . . . . . X O2@ . . . . . . .
 7 . . . . . . . . . . X3. . . . . . . .
 6 . . . . . . . . . . . . . . . . . . .
 5 . . . . . . . . . . . . . . . . . . .
 4 . . . . . . . . . . . . . . . . . . .
 3 . . . . . . . . . . . . . . . . . . .
 2 . . . . . . . . . . . . . . . . . . .
 1 . . . . . . . . . . . . . . . . . . .

koPOSITIONALscoreAREAtaxNONEsui1komi7.5
Time taken: 0.683426
Root visits: 206
New playouts: 204
NN rows: 200
NN batches: 68
NN avg batch size: 2.94118
PV: M8 N17 C9 D4 P18
Tree:
: T 116.54c W  99.98c S  16.41c (+72.9 L +71.5) N     206  --  M8 N17 C9 D4 P18
---White(^)---
M8  : T 117.06c W 100.00c S  16.93c (+73.4 L +72.0) LCB  115.92c P 45.29% WF 435.9 PSV     434 N      76  --  M8 N17 C9 D4 P18
J8  : T 117.66c W  99.97c S  17.19c (+74.4 L +73.0) LCB  115.68c P  8.41% WF 201.5 PSV     150 N      38  --  J8 B17 B18 B11 C10
L11 : T 116.79c W  99.98c S  16.64c (+73.1 L +71.6) LCB  115.32c P  7.79% WF 184.9 PSV      62 N      34  --  L11 N17 C9 C8 D8
K7  : T 115.99c W  99.96c S  15.48c (+72.1 L +70.7) LCB  112.08c P  6.03% WF  90.2 PSV      31 N      19  --  K7 M8 J8 B11 C10
K12 : T 116.06c W  99.97c S  16.27c (+72.7 L +71.1) LCB  112.59c P  4.78% WF  78.1 PSV      25 N      15  --  K12 N17 P18 B11
J13 : T 114.55c W  99.92c S  15.04c (+70.8 L +69.0) LCB   95.06c P  6.05% WF  30.5 PSV      19 N       6  --  J13 N17 C9
M10 : T 114.63c W  99.98c S  14.92c (+70.9 L +69.4) LCB   40.58c P  3.01% WF  15.0 PSV      10 N       3  --  M10 N17
F15 : T 112.03c W  99.98c S  12.32c (+67.3 L +65.6) LCB  -38.54c P  4.13% WF   9.5 PSV       8 N       2  --  F15 B11
E12 : T 108.65c W  99.89c S  10.29c (+64.5 L +62.9) LCB  -40.48c P  4.94% WF   9.6 PSV       6 N       2  --  E12 M8
H14 : T 113.78c W  99.99c S  13.86c (+69.0 L +67.5) LCB  -36.47c P  2.37% WF   9.8 PSV       6 N       2  --  H14 N17

2026-07-15 16:01:14+0100: = M8
2026-07-15 16:16:38+0100: Controller: play B C19
2026-07-15 16:16:38+0100: = 
2026-07-15 16:16:38+0100: Controller: genmove W
2026-07-15 16:16:39+0100: MoveNum: 59 HASH: B4379F2EDB70447B7C67B1B3E6BE8636
   A B C D E F G H J K L M N O P Q R S T
19 . . X3. . . . . . . . . . . . . . . .
18 . . O X X O . . . . . . . . . X . . .
17 . @ O X O O . . . . . . . . O O . . .
16 . X X O X . . . X X . . . . . . . . .
15 X O O O X . . . . . . . . . . . . . .
14 . X X O O O X . . . . . . . . . . . .
13 . X O X X O O X . . . . . . . . . . .
12 . X O . . X O O X . . . . . . . . . .
11 . . O . . . X O O X . . . . . . . . .
10 . . . . . . . X O O X . . . . . . . .
 9 . . . . . . . . X O O X . . . . . . .
 8 . . . . . . . . . X O O2. . . . . . .
 7 . . . . . . . . . . X1. . . . . . . .
 6 . . . . . . . . . . . . . . . . . . .
 5 . . . . . . . . . . . . . . . . . . .
 4 . . . . . . . . . . . . . . . . . . .
 3 . . . . . . . . . . . . . . . . . . .
 2 . . . . . . . . . . . . . . . . . . .
 1 . . . . . . . . . . . . . . . . . . .

koPOSITIONALscoreAREAtaxNONEsui1komi7.5
Time taken: 0.801451
Root visits: 205
New playouts: 205
NN rows: 195
NN batches: 67
NN avg batch size: 2.91045
PV: B17 N17 C5 P18 E5 C10
Tree:
: T 119.41c W 100.00c S  19.28c (+75.2 L +73.7) N     205  --  B17 N17 C5 P18 E5 C10
---White(^)---
B17 : T 119.50c W 100.00c S  19.37c (+75.2 L +73.7) LCB  118.88c P 84.31% WF 728.2 PSV     728 N     115  --  B17 N17 C5 P18 E5 C10
E19 : T 119.59c W  99.99c S  19.39c (+75.7 L +74.2) LCB  118.20c P  3.26% WF 202.2 PSV      29 N      33  --  E19 N17 C9 D4
A17 : T 118.83c W 100.00c S  18.72c (+74.3 L +72.9) LCB  115.39c P  3.56% WF  89.5 PSV      21 N      15  --  A17 N17 C5 P18
B18 : T 119.50c W 100.00c S  19.37c (+75.4 L +74.0) LCB  118.21c P  1.78% WF 198.0 PSV      15 N      32  --  B18 N17 C9 D4
D19 : T 118.22c W  99.99c S  18.40c (+74.3 L +72.7) LCB   90.33c P  1.79% WF  30.3 PSV       8 N       5  --  D19 E19
B19 : T 118.24c W  99.99c S  18.55c (+74.4 L +72.8) LCB   44.13c P  0.64% WF  18.0 PSV       3 N       3  --  B19 B11

2026-07-15 16:16:39+0100: = B17
2026-07-15 16:29:58+0100: Controller: play B A17
2026-07-15 16:29:58+0100: = 
2026-07-15 16:29:58+0100: Controller: genmove W
2026-07-15 16:29:59+0100: MoveNum: 61 HASH: 28F1FEDB52FEF48FDFB69545D860C668
   A B C D E F G H J K L M N O P Q R S T
19 . . X1. . . . . . . . . . . . . . . .
18 . . O X X O . . . . . . . . . X . . .
17 X3O2O X O O . . . . . . . . O O . . .
16 @ X X O X . . . X X . . . . . . . . .
15 X O O O X . . . . . . . . . . . . . .
14 . X X O O O X . . . . . . . . . . . .
13 . X O X X O O X . . . . . . . . . . .
12 . X O . . X O O X . . . . . . . . . .
11 . . O . . . X O O X . . . . . . . . .
10 . . . . . . . X O O X . . . . . . . .
 9 . . . . . . . . X O O X . . . . . . .
 8 . . . . . . . . . X O O . . . . . . .
 7 . . . . . . . . . . X . . . . . . . .
 6 . . . . . . . . . . . . . . . . . . .
 5 . . . . . . . . . . . . . . . . . . .
 4 . . . . . . . . . . . . . . . . . . .
 3 . . . . . . . . . . . . . . . . . . .
 2 . . . . . . . . . . . . . . . . . . .
 1 . . . . . . . . . . . . . . . . . . .

koPOSITIONALscoreAREAtaxNONEsui1komi7.5
Time taken: 0.612896
Root visits: 206
New playouts: 206
NN rows: 185
NN batches: 63
NN avg batch size: 2.93651
PV: A16 N17 C6 C10 B11 B10 E11 C4 E6
Tree:
: T 119.52c W 100.00c S  19.40c (+77.5 L +76.0) N     206  --  A16 N17 C6 C10 B11 B10 E11
---White(^)---
A16 : T 119.95c W 100.00c S  19.85c (+78.0 L +76.5) LCB  119.45c P 95.20% WF 1157.3 PSV    1155 N     180  --  A16 N17 C6 C10 B11 B10 E11 C4
B18 : T 118.17c W 100.00c S  18.22c (+75.9 L +74.4) LCB  114.66c P  1.87% WF  81.8 PSV       8 N      15  --  B18 N17 C8
M17 : T  99.12c W 100.00c S  -0.88c (+51.4 L +49.8) LCB -250.88c P  0.06% WF   2.0 PSV       0 N       1  --  M17
N17 : T  98.49c W 100.00c S  -1.51c (+50.6 L +49.0) LCB -251.51c P  0.05% WF   1.9 PSV       0 N       1  --  N17
R4  : T  98.12c W 100.00c S  -1.88c (+50.1 L +48.1) LCB -251.88c P  0.04% WF   1.7 PSV       0 N       1  --  R4
Q3  : T  98.50c W 100.00c S  -1.50c (+50.6 L +48.7) LCB -251.50c P  0.04% WF   1.7 PSV       0 N       1  --  Q3
C4  : T  97.91c W 100.00c S  -2.09c (+49.7 L +47.7) LCB -252.09c P  0.04% WF   1.7 PSV       0 N       1  --  C4
M16 : T  99.57c W 100.00c S  -0.43c (+52.0 L +50.3) LCB -250.43c P  0.04% WF   1.8 PSV       0 N       1  --  M16
D3  : T  98.01c W 100.00c S  -1.99c (+49.9 L +47.9) LCB -251.99c P  0.04% WF   1.7 PSV       0 N       1  --  D3
L17 : T  97.90c W 100.00c S  -2.10c (+49.7 L +47.9) LCB -252.10c P  0.04% WF   1.6 PSV       0 N       1  --  L17

2026-07-15 16:29:59+0100: = A16
2026-07-15 16:41:53+0100: Controller: play B B16
2026-07-15 16:41:53+0100: = 
2026-07-15 16:41:53+0100: Controller: genmove W
2026-07-15 16:41:55+0100: MoveNum: 63 HASH: B990EA7DB58DBD00623E2B744848B061
   A B C D E F G H J K L M N O P Q R S T
19 . . X . . . . . . . . . . . . . . . .
18 . . O X X O . . . . . . . . . X . . .
17 X1O O X O O . . . . . . . . O O . . .
16 .2X3. O X . . . X X . . . . . . . . .
15 X O O O X . . . . . . . . . . . . . .
14 . X X O O O X . . . . . . . . . . . .
13 . X O X X O O X . . . . . . . . . . .
12 . X O . . X O O X . . . . . . . . . .
11 . . O . . . X O O X . . . . . . . . .
10 . . . . . . . X O O X . . . . . . . .
 9 . . @ . . . . . X O O X . . . . . . .
 8 . . . . . . . . . X O O . . . . . . .
 7 . . . . . . . . . . X . . . . . . . .
 6 . . . . . . . . . . . . . . . . . . .
 5 . . . . . . . . . . . . . . . . . . .
 4 . . . . . . . . . . . . . . . . . . .
 3 . . . . . . . . . . . . . . . . . . .
 2 . . . . . . . . . . . . . . . . . . .
 1 . . . . . . . . . . . . . . . . . . .

koPOSITIONALscoreAREAtaxNONEsui1komi7.5
Time taken: 1.54944
Root visits: 207
New playouts: 207
NN rows: 204
NN batches: 69
NN avg batch size: 2.95652
PV: C9 N17 D4 B18 C16
Tree:
: T 119.44c W 100.00c S  19.30c (+88.0 L +86.6) N     207  --  C9 N17 D4 B18 C16
---White(^)---
C9  : T 119.83c W 100.00c S  19.75c (+88.3 L +87.0) LCB  118.96c P 30.25% WF 345.9 PSV     345 N      54  --  C9 N17 D4 B18 C16
C8  : T 119.34c W 100.00c S  19.10c (+87.5 L +86.1) LCB  117.62c P 16.97% WF 226.9 PSV     136 N      37  --  C8 N17 D4 C10 B10
M16 : T 120.15c W 100.00c S  19.81c (+89.6 L +88.0) LCB  118.30c P  6.31% WF 222.7 PSV      99 N      36  --  M16 G18 G17 C10
M17 : T 120.21c W 100.00c S  19.87c (+89.3 L +87.8) LCB  118.64c P  3.91% WF 195.2 PSV      66 N      31  --  M17 M16 N16 N15 C9
B11 : T 118.41c W 100.00c S  18.49c (+86.2 L +84.9) LCB  116.09c P 10.94% WF 118.0 PSV      56 N      19  --  B11 N17 D4 Q4
B10 : T 117.54c W 100.00c S  17.74c (+85.2 L +84.0) LCB   89.74c P  5.13% WF  30.8 PSV      19 N       5  --  B10 B18
C10 : T 117.66c W 100.00c S  17.91c (+85.5 L +84.2) LCB   74.67c P  3.93% WF  24.6 PSV      15 N       4  --  C10 B18
C7  : T 117.83c W 100.00c S  18.20c (+86.3 L +85.0) LCB   74.76c P  3.36% WF  24.1 PSV      14 N       4  --  C7 C10
J13 : T 117.76c W 100.00c S  17.66c (+85.2 L +83.6) LCB   74.64c P  2.96% WF  22.9 PSV      12 N       4  --  J13 N17 C9
B9  : T 117.33c W 100.00c S  17.43c (+84.8 L +83.3) LCB   43.07c P  2.17% WF  17.6 PSV       7 N       3  --  B9 C10

2026-07-15 16:41:55+0100: = C9
2026-07-15 16:56:15+0100: Controller: play B B18
2026-07-15 16:56:15+0100: = 
2026-07-15 16:56:15+0100: Controller: genmove W
2026-07-15 16:56:16+0100: MoveNum: 65 HASH: 9496BA9AF366F941CB450F930730D080
   A B C D E F G H J K L M N O P Q R S T
19 . . X . . . . . . . . . . . . . . . .
18 . X3O X X O . . . . . . . . . X . . .
17 X O O X O O . . . . . . . . O O . . .
16 . X1@ O X . . . X X . . . . . . . . .
15 X O O O X . . . . . . . . . . . . . .
14 . X X O O O X . . . . . . . . . . . .
13 . X O X X O O X . . . . . . . . . . .
12 . X O . . X O O X . . . . . . . . . .
11 . . O . . . X O O X . . . . . . . . .
10 . . . . . . . X O O X . . . . . . . .
 9 . . O2. . . . . X O O X . . . . . . .
 8 . . . . . . . . . X O O . . . . . . .
 7 . . . . . . . . . . X . . . . . . . .
 6 . . . . . . . . . . . . . . . . . . .
 5 . . . . . . . . . . . . . . . . . . .
 4 . . . . . . . . . . . . . . . . . . .
 3 . . . . . . . . . . . . . . . . . . .
 2 . . . . . . . . . . . . . . . . . . .
 1 . . . . . . . . . . . . . . . . . . .

koPOSITIONALscoreAREAtaxNONEsui1komi7.5
Time taken: 0.626332
Root visits: 206
New playouts: 197
NN rows: 189
NN batches: 64
NN avg batch size: 2.95312
PV: C16 G18 G17 H18 H17 J18 L18 K18
Tree:
: T 117.56c W 100.00c S  17.53c (+88.5 L +87.1) N     206  --  C16 G18 G17 H18 H17 J18 L18
---White(^)---
C16 : T 117.68c W 100.00c S  17.66c (+88.7 L +87.3) LCB  117.16c P 97.13% WF 1190.7 PSV    1190 N     202  --  C16 G18 G17 H18 H17 J18 L18 K18
M17 : T  98.69c W 100.00c S  -1.31c (+63.2 L +61.8) LCB -251.31c P  0.05% WF   2.1 PSV       0 N       1  --  M17
D3  : T  97.54c W 100.00c S  -2.46c (+61.4 L +59.8) LCB -252.46c P  0.04% WF   1.8 PSV       0 N       1  --  D3
N17 : T  98.60c W 100.00c S  -1.40c (+62.9 L +61.5) LCB -251.40c P  0.04% WF   1.8 PSV       0 N       1  --  N17

2026-07-15 16:56:16+0100: = C16
2026-07-15 17:11:26+0100: Controller: play B F19
2026-07-15 17:11:26+0100: = 
2026-07-15 17:11:26+0100: Controller: genmove W
2026-07-15 17:11:27+0100: MoveNum: 67 HASH: 2B29006F41DE76768052FB149FC4895C
   A B C D E F G H J K L M N O P Q R S T
19 . . X . . X3. . . . . . . . . . . . .
18 . X1O X X O . . @ . . . . . . X . . .
17 X O O X O O . . . . . . . . O O . . .
16 . X O2O X . . . X X . . . . . . . . .
15 X O O O X . . . . . . . . . . . . . .
14 . X X O O O X . . . . . . . . . . . .
13 . X O X X O O X . . . . . . . . . . .
12 . X O . . X O O X . . . . . . . . . .
11 . . O . . . X O O X . . . . . . . . .
10 . . . . . . . X O O X . . . . . . . .
 9 . . O . . . . . X O O X . . . . . . .
 8 . . . . . . . . . X O O . . . . . . .
 7 . . . . . . . . . . X . . . . . . . .
 6 . . . . . . . . . . . . . . . . . . .
 5 . . . . . . . . . . . . . . . . . . .
 4 . . . . . . . . . . . . . . . . . . .
 3 . . . . . . . . . . . . . . . . . . .
 2 . . . . . . . . . . . . . . . . . . .
 1 . . . . . . . . . . . . . . . . . . .

koPOSITIONALscoreAREAtaxNONEsui1komi7.5
Time taken: 0.671622
Root visits: 205
New playouts: 205
NN rows: 202
NN batches: 69
NN avg batch size: 2.92754
PV: J18 D4 M16 N16 M15
Tree:
: T 120.43c W 100.00c S  20.31c (+92.7 L +91.3) N     205  --  J18 D4 M16 N16 M15
---White(^)---
J18 : T 121.22c W 100.00c S  21.04c (+94.1 L +92.8) LCB  120.35c P 39.90% WF 573.4 PSV     569 N      90  --  J18 D4 M16 N16 M15
H18 : T 119.46c W 100.00c S  19.42c (+91.2 L +89.8) LCB  118.20c P 25.84% WF 205.5 PSV     127 N      34  --  H18 J18 G18 D4
G18 : T 120.47c W 100.00c S  20.34c (+92.5 L +91.0) LCB  119.40c P 13.23% WF 221.4 PSV     104 N      35  --  G18 H18 J18 D4 M16
G19 : T 119.76c W 100.00c S  19.61c (+91.1 L +89.6) LCB  117.83c P  7.10% WF 132.3 PSV      39 N      21  --  G19 N17 D4 C8 D8
H17 : T 119.83c W 100.00c S  19.85c (+91.8 L +90.4) LCB  117.30c P  5.67% WF 121.6 PSV      32 N      20  --  H17 J18 G18 N17
D19 : T 117.34c W 100.00c S  17.54c (+87.8 L +86.3) LCB   74.50c P  1.18% WF  24.5 PSV       3 N       4  --  D19 G18

2026-07-15 17:11:27+0100: = J18
2026-07-15 17:27:44+0100: Controller: play B G18
2026-07-15 17:27:44+0100: = 
2026-07-15 17:27:44+0100: Controller: genmove W
2026-07-15 17:27:44+0100: MoveNum: 69 HASH: C9730BC64E1FECA744AFA5F9F6FE2F71
   A B C D E F G H J K L M N O P Q R S T
19 . . X . . X1. . . . . . . . . . . . .
18 . X O X X O X3. O2. . . . . . X . . .
17 X O O X O O @ . . . . . . . O O . . .
16 . X O O X . . . X X . . . . . . . . .
15 X O O O X . . . . . . . . . . . . . .
14 . X X O O O X . . . . . . . . . . . .
13 . X O X X O O X . . . . . . . . . . .
12 . X O . . X O O X . . . . . . . . . .
11 . . O . . . X O O X . . . . . . . . .
10 . . . . . . . X O O X . . . . . . . .
 9 . . O . . . . . X O O X . . . . . . .
 8 . . . . . . . . . X O O . . . . . . .
 7 . . . . . . . . . . X . . . . . . . .
 6 . . . . . . . . . . . . . . . . . . .
 5 . . . . . . . . . . . . . . . . . . .
 4 . . . . . . . . . . . . . . . . . . .
 3 . . . . . . . . . . . . . . . . . . .
 2 . . . . . . . . . . . . . . . . . . .
 1 . . . . . . . . . . . . . . . . . . .

koPOSITIONALscoreAREAtaxNONEsui1komi7.5
Time taken: 0.606076
Root visits: 206
New playouts: 193
NN rows: 185
NN batches: 62
NN avg batch size: 2.98387
PV: G17 D4 M16 O16 O17
Tree:
: T 118.79c W 100.00c S  18.51c (+95.6 L +94.3) N     206  --  G17 D4 M16 O16 O17
---White(^)---
G17 : T 119.26c W 100.00c S  19.00c (+96.4 L +95.0) LCB  118.62c P 69.78% WF 1089.7 PSV    1087 N     182  --  G17 D4 M16 O16 O17
E19 : T 115.41c W 100.00c S  15.22c (+90.6 L +89.2) LCB  109.78c P  7.91% WF  59.5 PSV      22 N      12  --  E19 D4 M16 K18
D19 : T 114.76c W 100.00c S  13.95c (+88.8 L +87.5) LCB  102.31c P  9.27% WF  38.4 PSV      22 N       8  --  D19 D4 G17
F16 : T 106.26c W 100.00c S   6.26c (+78.4 L +77.0) LCB -243.74c P  4.49% WF   3.6 PSV       4 N       1  --  F16
G16 : T 109.61c W 100.00c S   9.61c (+82.8 L +81.6) LCB -240.39c P  2.16% WF   3.6 PSV       2 N       1  --  G16
H17 : T  99.82c W 100.00c S  -0.18c (+69.7 L +68.2) LCB -250.18c P  1.85% WF   3.1 PSV       1 N       1  --  H17

2026-07-15 17:27:44+0100: = G17
2026-07-15 17:49:05+0100: Controller: play B H17
2026-07-15 17:49:05+0100: = 
2026-07-15 17:49:05+0100: Controller: genmove W
2026-07-15 17:49:06+0100: MoveNum: 71 HASH: 26DAD3C7B844404BBD5317A2999B9F52
   A B C D E F G H J K L M N O P Q R S T
19 . . X . . X . . . . . . . . . . . . .
18 . X O X X O X1@ O . . . . . . X . . .
17 X O O X O O O2X3. . . . . . O O . . .
16 . X O O X . . . X X . . . . . . . . .
15 X O O O X . . . . . . . . . . . . . .
14 . X X O O O X . . . . . . . . . . . .
13 . X O X X O O X . . . . . . . . . . .
12 . X O . . X O O X . . . . . . . . . .
11 . . O . . . X O O X . . . . . . . . .
10 . . . . . . . X O O X . . . . . . . .
 9 . . O . . . . . X O O X . . . . . . .
 8 . . . . . . . . . X O O . . . . . . .
 7 . . . . . . . . . . X . . . . . . . .
 6 . . . . . . . . . . . . . . . . . . .
 5 . . . . . . . . . . . . . . . . . . .
 4 . . . . . . . . . . . . . . . . . . .
 3 . . . . . . . . . . . . . . . . . . .
 2 . . . . . . . . . . . . . . . . . . .
 1 . . . . . . . . . . . . . . . . . . .

koPOSITIONALscoreAREAtaxNONEsui1komi7.5
Time taken: 0.652204
Root visits: 206
New playouts: 185
NN rows: 182
NN batches: 62
NN avg batch size: 2.93548
PV: H18 D4 M16 M15 N15 M14 L16
Tree:
: T 117.52c W 100.00c S  17.53c (+98.8 L +97.4) N     206  --  H18 D4 M16 M15 N15 M14 L16
---White(^)---
H18 : T 117.74c W 100.00c S  17.75c (+99.1 L +97.7) LCB  117.25c P 77.03% WF 1164.7 PSV    1164 N     198  --  H18 D4 M16 M15 N15 M14 L16
D19 : T 109.11c W  99.99c S   8.73c (+86.3 L +84.8) LCB   64.43c P 11.75% WF  16.2 PSV      15 N       4  --  D19 H18 E19
E19 : T 109.07c W  99.99c S   9.88c (+88.0 L +86.7) LCB   30.11c P  7.54% WF  11.6 PSV      10 N       3  --  E19 H18

2026-07-15 17:49:06+0100: = H18
2026-07-15 18:05:54+0100: Controller: play B N8
2026-07-15 18:05:54+0100: = 
2026-07-15 18:05:54+0100: Controller: genmove W
2026-07-15 18:05:55+0100: MoveNum: 73 HASH: C27A10526D4181D397FFC43272DFEFDD
   A B C D E F G H J K L M N O P Q R S T
19 . . X . . X . . . . . . . . . . . . .
18 . X O X X O X O2O . . . . . . X . . .
17 X O O X O O O X1. . . . . . O O . . .
16 . X O O X . . . X X . . . . . . . . .
15 X O O O X . . . . . . . . . . . . . .
14 . X X O O O X . . . . . . . . . . . .
13 . X O X X O O X . . . . . . . . . . .
12 . X O . . X O O X @ . . . . . . . . .
11 . . O . . . X O O X . . . . . . . . .
10 . . . . . . . X O O X . . . . . . . .
 9 . . O . . . . . X O O X . . . . . . .
 8 . . . . . . . . . X O O X3. . . . . .
 7 . . . . . . . . . . X . . . . . . . .
 6 . . . . . . . . . . . . . . . . . . .
 5 . . . . . . . . . . . . . . . . . . .
 4 . . . . . . . . . . . . . . . . . . .
 3 . . . . . . . . . . . . . . . . . . .
 2 . . . . . . . . . . . . . . . . . . .
 1 . . . . . . . . . . . . . . . . . . .

koPOSITIONALscoreAREAtaxNONEsui1komi7.5
Time taken: 0.662036
Root visits: 203
New playouts: 203
NN rows: 201
NN batches: 69
NN avg batch size: 2.91304
PV: K12 N17 P18 N15 D4
Tree:
: T 119.22c W  99.99c S  19.19c (+102.2 L +100.7) N     203  --  K12 N17 P18 N15 D4
---White(^)---
K12 : T 120.11c W  99.99c S  20.01c (+103.6 L +101.9) LCB  118.90c P  6.26% WF 230.1 PSV     873 N      38  --  K12 N17 P18 N15 D4
M7  : T 118.91c W 100.00c S  18.85c (+101.6 L +100.1) LCB  117.83c P 45.96% WF 315.4 PSV     317 N      52  --  M7 D4 M16 M15 N15
M10 : T 119.53c W  99.99c S  19.50c (+102.9 L +101.4) LCB  118.25c P 11.56% WF 195.7 PSV     119 N      33  --  M10 N17 L17 N15
J13 : T 119.21c W  99.99c S  19.18c (+102.0 L +100.4) LCB  117.97c P  8.61% WF 204.7 PSV      70 N      35  --  J13 N17 P18 N15
L11 : T 119.56c W  99.99c S  19.51c (+102.9 L +101.3) LCB  117.79c P  4.87% WF 160.5 PSV      51 N      27  --  L11 N17 D4 P18
F15 : T 115.78c W 100.00c S  15.88c (+96.9 L +95.2) LCB   72.96c P  7.64% WF  22.9 PSV      19 N       4  --  F15 D4
H14 : T 118.46c W  99.99c S  18.56c (+101.4 L +99.8) LCB   75.49c P  1.36% WF  23.3 PSV       7 N       4  --  H14 D4
N9  : T 117.87c W  99.96c S  18.14c (+101.1 L +99.9) LCB   56.21c P  1.50% WF  16.2 PSV       6 N       4  --  N9 G16
J8  : T 116.53c W  99.98c S  16.93c (+98.7 L +97.3) LCB   40.24c P  2.08% WF  15.2 PSV       6 N       3  --  J8 G16
G15 : T 114.37c W  99.96c S  15.24c (+95.4 L +93.6) LCB  -36.68c P  3.49% WF   9.9 PSV       6 N       2  --  G15 M7

2026-07-15 18:05:55+0100: = K12
2026-07-15 18:31:36+0100: Controller: play B F16
2026-07-15 18:31:36+0100: = 
2026-07-15 18:31:36+0100: Controller: genmove W
2026-07-15 18:31:37+0100: MoveNum: 75 HASH: DE2CAB3E45AF2E939FDE25FD659CE8C4
   A B C D E F G H J K L M N O P Q R S T
19 . . X . . X . . . . . . . . . . . . .
18 . X O X X O X O O . . . . . . X . . .
17 X O O X O O O X . . . . . . O O . . .
16 . X O O X X3@ . X X . . . . . . . . .
15 X O O O X . . . . . . . . . . . . . .
14 . X X O O O X . . . . . . . . . . . .
13 . X O X X O O X . . . . . . . . . . .
12 . X O . . X O O X O2. . . . . . . . .
11 . . O . . . X O O X . . . . . . . . .
10 . . . . . . . X O O X . . . . . . . .
 9 . . O . . . . . X O O X . . . . . . .
 8 . . . . . . . . . X O O X1. . . . . .
 7 . . . . . . . . . . X . . . . . . . .
 6 . . . . . . . . . . . . . . . . . . .
 5 . . . . . . . . . . . . . . . . . . .
 4 . . . . . . . . . . . . . . . . . . .
 3 . . . . . . . . . . . . . . . . . . .
 2 . . . . . . . . . . . . . . . . . . .
 1 . . . . . . . . . . . . . . . . . . .

koPOSITIONALscoreAREAtaxNONEsui1komi7.5
Time taken: 0.669526
Root visits: 203
New playouts: 203
NN rows: 201
NN batches: 69
NN avg batch size: 2.91304
PV: G16 D4 N16 N15 M16 M15 L11
Tree:
: T 119.18c W  99.99c S  18.99c (+107.8 L +106.2) N     203  --  G16 D4 N16 N15 M16 M15 L11
---White(^)---
G16 : T 119.60c W  99.99c S  19.52c (+108.5 L +106.9) LCB  119.06c P 86.93% WF 1045.5 PSV    1043 N     173  --  G16 D4 N16 N15 M16 M15 L11
G19 : T 117.71c W 100.00c S  17.50c (+105.1 L +103.5) LCB  115.63c P 11.91% WF 115.0 PSV      54 N      21  --  G19 N17 P18 O15
M7  : T  85.85c W 100.00c S -14.15c (+55.2 L +53.5) LCB -264.15c P  0.03% WF   1.1 PSV       0 N       1  --  M7
L11 : T  84.70c W 100.00c S -15.30c (+53.4 L +52.1) LCB -265.30c P  0.03% WF   1.1 PSV       0 N       1  --  L11
J13 : T  84.47c W 100.00c S -15.53c (+52.7 L +51.2) LCB -265.53c P  0.02% WF   1.0 PSV       0 N       1  --  J13
J8  : T  86.20c W 100.00c S -13.80c (+55.6 L +53.8) LCB -263.80c P  0.02% WF   0.9 PSV       0 N       1  --  J8
D19 : T  84.36c W 100.00c S -15.64c (+51.6 L +49.9) LCB -265.64c P  0.02% WF   0.8 PSV       0 N       1  --  D19
D3  : T  85.46c W 100.00c S -14.54c (+55.1 L +53.3) LCB -264.54c P  0.01% WF   0.9 PSV       0 N       1  --  D3
D4  : T  85.72c W 100.00c S -14.28c (+56.0 L +54.5) LCB -264.28c P  0.01% WF   0.9 PSV       0 N       1  --  D4
C4  : T  85.32c W 100.00c S -14.68c (+54.6 L +52.7) LCB -264.68c P  0.01% WF   0.8 PSV       0 N       1  --  C4

2026-07-15 18:31:37+0100: = G16
2026-07-15 18:46:46+0100: Controller: play B L12
2026-07-15 18:46:46+0100: = 
2026-07-15 18:46:46+0100: Controller: genmove W
2026-07-15 18:46:46+0100: MoveNum: 77 HASH: E3CAE4CC478D1272F70EAB415E6A1CAE
   A B C D E F G H J K L M N O P Q R S T
19 . . X . . X . . . . . . . . . . . . .
18 . X O X X O X O O . . . . . . X . . .
17 X O O X O O O X . . . . . . O O . . .
16 . X O O X X1O2. X X . . . . . . . . .
15 X O O O X . . . . . . . . . . . . . .
14 . X X O O O X . . . . . . . . . . . .
13 . X O X X O O X . . . . . . . . . . .
12 . X O . . X O O X O X3. . . . . . . .
11 . . O . . . X O O X @ . . . . . . . .
10 . . . . . . . X O O X . . . . . . . .
 9 . . O . . . . . X O O X . . . . . . .
 8 . . . . . . . . . X O O X . . . . . .
 7 . . . . . . . . . . X . . . . . . . .
 6 . . . . . . . . . . . . . . . . . . .
 5 . . . . . . . . . . . . . . . . . . .
 4 . . . . . . . . . . . . . . . . . . .
 3 . . . . . . . . . . . . . . . . . . .
 2 . . . . . . . . . . . . . . . . . . .
 1 . . . . . . . . . . . . . . . . . . .

koPOSITIONALscoreAREAtaxNONEsui1komi7.5
Time taken: 0.665602
Root visits: 204
New playouts: 204
NN rows: 201
NN batches: 69
NN avg batch size: 2.91304
PV: L11 D4 N16 N15 M16 M15 P14
Tree:
: T 118.58c W 100.00c S  18.42c (+114.4 L +112.8) N     204  --  L11 D4 N16 N15 M16 M15 P14
---White(^)---
L11 : T 118.95c W 100.00c S  18.80c (+115.1 L +113.5) LCB  118.45c P 91.23% WF 989.1 PSV     987 N     165  --  L11 D4 N16 N15 M16 M15 P14
J13 : T 117.12c W 100.00c S  17.09c (+111.7 L +109.8) LCB  113.17c P  4.07% WF  81.1 PSV      17 N      14  --  J13 D4 N16 N15
K13 : T 117.51c W 100.00c S  17.06c (+111.7 L +110.1) LCB  115.01c P  0.66% WF  97.6 PSV       3 N      19  --  K13 N17 P18 N15
M10 : T 110.01c W 100.00c S   9.99c (+101.6 L +100.0) LCB   35.40c P  0.10% WF   8.6 PSV       0 N       3  --  M10 K13
M7  : T 107.64c W 100.00c S   7.64c (+98.4 L +96.7) LCB -242.36c P  0.09% WF   2.6 PSV       0 N       1  --  M7
C4  : T 107.59c W 100.00c S   7.59c (+98.3 L +96.8) LCB -242.41c P  0.08% WF   2.5 PSV       0 N       1  --  C4

2026-07-15 18:46:46+0100: = L11
2026-07-15 19:12:31+0100: Controller: play B M11
2026-07-15 19:12:31+0100: = 
2026-07-15 19:12:31+0100: Controller: genmove W
2026-07-15 19:12:32+0100: MoveNum: 79 HASH: AD6A11AE8E845917FE044CF99A60E33A
   A B C D E F G H J K L M N O P Q R S T
19 . . X . . X . . . . . . . . . . . . .
18 . X O X X O X O O . . . . . . X . . .
17 X O O X O O O X . . . . . . O O . . .
16 . X O O X X O . X X . . . . . . . . .
15 X O O O X . . . . . . . . . . . . . .
14 . X X O O O X . . . . . . . . . . . .
13 . X O X X O O X . . . . . . . . . . .
12 . X O . . X O O X O X1. . . . . . . .
11 . . O . . . X O O . O2X3. . . . . . .
10 . . . . . . . X O O X @ . . . . . . .
 9 . . O . . . . . X O O X . . . . . . .
 8 . . . . . . . . . X O O X . . . . . .
 7 . . . . . . . . . . X . . . . . . . .
 6 . . . . . . . . . . . . . . . . . . .
 5 . . . . . . . . . . . . . . . . . . .
 4 . . . . . . . . . . . . . . . . . . .
 3 . . . . . . . . . . . . . . . . . . .
 2 . . . . . . . . . . . . . . . . . . .
 1 . . . . . . . . . . . . . . . . . . .

koPOSITIONALscoreAREAtaxNONEsui1komi7.5
Time taken: 0.671019
Root visits: 206
New playouts: 206
NN rows: 201
NN batches: 69
NN avg batch size: 2.91304
PV: M10 D4 N16 N15 M16 M15 L13
Tree:
: T 117.33c W 100.00c S  17.29c (+117.8 L +116.1) N     206  --  M10 D4 N16 N15 M16 M15 L13
---White(^)---
M10 : T 117.70c W 100.00c S  17.63c (+118.4 L +116.8) LCB  117.19c P 82.83% WF 941.0 PSV     938 N     163  --  M10 D4 N16 N15 M16 M15 L13
D4  : T 116.08c W 100.00c S  16.17c (+115.7 L +113.8) LCB  113.39c P  1.99% WF  89.3 PSV       9 N      17  --  D4 K11 J13 Q4 G4
L13 : T 115.41c W 100.00c S  15.56c (+115.0 L +113.3) LCB  109.42c P  1.21% WF  53.1 PSV       4 N      11  --  L13 K11 J13 D4
D3  : T 115.42c W 100.00c S  15.44c (+114.5 L +112.7) LCB  104.31c P  0.59% WF  39.2 PSV       2 N       8  --  D3 K11 J13 D5
D5  : T 115.55c W 100.00c S  15.40c (+114.3 L +112.3) LCB   87.66c P  0.35% WF  24.2 PSV       1 N       5  --  D5 C10 B10
C4  : T 114.08c W 100.00c S  14.08c (+112.1 L +109.9) LCB -235.92c P  0.50% WF   4.6 PSV       1 N       1  --  C4

2026-07-15 19:12:32+0100: = M10
2026-07-15 19:40:06+0100: Controller: play B N10
2026-07-15 19:40:06+0100: = 
2026-07-15 19:40:06+0100: Controller: genmove W
2026-07-15 19:40:06+0100: MoveNum: 81 HASH: 9D9B7A41EE703428B8AB2CEFDC812CC8
   A B C D E F G H J K L M N O P Q R S T
19 . . X . . X . . . . . . . . . . . . .
18 . X O X X O X O O . . . . . . X . . .
17 X O O X O O O X . . . . . . O O . . .
16 . X O O X X O . X X . . . . . . . . .
15 X O O O X . . . . . . . . . . . . . .
14 . X X O O O X . . . . . . . . . . . .
13 . X O X X O O X . . . . . . . . . . .
12 . X O . . X O O X O X @ . . . . . . .
11 . . O . . . X O O . O X1. . . . . . .
10 . . . . . . . X O O . O2X3. . . . . .
 9 . . O . . . . . X O O X . . . . . . .
 8 . . . . . . . . . X O O X . . . . . .
 7 . . . . . . . . . . X . . . . . . . .
 6 . . . . . . . . . . . . . . . . . . .
 5 . . . . . . . . . . . . . . . . . . .
 4 . . . . . . . . . . . . . . . . . . .
 3 . . . . . . . . . . . . . . . . . . .
 2 . . . . . . . . . . . . . . . . . . .
 1 . . . . . . . . . . . . . . . . . . .

koPOSITIONALscoreAREAtaxNONEsui1komi7.5
Time taken: 0.646405
Root visits: 206
New playouts: 206
NN rows: 202
NN batches: 69
NN avg batch size: 2.92754
PV: M12 N17 P18 O15 Q15 M14
Tree:
: T 116.02c W 100.00c S  15.92c (+123.6 L +121.8) N     206  --  M12 N17 P18 O15 Q15 M14
---White(^)---
M12 : T 116.83c W 100.00c S  16.66c (+124.8 L +123.1) LCB  115.99c P 35.16% WF 526.3 PSV    1064 N      97  --  M12 N17 P18 O15 Q15 M14
N9  : T 115.58c W 100.00c S  15.49c (+122.8 L +121.1) LCB  114.74c P 49.54% WF 343.8 PSV     291 N      65  --  N9 N17 P18 N15 D4
L13 : T 115.44c W 100.00c S  15.49c (+122.9 L +121.1) LCB  113.77c P  1.15% WF 127.4 PSV       6 N      25  --  L13 N17 P18 N15
D4  : T 114.02c W 100.00c S  13.99c (+120.6 L +118.8) LCB  105.04c P  1.33% WF  41.7 PSV       4 N       9  --  D4 L10 L13 K11
C4  : T 112.42c W 100.00c S  12.51c (+118.2 L +116.3) LCB   84.20c P  0.49% WF  20.1 PSV       1 N       5  --  C4 L10 F4
D3  : T 112.70c W 100.00c S  12.96c (+119.0 L +117.2) LCB   68.85c P  0.47% WF  16.8 PSV       1 N       4  --  D3 L10 L13

2026-07-15 19:40:06+0100: = M12
2026-07-15 20:05:01+0100: Controller: play B L10
2026-07-15 20:05:01+0100: = 
2026-07-15 20:05:01+0100: Controller: genmove W
2026-07-15 20:05:02+0100: MoveNum: 83 HASH: FBD0C890E846E877611AAC83C6E76103
   A B C D E F G H J K L M N O P Q R S T
19 . . X . . X . . . . . . . . . . . . .
18 . X O X X O X O O . . . . . . X . . .
17 X O O X O O O X . . . . . . O O . . .
16 . X O O X X O . X X . . . . . . . . .
15 X O O O X . . . . . . . . . . . . . .
14 . X X O O O X . . . . . . . . . . . .
13 . X O X X O O X . . @ . . . . . . . .
12 . X O . . X O O X O X O2. . . . . . .
11 . . O . . . X O O . O X . . . . . . .
10 . . . . . . . X O O X3. X1. . . . . .
 9 . . O . . . . . X O O X . . . . . . .
 8 . . . . . . . . . X O O X . . . . . .
 7 . . . . . . . . . . X . . . . . . . .
 6 . . . . . . . . . . . . . . . . . . .
 5 . . . . . . . . . . . . . . . . . . .
 4 . . . . . . . . . . . . . . . . . . .
 3 . . . . . . . . . . . . . . . . . . .
 2 . . . . . . . . . . . . . . . . . . .
 1 . . . . . . . . . . . . . . . . . . .

koPOSITIONALscoreAREAtaxNONEsui1komi7.5
Time taken: 0.697631
Root visits: 206
New playouts: 204
NN rows: 191
NN batches: 64
NN avg batch size: 2.98438
PV: L13 N17 P18 M14 N13 O15
Tree:
: T 116.47c W 100.00c S  16.38c (+125.4 L +123.8) N     206  --  L13 N17 P18 M14 N13 O15
---White(^)---
L13 : T 116.67c W 100.00c S  16.58c (+125.7 L +124.1) LCB  116.15c P 95.51% WF 1045.8 PSV    1045 N     194  --  L13 N17 P18 M14 N13 O15
J13 : T 109.22c W 100.00c S   9.21c (+114.2 L +112.6) LCB   66.16c P  0.10% WF  11.3 PSV       0 N       4  --  J13 P18
D4  : T 108.94c W  99.99c S   8.54c (+113.4 L +111.5) LCB   30.29c P  0.07% WF   6.8 PSV       0 N       3  --  D4 C10
N11 : T 102.00c W 100.00c S   2.00c (+103.2 L +102.0) LCB -248.00c P  0.09% WF   2.1 PSV       0 N       1  --  N11
D3  : T 104.83c W 100.00c S   4.83c (+107.8 L +106.2) LCB -245.17c P  0.06% WF   1.9 PSV       0 N       1  --  D3
C4  : T 104.52c W 100.00c S   4.52c (+107.4 L +105.7) LCB -245.48c P  0.06% WF   1.9 PSV       0 N       1  --  C4

2026-07-15 20:05:02+0100: = L13
2026-07-15 20:22:09+0100: Controller: play B N12
2026-07-15 20:22:09+0100: = 
2026-07-15 20:22:09+0100: Controller: genmove W
2026-07-15 20:22:10+0100: MoveNum: 85 HASH: F3F8CC63F6AD256629DC3713FCB7389A
   A B C D E F G H J K L M N O P Q R S T
19 . . X . . X . . . . . . . . . . . . .
18 . X O X X O X O O . . . . . . X . . .
17 X O O X O O O X . . . . . . O O . . .
16 . X O O X X O . X X . . . . . . . . .
15 X O O O X . . . . . . . . . . . . . .
14 . X X O O O X . . . . . . . . . . . .
13 . X O X X O O X . . O2. @ . . . . . .
12 . X O . . X O O X O . O X3. . . . . .
11 . . O . . . X O O . O X . . . . . . .
10 . . . . . . . X O O X1. X . . . . . .
 9 . . O . . . . . X O O X . . . . . . .
 8 . . . . . . . . . X O O X . . . . . .
 7 . . . . . . . . . . X . . . . . . . .
 6 . . . . . . . . . . . . . . . . . . .
 5 . . . . . . . . . . . . . . . . . . .
 4 . . . . . . . . . . . . . . . . . . .
 3 . . . . . . . . . . . . . . . . . . .
 2 . . . . . . . . . . . . . . . . . . .
 1 . . . . . . . . . . . . . . . . . . .

koPOSITIONALscoreAREAtaxNONEsui1komi7.5
Time taken: 0.649449
Root visits: 205
New playouts: 199
NN rows: 195
NN batches: 66
NN avg batch size: 2.95455
PV: N13 P18 O17 R17 R16 O18 S17 N17
Tree:
: T 116.13c W 100.00c S  16.19c (+125.3 L +123.6) N     205  --  N13 P18 O17 R17 R16 O18 S17
---White(^)---
N13 : T 116.85c W 100.00c S  16.95c (+126.4 L +124.8) LCB  116.04c P 35.45% WF 495.8 PSV     493 N      92  --  N13 P18 O17 R17 R16 O18 S17 N17
D4  : T 115.69c W 100.00c S  15.80c (+124.7 L +123.0) LCB  114.89c P 17.50% WF 198.9 PSV     102 N      38  --  D4 M13 M14 L12 M10 K13
M10 : T 116.03c W 100.00c S  16.02c (+125.1 L +123.3) LCB  114.90c P 10.49% WF 190.8 PSV      74 N      36  --  M10 N17 P18 N14 D4
R16 : T 114.59c W 100.00c S  14.60c (+123.1 L +121.5) LCB   99.57c P  3.60% WF  32.2 PSV      13 N       7  --  R16 M14 M10
D3  : T 115.25c W 100.00c S  15.33c (+124.2 L +122.4) LCB  106.16c P  1.94% WF  45.1 PSV       9 N       9  --  D3 M13 M10
N16 : T 115.01c W 100.00c S  15.08c (+123.6 L +122.1) LCB   86.11c P  1.61% WF  23.8 PSV       7 N       5  --  N16 M13 M10
C4  : T 114.30c W 100.00c S  14.46c (+122.8 L +121.1) LCB   84.77c P  1.76% WF  23.6 PSV       6 N       5  --  C4 M13 M14
D5  : T 114.92c W 100.00c S  15.03c (+123.7 L +122.0) LCB   85.77c P  1.03% WF  24.2 PSV       4 N       5  --  D5 M13 M14
Q4  : T 114.10c W 100.00c S  14.00c (+121.7 L +120.1) LCB  -35.71c P  1.19% WF   9.4 PSV       3 N       2  --  Q4 M13
R17 : T 113.64c W 100.00c S  13.51c (+121.4 L +119.7) LCB  -41.24c P  1.14% WF   8.6 PSV       3 N       2  --  R17 M14

2026-07-15 20:22:10+0100: = N13
2026-07-15 20:49:25+0100: Controller: play B O13
2026-07-15 20:49:25+0100: = 
2026-07-15 20:49:25+0100: Controller: genmove W
2026-07-15 20:49:25+0100: MoveNum: 87 HASH: 62AAD8FC0C616FC956247CD02354E616
   A B C D E F G H J K L M N O P Q R S T
19 . . X . . X . . . . . . . . . . . . .
18 . X O X X O X O O . . . . . . X . . .
17 X O O X O O O X . . . . . . O O . . .
16 . X O O X X O . X X . . . . . . . . .
15 X O O O X . . . . . . . . . . . . . .
14 . X X O O O X . . . . . . . . . . . .
13 . X O X X O O X . . O . O2X3. . . . .
12 . X O . . X O O X O . O X1@ . . . . .
11 . . O . . . X O O . O X . . . . . . .
10 . . . . . . . X O O X . X . . . . . .
 9 . . O . . . . . X O O X . . . . . . .
 8 . . . . . . . . . X O O X . . . . . .
 7 . . . . . . . . . . X . . . . . . . .
 6 . . . . . . . . . . . . . . . . . . .
 5 . . . . . . . . . . . . . . . . . . .
 4 . . . . . . . . . . . . . . . . . . .
 3 . . . . . . . . . . . . . . . . . . .
 2 . . . . . . . . . . . . . . . . . . .
 1 . . . . . . . . . . . . . . . . . . .

koPOSITIONALscoreAREAtaxNONEsui1komi7.5
Time taken: 0.571172
Root visits: 205
New playouts: 192
NN rows: 170
NN batches: 58
NN avg batch size: 2.93103
PV: O12 P18 O17 O18 R17 N17 M18
Tree:
: T 117.10c W 100.00c S  17.08c (+126.8 L +125.3) N     205  --  O12 P18 O17 O18 R17 N17 M18
---White(^)---
O12 : T 117.28c W 100.00c S  17.28c (+127.2 L +125.7) LCB  116.60c P 55.36% WF 622.7 PSV     622 N     116  --  O12 P18 O17 O18 R17 N17 M18
N14 : T 117.16c W 100.00c S  17.14c (+126.6 L +125.2) LCB  116.23c P 32.41% WF 401.8 PSV     329 N      74  --  N14 R17 R16 P18 O17 O18 N17
O14 : T 114.99c W 100.00c S  14.78c (+123.3 L +121.7) LCB  110.41c P  6.37% WF  63.3 PSV      22 N      14  --  O14 P18 O17 N14

2026-07-15 20:49:25+0100: = O12
2026-07-15 21:17:37+0100: Controller: play B N14
2026-07-15 21:17:37+0100: = 
2026-07-15 21:17:37+0100: Controller: genmove W
2026-07-15 21:17:38+0100: MoveNum: 89 HASH: B6625907660960DD6E8684D7A9A201C5
   A B C D E F G H J K L M N O P Q R S T
19 . . X . . X . . . . . . . . . . . . .
18 . X O X X O X O O . . . . . . X . . .
17 X O O X O O O X . . . . . . O O . . .
16 . X O O X X O . X X . . . . . . . . .
15 X O O O X . . . . . . . . . . . . . .
14 . X X O O O X . . . . . X3. . . . . .
13 . X O X X O O X . . O . O X1. . . . .
12 . X O . . X O O X O . O X O2. . . . .
11 . . O . . . X O O . O X @ . . . . . .
10 . . . . . . . X O O X . X . . . . . .
 9 . . O . . . . . X O O X . . . . . . .
 8 . . . . . . . . . X O O X . . . . . .
 7 . . . . . . . . . . X . . . . . . . .
 6 . . . . . . . . . . . . . . . . . . .
 5 . . . . . . . . . . . . . . . . . . .
 4 . . . . . . . . . . . . . . . . . . .
 3 . . . . . . . . . . . . . . . . . . .
 2 . . . . . . . . . . . . . . . . . . .
 1 . . . . . . . . . . . . . . . . . . .

koPOSITIONALscoreAREAtaxNONEsui1komi7.5
Time taken: 0.659941
Root visits: 206
New playouts: 206
NN rows: 200
NN batches: 68
NN avg batch size: 2.94118
PV: N11 P13 P12 N17 P18 Q13
Tree:
: T 118.14c W 100.00c S  17.98c (+131.4 L +129.7) N     206  --  N11 P13 P12 N17 P18 Q13
---White(^)---
N11 : T 118.61c W 100.00c S  18.48c (+132.2 L +130.5) LCB  118.09c P 95.20% WF 1035.8 PSV    1034 N     187  --  N11 P13 P12 N17 P18 Q13
M13 : T 112.44c W 100.00c S  12.19c (+121.3 L +119.9) LCB   97.83c P  0.26% WF  20.9 PSV       0 N       7  --  M13 P12 O14
M10 : T 109.82c W 100.00c S   9.28c (+117.1 L +115.4) LCB   31.24c P  0.07% WF   7.4 PSV       0 N       3  --  M10 M13
C4  : T 100.49c W 100.00c S   0.49c (+103.6 L +101.8) LCB -249.51c P  0.09% WF   2.3 PSV       0 N       1  --  C4
D3  : T 100.43c W 100.00c S   0.43c (+103.6 L +101.8) LCB -249.57c P  0.09% WF   2.2 PSV       0 N       1  --  D3
D4  : T 101.55c W 100.00c S   1.55c (+105.4 L +103.7) LCB -248.45c P  0.08% WF   2.2 PSV       0 N       1  --  D4
R4  : T 100.01c W 100.00c S   0.01c (+103.1 L +101.3) LCB -249.99c P  0.08% WF   2.1 PSV       0 N       1  --  R4
E4  : T 100.42c W 100.00c S   0.42c (+103.4 L +101.6) LCB -249.58c P  0.08% WF   2.1 PSV       0 N       1  --  E4
Q3  : T  99.52c W 100.00c S  -0.48c (+102.2 L +100.4) LCB -250.48c P  0.07% WF   2.1 PSV       0 N       1  --  Q3
Q4  : T 100.04c W 100.00c S   0.04c (+103.1 L +101.3) LCB -249.96c P  0.07% WF   2.1 PSV       0 N       1  --  Q4

2026-07-15 21:17:38+0100: = N11
2026-07-15 21:43:03+0100: Controller: play B M13
2026-07-15 21:43:03+0100: = 
2026-07-15 21:43:03+0100: Controller: genmove W
2026-07-15 21:43:04+0100: MoveNum: 91 HASH: 6CB90EEE138C4786B75A7FE0486A8C34
   A B C D E F G H J K L M N O P Q R S T
19 . . X . . X . . . . . . . . . . . . .
18 . X O X X O X O O . . . . . . X . . .
17 X O O X O O O X . . . . . . O O . . .
16 . X O O X X O . X X . . . . . . . . .
15 X O O O X . . . . . . . . . . . . . .
14 . X X O O O X . . . . @ X1. . . . . .
13 . X O X X O O X . . O X3O X . . . . .
12 . X O . . X O O X O . O . O . . . . .
11 . . O . . . X O O . O X O2. . . . . .
10 . . . . . . . X O O X . X . . . . . .
 9 . . O . . . . . X O O X . . . . . . .
 8 . . . . . . . . . X O O X . . . . . .
 7 . . . . . . . . . . X . . . . . . . .
 6 . . . . . . . . . . . . . . . . . . .
 5 . . . . . . . . . . . . . . . . . . .
 4 . . . . . . . . . . . . . . . . . . .
 3 . . . . . . . . . . . . . . . . . . .
 2 . . . . . . . . . . . . . . . . . . .
 1 . . . . . . . . . . . . . . . . . . .

koPOSITIONALscoreAREAtaxNONEsui1komi7.5
Time taken: 0.654951
Root visits: 206
New playouts: 206
NN rows: 200
NN batches: 68
NN avg batch size: 2.94118
PV: M14 P18 O17 R17 R16 O18 S17 N17 M18
Tree:
: T 114.70c W 100.00c S  14.67c (+140.7 L +138.9) N     206  --  M14 P18 O17 R17 R16 O18 S17
---White(^)---
M14 : T 115.08c W 100.00c S  15.04c (+141.3 L +139.5) LCB  114.19c P 93.85% WF 822.4 PSV     821 N     178  --  M14 P18 O17 R17 R16 O18 S17 N17
N12 : T 112.33c W 100.00c S  12.01c (+136.4 L +134.5) LCB  106.24c P  0.41% WF  41.3 PSV       1 N      11  --  N12 N17 P18 O15
M10 : T 109.12c W 100.00c S   9.66c (+132.7 L +131.0) LCB   88.33c P  0.55% WF  18.1 PSV       0 N       6  --  M10 N12 P12
P13 : T 110.69c W 100.00c S  10.79c (+134.7 L +132.4) LCB   89.84c P  0.23% WF  16.3 PSV       0 N       6  --  P13 N12 M10 C10
R16 : T 108.96c W 100.00c S  11.04c (+135.1 L +132.7) LCB   23.39c P  0.11% WF   7.4 PSV       0 N       3  --  R16 N12 M10
R17 : T 107.28c W 100.00c S   7.28c (+128.9 L +127.7) LCB -242.72c P  0.12% WF   2.4 PSV       0 N       1  --  R17

2026-07-15 21:43:04+0100: = M14
2026-07-15 22:20:11+0100: Controller: play B P12
2026-07-15 22:20:11+0100: = 
2026-07-15 22:20:11+0100: Controller: genmove W
2026-07-15 22:20:12+0100: MoveNum: 93 HASH: DBC274767394A94AB306F84C9C672695
   A B C D E F G H J K L M N O P Q R S T
19 . . X . . X . . . . . . . . . . . . .
18 . X O X X O X O O . . . . . . X . . .
17 X O O X O O O X . . . . . . O O . . .
16 . X O O X X O . X X . . . . . . . . .
15 X O O O X . . . . . . . . . . . . . .
14 . X X O O O X . . . . O2X . . . . . .
13 . X O X X O O X . . O .1O X @ . . . .
12 . X O . . X O O X O . O . O X3. . . .
11 . . O . . . X O O . O X O . . . . . .
10 . . . . . . . X O O X . X . . . . . .
 9 . . O . . . . . X O O X . . . . . . .
 8 . . . . . . . . . X O O X . . . . . .
 7 . . . . . . . . . . X . . . . . . . .
 6 . . . . . . . . . . . . . . . . . . .
 5 . . . . . . . . . . . . . . . . . . .
 4 . . . . . . . . . . . . . . . . . . .
 3 . . . . . . . . . . . . . . . . . . .
 2 . . . . . . . . . . . . . . . . . . .
 1 . . . . . . . . . . . . . . . . . . .

koPOSITIONALscoreAREAtaxNONEsui1komi7.5
Time taken: 0.690248
Root visits: 206
New playouts: 206
NN rows: 203
NN batches: 69
NN avg batch size: 2.94203
PV: P13 R17 R16 P18 R18 S17 S18 O17
Tree:
: T 116.63c W 100.00c S  16.52c (+145.5 L +143.8) N     206  --  P13 R17 R16 P18 R18 S17 S18
---White(^)---
P13 : T 117.27c W 100.00c S  17.15c (+146.5 L +144.8) LCB  116.27c P 29.58% WF 355.4 PSV     706 N      69  --  P13 R17 R16 P18 R18 S17 S18 O17
P11 : T 116.39c W 100.00c S  16.36c (+145.5 L +143.7) LCB  115.12c P 42.86% WF 320.1 PSV     271 N      66  --  P11 P18 O17 R17 R16 O18 S17 N17
R17 : T 116.68c W 100.00c S  16.34c (+145.1 L +143.6) LCB  115.15c P 11.14% WF 176.6 PSV      83 N      34  --  R17 O11 N12 C8 P11
R16 : T 115.28c W 100.00c S  15.36c (+143.6 L +141.9) LCB  107.85c P  4.72% WF  48.6 PSV      18 N      10  --  R16 P18 R18 O11
O14 : T 116.20c W 100.00c S  16.18c (+144.5 L +143.0) LCB  114.31c P  1.14% WF 109.1 PSV       6 N      22  --  O14 R17 R16 P18 R18 S17
D4  : T 113.98c W 100.00c S  13.87c (+141.3 L +139.5) LCB   70.22c P  0.88% WF  18.5 PSV       2 N       4  --  D4 O11

2026-07-15 22:20:12+0100: = P13
2026-07-15 22:50:29+0100: Controller: play B O11
2026-07-15 22:50:29+0100: = 
2026-07-15 22:50:29+0100: Controller: genmove W
2026-07-15 22:50:29+0100: MoveNum: 95 HASH: 30E189246F37A8E882EA3031CAF2CDF8
   A B C D E F G H J K L M N O P Q R S T
19 . . X . . X . . . . . . . . . . . . .
18 . X O X X O X O O . . . . . . X . . .
17 X O O X O O O X . . . . . . O O . . .
16 . X O O X X O . X X . . . . . . . . .
15 X O O O X . . . . . . . . . . . . . .
14 . X X O O O X . . . . O X @ . . . . .
13 . X O X X O O X . . O . O X O2. . . .
12 . X O . . X O O X O . O . O X1. . . .
11 . . O . . . X O O . O X O X3. . . . .
10 . . . . . . . X O O X . X . . . . . .
 9 . . O . . . . . X O O X . . . . . . .
 8 . . . . . . . . . X O O X . . . . . .
 7 . . . . . . . . . . X . . . . . . . .
 6 . . . . . . . . . . . . . . . . . . .
 5 . . . . . . . . . . . . . . . . . . .
 4 . . . . . . . . . . . . . . . . . . .
 3 . . . . . . . . . . . . . . . . . . .
 2 . . . . . . . . . . . . . . . . . . .
 1 . . . . . . . . . . . . . . . . . . .

koPOSITIONALscoreAREAtaxNONEsui1komi7.5
Time taken: 0.585978
Root visits: 206
New playouts: 200
NN rows: 180
NN batches: 60
NN avg batch size: 3
PV: O14 N12 O13 R17 R16 P18 R18 S17 S18
Tree:
: T 117.36c W 100.00c S  17.21c (+147.7 L +146.3) N     206  --  O14 N12 O13 R17 R16 P18 R18
---White(^)---
O14 : T 117.63c W 100.00c S  17.48c (+148.1 L +146.7) LCB  117.17c P 90.22% WF 1005.7 PSV    1004 N     187  --  O14 N12 O13 R17 R16 P18 R18 S17
N12 : T 115.09c W 100.00c S  15.20c (+144.2 L +142.6) LCB  109.84c P  5.15% WF  57.2 PSV      17 N      12  --  N12 R17 R16 P18
M10 : T 111.80c W 100.00c S  11.29c (+138.6 L +137.0) LCB   82.95c P  1.32% WF  18.2 PSV       2 N       5  --  M10 N12 O14
D3  : T  97.64c W 100.00c S  -2.36c (+116.0 L +114.4) LCB -252.36c P  0.06% WF   1.8 PSV       0 N       1  --  D3

2026-07-15 22:50:29+0100: = O14
2026-07-15 23:06:16+0100: Controller: play B N12
2026-07-15 23:06:16+0100: = 
2026-07-15 23:06:16+0100: Controller: genmove W
2026-07-15 23:06:16+0100: MoveNum: 97 HASH: 87C72278902FD6F2B8F1BB38A4692CE1
   A B C D E F G H J K L M N O P Q R S T
19 . . X . . X . . . . . . . . . . . . .
18 . X O X X O X O O . . . . . . X . . .
17 X O O X O O O X . . . . . . O O . . .
16 . X O O X X O . X X . . . . . . . . .
15 X O O O X . . . . . . . . . . . . . .
14 . X X O O O X . . . . O X O2. . . . .
13 . X O X X O O X . . O . O @ O . . . .
12 . X O . . X O O X O . O X3O X . . . .
11 . . O . . . X O O . O X . X1. . . . .
10 . . . . . . . X O O X . X . . . . . .
 9 . . O . . . . . X O O X . . . . . . .
 8 . . . . . . . . . X O O X . . . . . .
 7 . . . . . . . . . . X . . . . . . . .
 6 . . . . . . . . . . . . . . . . . . .
 5 . . . . . . . . . . . . . . . . . . .
 4 . . . . . . . . . . . . . . . . . . .
 3 . . . . . . . . . . . . . . . . . . .
 2 . . . . . . . . . . . . . . . . . . .
 1 . . . . . . . . . . . . . . . . . . .

koPOSITIONALscoreAREAtaxNONEsui1komi7.5
Time taken: 0.388098
Root visits: 206
New playouts: 121
NN rows: 115
NN batches: 39
NN avg batch size: 2.94872
PV: O13 C8 D8 B9 C7 C10
Tree:
: T 117.47c W 100.00c S  17.30c (+147.4 L +146.0) N     206  --  O13 C8 D8 B9 C7 C10
---White(^)---
O13 : T 117.77c W 100.00c S  17.63c (+147.8 L +146.4) LCB  117.16c P 56.73% WF 704.3 PSV     703 N     126  --  O13 C8 D8 B9 C7 C10
D4  : T 117.36c W 100.00c S  17.12c (+147.5 L +146.1) LCB  116.52c P 17.91% WF 250.6 PSV     156 N      47  --  D4 R17 R16 P18 R18 C10
R17 : T 115.79c W 100.00c S  15.30c (+143.9 L +142.6) LCB   88.04c P  3.18% WF  25.3 PSV      13 N       5  --  R17 O13 N15
D3  : T 116.68c W 100.00c S  16.59c (+146.7 L +145.1) LCB  110.76c P  1.97% WF  56.2 PSV      11 N      11  --  D3 R17 R16 P18
C4  : T 116.75c W 100.00c S  16.57c (+146.7 L +145.1) LCB  107.84c P  1.72% WF  45.2 PSV      10 N       9  --  C4 C10 B10
Q12 : T 116.06c W 100.00c S  16.09c (+145.9 L +144.3) LCB   87.81c P  2.36% WF  23.7 PSV      10 N       5  --  Q12 O13 N15
Q4  : T 114.43c W 100.00c S  14.43c (+143.0 L +141.1) LCB -235.57c P  1.20% WF   4.4 PSV       3 N       1  --  Q4
R16 : T 113.76c W 100.00c S  13.76c (+141.7 L +139.6) LCB -236.24c P  1.12% WF   4.4 PSV       2 N       1  --  R16

2026-07-15 23:06:16+0100: = O13
2026-07-15 23:32:33+0100: Controller: play B G15
2026-07-15 23:32:33+0100: = 
2026-07-15 23:32:33+0100: Controller: genmove W
2026-07-15 23:32:35+0100: MoveNum: 99 HASH: 34F4CBDBB96570B342DD6BEF2AFA8151
   A B C D E F G H J K L M N O P Q R S T
19 . . X . . X . . . . . . . . . . . . .
18 . X O X X O X O O . . . . . . X . . .
17 X O O X O O O X . . . . . . O O . . .
16 . X O O X X O . X X . . . . . . . . .
15 X O O O X @ X3. . . . . . . . . . . .
14 . X X O O O X . . . . O X O . . . . .
13 . X O X X O O X . . O . O O2O . . . .
12 . X O . . X O O X O . O X1O X . . . .
11 . . O . . . X O O . O X . X . . . . .
10 . . . . . . . X O O X . X . . . . . .
 9 . . O . . . . . X O O X . . . . . . .
 8 . . . . . . . . . X O O X . . . . . .
 7 . . . . . . . . . . X . . . . . . . .
 6 . . . . . . . . . . . . . . . . . . .
 5 . . . . . . . . . . . . . . . . . . .
 4 . . . . . . . . . . . . . . . . . . .
 3 . . . . . . . . . . . . . . . . . . .
 2 . . . . . . . . . . . . . . . . . . .
 1 . . . . . . . . . . . . . . . . . . .

koPOSITIONALscoreAREAtaxNONEsui1komi7.5
Time taken: 2.65396
Root visits: 204
New playouts: 204
NN rows: 201
NN batches: 69
NN avg batch size: 2.91304
PV: F15 D4 Q4 R17 P18
Tree:
: T 120.84c W 100.00c S  20.56c (+147.5 L +146.2) N     204  --  F15 D4 Q4 R17 P18
---White(^)---
F15 : T 121.20c W 100.00c S  21.08c (+148.1 L +146.8) LCB  120.53c P 67.99% WF 819.5 PSV     818 N     129  --  F15 D4 Q4 R17 P18
G19 : T 120.82c W 100.00c S  20.80c (+147.6 L +146.3) LCB  120.12c P 30.63% WF 408.7 PSV     279 N      66  --  G19 R17 R16 P18 R18 S17
H15 : T  81.71c W 100.00c S -18.29c (+66.6 L +65.9) LCB -268.29c P  0.03% WF   1.1 PSV       0 N       1  --  H15
H16 : T  81.49c W 100.00c S -18.51c (+65.5 L +64.8) LCB -268.51c P  0.02% WF   0.8 PSV       0 N       1  --  H16
D3  : T  84.29c W 100.00c S -15.71c (+78.2 L +77.3) LCB -265.71c P  0.02% WF   0.9 PSV       0 N       1  --  D3
D4  : T  84.35c W 100.00c S -15.65c (+78.6 L +77.8) LCB -265.65c P  0.02% WF   0.9 PSV       0 N       1  --  D4
N7  : T  84.08c W 100.00c S -15.92c (+77.4 L +76.6) LCB -265.92c P  0.02% WF   0.9 PSV       0 N       1  --  N7
C4  : T  83.82c W 100.00c S -16.18c (+76.3 L +75.3) LCB -266.18c P  0.02% WF   0.9 PSV       0 N       1  --  C4
R4  : T  83.63c W 100.00c S -16.37c (+76.2 L +75.2) LCB -266.37c P  0.02% WF   0.8 PSV       0 N       1  --  R4
M7  : T  84.32c W 100.00c S -15.68c (+77.6 L +76.9) LCB -265.68c P  0.02% WF   0.8 PSV       0 N       1  --  M7

2026-07-15 23:32:35+0100: = F15
2026-07-15 23:46:36+0100: Controller: play B E16
2026-07-15 23:46:36+0100: = 
2026-07-15 23:46:36+0100: Controller: genmove W
2026-07-15 23:46:37+0100: MoveNum: 101 HASH: 58C3158329E483567CF8DDABF5252C69
   A B C D E F G H J K L M N O P Q R S T
19 . . X . . X . . . . . . . . . . . . .
18 . X O X X O X O O . . . . . . X . . .
17 X O O X O O O X . . . . . . O O . . .
16 . X O O X3. O . X X . . . . . . . . .
15 X O O O . O2X1. . . . . . . . . . . .
14 . X X O O O X . . . . O X O . . . . .
13 . X O X X O O X . . O . O O O . . . .
12 . X O . . X O O X O . O X O X . . . .
11 . . O . . . X O O . O X . X . . . . .
10 . . . . . . . X O O X . X . . . . . .
 9 . . O . . . . . X O O X . . . . . . .
 8 . . . . . . . . . X O O X . . . . . .
 7 . . . . . . . . . . X . . . . . . . .
 6 . . . . . . . . . . . . . . . . . . .
 5 . . . . . . . . . . . . . . . . . . .
 4 . . . @ . . . . . . . . . . . . . . .
 3 . . . . . . . . . . . . . . . . . . .
 2 . . . . . . . . . . . . . . . . . . .
 1 . . . . . . . . . . . . . . . . . . .

koPOSITIONALscoreAREAtaxNONEsui1komi7.5
Time taken: 1.30885
Root visits: 204
New playouts: 204
NN rows: 201
NN batches: 69
NN avg batch size: 2.91304
PV: D4 R17 R16 P18 R18 S17 S18
Tree:
: T 118.37c W 100.00c S  18.36c (+160.7 L +159.3) N     204  --  D4 R17 R16 P18 R18 S17 S18
---White(^)---
D4  : T 119.09c W 100.00c S  18.96c (+161.9 L +160.5) LCB  118.45c P 34.56% WF 462.1 PSV     459 N      78  --  D4 R17 R16 P18 R18 S17 S18
N7  : T 118.31c W 100.00c S  18.35c (+160.9 L +159.4) LCB  117.37c P  6.94% WF 203.2 PSV      50 N      36  --  N7 R17 R16 P18 S17
Q4  : T 118.40c W 100.00c S  18.17c (+160.4 L +159.0) LCB  116.76c P  4.24% WF 133.7 PSV      32 N      23  --  Q4 R17 R16 P18 R18
C4  : T 117.48c W 100.00c S  17.73c (+159.6 L +158.1) LCB  113.27c P  6.45% WF  73.4 PSV      31 N      13  --  C4 C10 B10 R17
D3  : T 117.61c W 100.00c S  17.95c (+160.0 L +158.5) LCB  111.68c P  4.90% WF  63.3 PSV      25 N      11  --  D3 R17 R16 P18
D5  : T 118.10c W 100.00c S  18.29c (+160.7 L +159.2) LCB  114.73c P  2.52% WF  86.4 PSV      16 N      15  --  D5 R17 R16 P18 S17
Q12 : T 117.77c W 100.00c S  18.04c (+159.8 L +158.4) LCB  103.45c P  2.46% WF  40.9 PSV      13 N       7  --  Q12 R17 P18
R17 : T 116.99c W 100.00c S  17.23c (+157.8 L +156.9) LCB   74.04c P  2.68% WF  23.4 PSV      10 N       4  --  R17 C8
R4  : T 117.44c W 100.00c S  17.39c (+158.9 L +157.3) LCB   74.55c P  2.19% WF  23.1 PSV      10 N       4  --  R4 R17
E4  : T 117.16c W 100.00c S  17.13c (+158.4 L +157.0) LCB   43.26c P  1.52% WF  17.3 PSV       6 N       3  --  E4 R17

2026-07-15 23:46:37+0100: = D4
2026-07-16 00:12:47+0100: Controller: play B C10
2026-07-16 00:12:47+0100: = 
2026-07-16 00:12:47+0100: Controller: genmove W
2026-07-16 00:12:48+0100: MoveNum: 103 HASH: 7AE04E95236BD0AD8E39679590CECC68
   A B C D E F G H J K L M N O P Q R S T
19 . . X . . X . . . . . . . . . . . . .
18 . X O X X O X O O . . . . . . X . . .
17 X O O X O O O X . . . . . . O O . . .
16 . X O O X1. O . X X . . . . . . . . .
15 X O O O . O X . . . . . . . . . . . .
14 . X X O O O X . . . . O X O . . . . .
13 . X O X X O O X . . O . O O O . . . .
12 . X O . . X O O X O . O X O X . . . .
11 . . O . . . X O O . O X . X . . . . .
10 . . X3@ . . . X O O X . X . . . . . .
 9 . . O . . . . . X O O X . . . . . . .
 8 . . . . . . . . . X O O X . . . . . .
 7 . . . . . . . . . . X . . . . . . . .
 6 . . . . . . . . . . . . . . . . . . .
 5 . . . . . . . . . . . . . . . . . . .
 4 . . . O2. . . . . . . . . . . . . . .
 3 . . . . . . . . . . . . . . . . . . .
 2 . . . . . . . . . . . . . . . . . . .
 1 . . . . . . . . . . . . . . . . . . .

koPOSITIONALscoreAREAtaxNONEsui1komi7.5
Time taken: 0.557075
Root visits: 206
New playouts: 183
NN rows: 169
NN batches: 57
NN avg batch size: 2.96491
PV: D10 B10 B9 B11 E11 R17
Tree:
: T 117.06c W 100.00c S  16.93c (+161.7 L +160.2) N     206  --  D10 B10 B9 B11 E11 R17
---White(^)---
D10 : T 117.25c W 100.00c S  17.07c (+162.0 L +160.6) LCB  116.56c P 26.97% WF 376.9 PSV    1303 N      72  --  D10 B10 B9 B11 E11 R17
B10 : T 116.96c W 100.00c S  16.85c (+161.5 L +160.1) LCB  116.14c P 68.20% WF 695.2 PSV     696 N     133  --  B10 F4 Q4 R17 R16 P18

2026-07-16 00:12:48+0100: = D10
2026-07-16 00:38:51+0100: Controller: play B D11
2026-07-16 00:38:51+0100: = 
2026-07-16 00:38:51+0100: Controller: genmove W
2026-07-16 00:38:52+0100: MoveNum: 105 HASH: 23145E4524664C96B9774DB557C45694
   A B C D E F G H J K L M N O P Q R S T
19 . . X . . X . . . . . . . . . . . . .
18 . X O X X O X O O . . . . . . X . . .
17 X O O X O O O X . . . . . . O O . . .
16 . X O O X . O . X X . . . . . . . . .
15 X O O O . O X . . . . . . . . . . . .
14 . X X O O O X . . . . O X O . . . . .
13 . X O X X O O X . . O . O O O . . . .
12 . X O . . X O O X O . O X O X . . . .
11 . . O X3. . X O O . O X . X . . . . .
10 . @ X1O2. . . X O O X . X . . . . . .
 9 . . O . . . . . X O O X . . . . . . .
 8 . . . . . . . . . X O O X . . . . . .
 7 . . . . . . . . . . X . . . . . . . .
 6 . . . . . . . . . . . . . . . . . . .
 5 . . . . . . . . . . . . . . . . . . .
 4 . . . O . . . . . . . . . . . . . . .
 3 . . . . . . . . . . . . . . . . . . .
 2 . . . . . . . . . . . . . . . . . . .
 1 . . . . . . . . . . . . . . . . . . .

koPOSITIONALscoreAREAtaxNONEsui1komi7.5
Time taken: 1.23937
Root visits: 206
New playouts: 206
NN rows: 200
NN batches: 68
NN avg batch size: 2.94118
PV: B10 F4 R17 D3 C3 E3
Tree:
: T 117.65c W 100.00c S  17.60c (+169.4 L +167.9) N     206  --  B10 F4 R17 D3 C3 E3
---White(^)---
B10 : T 118.09c W 100.00c S  18.02c (+170.2 L +168.7) LCB  117.46c P 94.80% WF 985.9 PSV     983 N     176  --  B10 F4 R17 D3 C3 E3
B9  : T 113.82c W 100.00c S  14.01c (+163.0 L +161.5) LCB  105.07c P  0.62% WF  34.9 PSV       1 N       9  --  B9 R17 R16 P18
B11 : T 113.58c W 100.00c S  13.54c (+162.0 L +160.4) LCB   93.92c P  0.50% WF  24.2 PSV       1 N       6  --  B11 R17 R16
E11 : T 114.61c W 100.00c S  14.60c (+164.0 L +162.8) LCB  107.06c P  0.27% WF  38.6 PSV       0 N      10  --  E11 B10 D8
D12 : T 112.34c W 100.00c S  12.37c (+160.4 L +158.9) LCB   37.80c P  0.27% WF   9.7 PSV       0 N       3  --  D12 R17
A10 : T 111.19c W 100.00c S  11.19c (+158.2 L +156.1) LCB -238.81c P  0.10% WF   3.6 PSV       0 N       1  --  A10

2026-07-16 00:38:52+0100: = B10
2026-07-16 01:05:29+0100: Controller: play B Q13
2026-07-16 01:05:29+0100: = 
2026-07-16 01:05:29+0100: Controller: genmove W
2026-07-16 01:05:30+0100: MoveNum: 107 HASH: 71ABA0C810A6AE3B0CB08B3B3549DFD5
   A B C D E F G H J K L M N O P Q R S T
19 . . X . . X . . . . . . . . . . . . .
18 . X O X X O X O O . . . . . . X . . .
17 X O O X O O O X . . . . . . O O . . .
16 . X O O X . O . X X . . . . . . . . .
15 X O O O . O X . . . . . . . . . . . .
14 . X X O O O X . . . . O X O . . . . .
13 . X O X X O O X . . O . O O O X3. . .
12 . X O . . X O O X O . O X O X @ . . .
11 . . O X1. . X O O . O X . X . . . . .
10 . O2. O . . . X O O X . X . . . . . .
 9 . . O . . . . . X O O X . . . . . . .
 8 . . . . . . . . . X O O X . . . . . .
 7 . . . . . . . . . . X . . . . . . . .
 6 . . . . . . . . . . . . . . . . . . .
 5 . . . . . . . . . . . . . . . . . . .
 4 . . . O . . . . . . . . . . . . . . .
 3 . . . . . . . . . . . . . . . . . . .
 2 . . . . . . . . . . . . . . . . . . .
 1 . . . . . . . . . . . . . . . . . . .

koPOSITIONALscoreAREAtaxNONEsui1komi7.5
Time taken: 0.726245
Root visits: 206
New playouts: 206
NN rows: 205
NN batches: 69
NN avg batch size: 2.97101
PV: Q12 R17 P18 P11 R13 Q14 R14
Tree:
: T 118.38c W 100.00c S  18.24c (+174.2 L +172.7) N     206  --  Q12 R17 P18 P11 R13 Q14 R14
---White(^)---
Q12 : T 119.07c W 100.00c S  18.81c (+175.4 L +173.9) LCB  117.95c P 31.20% WF 367.2 PSV     365 N      66  --  Q12 R17 P18 P11 R13 Q14 R14
R16 : T 118.80c W 100.00c S  18.65c (+174.4 L +172.9) LCB  117.48c P 10.59% WF 227.4 PSV      99 N      38  --  R16 F4 Q12 S17 S16
R17 : T 118.99c W 100.00c S  18.92c (+175.0 L +173.8) LCB  117.65c P  4.23% WF 207.8 PSV      46 N      34  --  R17 Q11 N7 G4
Q4  : T 117.77c W 100.00c S  17.57c (+173.1 L +171.8) LCB  114.95c P  4.45% WF  89.9 PSV      23 N      16  --  Q4 R17 R16 P18 R18
N7  : T 117.10c W 100.00c S  17.11c (+172.5 L +171.0) LCB  109.77c P  5.17% WF  52.3 PSV      21 N      10  --  N7 R17 R16 P18 S17
G4  : T 117.56c W 100.00c S  17.53c (+173.2 L +171.8) LCB  112.49c P  4.14% WF  66.6 PSV      20 N      12  --  G4 R17 R16 P18 R18
H4  : T 116.66c W 100.00c S  17.06c (+172.5 L +171.0) LCB  101.83c P  5.30% WF  36.3 PSV      19 N       7  --  H4 F4 D3
R4  : T 116.19c W 100.00c S  16.10c (+170.5 L +169.1) LCB   72.72c P  3.16% WF  20.6 PSV      10 N       4  --  R4 R17 R16
M7  : T 116.58c W 100.00c S  16.45c (+171.2 L +169.8) LCB   73.22c P  2.74% WF  20.7 PSV       9 N       4  --  M7 R17 R16
J4  : T 117.03c W 100.00c S  16.90c (+172.3 L +170.8) LCB   88.55c P  2.09% WF  26.3 PSV       8 N       5  --  J4 R17 R16

2026-07-16 01:05:30+0100: = Q12
2026-07-16 01:32:09+0100: Controller: play B B9
2026-07-16 01:32:09+0100: = 
2026-07-16 01:32:09+0100: Controller: genmove W
2026-07-16 01:32:10+0100: MoveNum: 109 HASH: 9B9F8AB753BB6FADA4207A553ECFE84C
   A B C D E F G H J K L M N O P Q R S T
19 . . X . . X . . . . . . . . . . . . .
18 . X O X X O X O O . . . . . . X . . .
17 X O O X O O O X . . . . . . O O . . .
16 . X O O X . O . X X . . . . . . . . .
15 X O O O . O X . . . . . . . . . . . .
14 . X X O O O X . . . . O X O . . . . .
13 . X O X X O O X . . O . O O O X1. . .
12 . X O . . X O O X O . O X O X O2. . .
11 . . O X . . X O O . O X . X @ . . . .
10 . O . O . . . X O O X . X . . . . . .
 9 . X3O . . . . . X O O X . . . . . . .
 8 . . . . . . . . . X O O X . . . . . .
 7 . . . . . . . . . . X . . . . . . . .
 6 . . . . . . . . . . . . . . . . . . .
 5 . . . . . . . . . . . . . . . . . . .
 4 . . . O . . . . . . . . . . . . . . .
 3 . . . . . . . . . . . . . . . . . . .
 2 . . . . . . . . . . . . . . . . . . .
 1 . . . . . . . . . . . . . . . . . . .

koPOSITIONALscoreAREAtaxNONEsui1komi7.5
Time taken: 0.661471
Root visits: 206
New playouts: 206
NN rows: 201
NN batches: 69
NN avg batch size: 2.91304
PV: P11 R17 R16 P18 R18 S17 S18
Tree:
: T 116.53c W 100.00c S  16.38c (+184.5 L +182.8) N     206  --  P11 R17 R16 P18 R18 S17 S18
---White(^)---
P11 : T 117.16c W 100.00c S  17.01c (+185.6 L +183.8) LCB  115.80c P 18.92% WF 227.2 PSV     226 N      43  --  P11 R17 R16 P18 R18 S17 S18
R12 : T 117.08c W 100.00c S  16.93c (+185.7 L +183.9) LCB  115.57c P 13.32% WF 177.7 PSV     147 N      34  --  R12 R17 P18 S16 Q4
R17 : T 116.68c W 100.00c S  16.50c (+184.3 L +183.0) LCB  115.29c P 12.08% WF 200.0 PSV      97 N      36  --  R17 R12 P11 Q10 R4
Q4  : T 115.82c W 100.00c S  15.77c (+183.7 L +182.0) LCB  113.66c P  8.56% WF 103.2 PSV      43 N      21  --  Q4 R17 R16 P18 R18
G4  : T 116.35c W 100.00c S  16.15c (+184.5 L +182.7) LCB  113.95c P  5.61% WF 102.7 PSV      36 N      21  --  G4 R17 R16 P18 S17
R16 : T 116.68c W 100.00c S  16.32c (+184.0 L +182.4) LCB  113.81c P  2.32% WF  92.6 PSV      18 N      17  --  R16 S17 S16 R17
N7  : T 116.02c W 100.00c S  16.05c (+183.9 L +182.0) LCB  110.36c P  3.02% WF  61.1 PSV      16 N      12  --  N7 R17 R16 P18
M7  : T 115.44c W 100.00c S  15.45c (+183.0 L +181.2) LCB  103.95c P  3.60% WF  38.2 PSV      15 N       8  --  M7 R17 P18 F4
R4  : T 115.57c W 100.00c S  15.50c (+183.2 L +181.2) LCB   95.67c P  3.23% WF  29.2 PSV      14 N       6  --  R4 R17 R16 P18
Q3  : T 114.58c W 100.00c S  14.11c (+180.5 L +178.5) LCB  -38.69c P  1.92% WF   9.3 PSV       6 N       2  --  Q3 R17

2026-07-16 01:32:10+0100: = P11
2026-07-16 01:58:34+0100: Controller: play B Q11
2026-07-16 01:58:34+0100: = 
2026-07-16 01:58:34+0100: Controller: genmove W
2026-07-16 01:58:35+0100: MoveNum: 111 HASH: F279DE5B15B9D9BBA6DF991C9B6319B4
   A B C D E F G H J K L M N O P Q R S T
19 . . X . . X . . . . . . . . . . . . .
18 . X O X X O X O O . . . . . . X . . .
17 X O O X O O O X . . . . . . O O . . .
16 . X O O X . O . X X . . . . . . . . .
15 X O O O . O X . . . . . . . . . . . .
14 . X X O O O X . . . . O X O . . . . .
13 . X O X X O O X . . O . O O O X . . .
12 . X O . . X O O X O . O X O . O . . .
11 . . O X . . X O O . O X . X O2X3@ . .
10 . O . O . . . X O O X . X . . . . . .
 9 . X1O . . . . . X O O X . . . . . . .
 8 . . . . . . . . . X O O X . . . . . .
 7 . . . . . . . . . . X . . . . . . . .
 6 . . . . . . . . . . . . . . . . . . .
 5 . . . . . . . . . . . . . . . . . . .
 4 . . . O . . . . . . . . . . . . . . .
 3 . . . . . . . . . . . . . . . . . . .
 2 . . . . . . . . . . . . . . . . . . .
 1 . . . . . . . . . . . . . . . . . . .

koPOSITIONALscoreAREAtaxNONEsui1komi7.5
Time taken: 0.67068
Root visits: 205
New playouts: 205
NN rows: 200
NN batches: 68
NN avg batch size: 2.94118
PV: R11 R17 P18 Q10 R12
Tree:
: T 116.56c W 100.00c S  16.40c (+188.6 L +186.9) N     205  --  R11 R17 P18 Q10 R12
---White(^)---
R11 : T 117.05c W 100.00c S  16.65c (+189.0 L +187.2) LCB  115.88c P 20.29% WF 239.5 PSV     494 N      48  --  R11 R17 P18 Q10 R12
Q10 : T 116.55c W 100.00c S  16.43c (+188.8 L +186.8) LCB  115.44c P 46.20% WF 294.7 PSV     295 N      62  --  Q10 R17 R16 P18 R18 S17 S18 S16
R12 : T 117.08c W 100.00c S  16.90c (+189.5 L +187.6) LCB  115.68c P  8.31% WF 172.1 PSV      75 N      33  --  R12 R17 P18 S16 Q4 F4
R17 : T 116.47c W 100.00c S  16.38c (+188.5 L +187.2) LCB  115.22c P  3.04% WF 174.9 PSV      18 N      35  --  R17 R12 Q10 R11 P10 R10 Q8
P10 : T 115.62c W 100.00c S  15.69c (+187.4 L +185.6) LCB  112.56c P  2.48% WF  81.5 PSV      10 N      18  --  P10 R17 R16 P18 R18
Q4  : T 113.86c W 100.00c S  14.22c (+184.8 L +183.1) LCB   93.53c P  1.46% WF  26.0 PSV       3 N       6  --  Q4 R17 P18
M7  : T 110.91c W 100.00c S  10.91c (+179.0 L +177.7) LCB -239.09c P  1.08% WF   3.2 PSV       1 N       1  --  M7
G4  : T 111.18c W 100.00c S  11.18c (+179.3 L +177.4) LCB -238.82c P  0.87% WF   3.7 PSV       1 N       1  --  G4

2026-07-16 01:58:35+0100: = R11
2026-07-16 02:29:03+0100: Controller: play B R12
2026-07-16 02:29:03+0100: = 
2026-07-16 02:29:03+0100: Controller: genmove W
2026-07-16 02:29:04+0100: MoveNum: 113 HASH: 4B6F0921DE3E290B3DB21930BCEE03E8
   A B C D E F G H J K L M N O P Q R S T
19 . . X . . X . . . . . . . . . . . . .
18 . X O X X O X O O . . . . . . X . . .
17 X O O X O O O X . . . . . . O O . . .
16 . X O O X . O . X X . . . . . . . . .
15 X O O O . O X . . . . . . . . . . . .
14 . X X O O O X . . . . O X O . . . . .
13 . X O X X O O X . . O . O O O X . . .
12 . X O . . X O O X O . O X O . O X3. .
11 . . O X . . X O O . O X . X O X1O2. .
10 . O . O . . . X O O X . X . . @ . . .
 9 . X O . . . . . X O O X . . . . . . .
 8 . . . . . . . . . X O O X . . . . . .
 7 . . . . . . . . . . X . . . . . . . .
 6 . . . . . . . . . . . . . . . . . . .
 5 . . . . . . . . . . . . . . . . . . .
 4 . . . O . . . . . . . . . . . . . . .
 3 . . . . . . . . . . . . . . . . . . .
 2 . . . . . . . . . . . . . . . . . . .
 1 . . . . . . . . . . . . . . . . . . .

koPOSITIONALscoreAREAtaxNONEsui1komi7.5
Time taken: 0.642555
Root visits: 206
New playouts: 206
NN rows: 202
NN batches: 69
NN avg batch size: 2.92754
PV: Q10 R17 P18 S16 Q4 M7 K7 K6
Tree:
: T 115.35c W 100.00c S  15.11c (+195.7 L +193.9) N     206  --  Q10 R17 P18 S16 Q4 M7 K7
---White(^)---
Q10 : T 115.77c W 100.00c S  15.52c (+196.5 L +194.7) LCB  114.82c P 96.05% WF 824.5 PSV     823 N     183  --  Q10 R17 P18 S16 Q4 M7 K7 K6
P12 : T 108.78c W 100.00c S   8.82c (+184.2 L +182.3) LCB   96.95c P  0.09% WF  18.2 PSV       0 N       8  --  P12 R17 R16 P18 R18
P10 : T 106.56c W 100.00c S   6.69c (+180.4 L +179.0) LCB   86.60c P  0.08% WF  11.5 PSV       0 N       6  --  P10 Q10 P12
H4  : T 105.23c W 100.00c S   6.44c (+179.7 L +177.9) LCB   27.79c P  0.07% WF   5.8 PSV       0 N       3  --  H4 P12 P10
M7  : T 105.51c W 100.00c S   6.41c (+179.7 L +178.2) LCB   30.02c P  0.07% WF   5.6 PSV       0 N       3  --  M7 P12 P10
G4  : T 102.38c W 100.00c S   2.38c (+171.2 L +170.3) LCB -247.62c P  0.08% WF   2.0 PSV       0 N       1  --  G4

2026-07-16 02:29:04+0100: = Q10
2026-07-16 02:56:58+0100: Controller: play B H19
2026-07-16 02:56:58+0100: = 
2026-07-16 02:56:58+0100: Controller: genmove W
2026-07-16 02:56:59+0100: MoveNum: 115 HASH: 41E31188E519E00AA890B6B3661F30F3
   A B C D E F G H J K L M N O P Q R S T
19 . . X . . X . X3. . . . . . . . . . .
18 . X O X X O X O O . . . . . . X . . .
17 X O O X O O O X . . . . . . O O @ . .
16 . X O O X . O . X X . . . . . . . . .
15 X O O O . O X . . . . . . . . . . . .
14 . X X O O O X . . . . O X O . . . . .
13 . X O X X O O X . . O . O O O X . . .
12 . X O . . X O O X O . O X O . O X1. .
11 . . O X . . X O O . O X . X O . O . .
10 . O . O . . . X O O X . X . . O2. . .
 9 . X O . . . . . X O O X . . . . . . .
 8 . . . . . . . . . X O O X . . . . . .
 7 . . . . . . . . . . X . . . . . . . .
 6 . . . . . . . . . . . . . . . . . . .
 5 . . . . . . . . . . . . . . . . . . .
 4 . . . O . . . . . . . . . . . . . . .
 3 . . . . . . . . . . . . . . . . . . .
 2 . . . . . . . . . . . . . . . . . . .
 1 . . . . . . . . . . . . . . . . . . .

koPOSITIONALscoreAREAtaxNONEsui1komi7.5
Time taken: 0.656662
Root visits: 206
New playouts: 206
NN rows: 205
NN batches: 69
NN avg batch size: 2.97101
PV: R17 H16 F16 K18 J19 N18 L17
Tree:
: T 115.25c W 100.00c S  14.94c (+205.2 L +203.0) N     206  --  R17 H16 F16 K18 J19 N18 L17
---White(^)---
R17 : T 115.99c W 100.00c S  15.71c (+206.6 L +204.4) LCB  114.91c P 40.58% WF 383.3 PSV     381 N      83  --  R17 H16 F16 K18 J19 N18 L17
P18 : T 115.90c W 100.00c S  15.63c (+206.2 L +204.0) LCB  114.22c P 19.97% WF 271.8 PSV     174 N      57  --  P18 K18 J19 M18 G19
Q4  : T 111.35c W 100.00c S  11.33c (+199.0 L +196.3) LCB  105.89c P 13.12% WF  41.1 PSV      25 N      15  --  Q4 K18 J19 P18 O18
R18 : T 114.71c W 100.00c S  14.34c (+203.9 L +201.8) LCB  112.42c P  3.57% WF 126.6 PSV      16 N      31  --  R18 H16 F16 K18 J19 N18
M7  : T 111.58c W 100.00c S  11.78c (+199.7 L +196.8) LCB   96.91c P  2.21% WF  23.3 PSV       4 N       8  --  M7 K18 J19
R4  : T 112.37c W 100.00c S  11.67c (+199.6 L +196.5) LCB   95.47c P  1.98% WF  20.2 PSV       4 N       7  --  R4 K18 J19 P18
J19 : T 106.41c W 100.00c S   6.41c (+189.5 L +188.2) LCB -243.59c P  2.05% WF   3.3 PSV       2 N       1  --  J19
Q3  : T 106.57c W 100.00c S   6.57c (+189.1 L +188.6) LCB -243.43c P  1.15% WF   2.2 PSV       1 N       1  --  Q3
K18 : T 107.50c W 100.00c S   7.50c (+191.5 L +190.6) LCB -242.50c P  0.88% WF   3.3 PSV       1 N       1  --  K18
S17 : T 111.18c W 100.00c S  11.18c (+198.1 L +197.1) LCB -238.82c P  0.83% WF   4.1 PSV       1 N       1  --  S17

2026-07-16 02:56:59+0100: = R17
2026-07-16 03:24:02+0100: Controller: play B D5
2026-07-16 03:24:02+0100: = 
2026-07-16 03:24:02+0100: Controller: genmove W
2026-07-16 03:24:03+0100: MoveNum: 117 HASH: 7A8D95F88E2E02D56B9D4A19ACC2B14C
   A B C D E F G H J K L M N O P Q R S T
19 . . X . . X . X1. . . . . . . . . . .
18 . X O X X O X O O . . . . . . X . . .
17 X O O X O O O X . . . . . . O O O2. .
16 . X O O X . O . X X . . . . . . . . .
15 X O O O . O X . . . . . . . . . . . .
14 . X X O O O X . . . . O X O . . . . .
13 . X O X X O O X . . O . O O O X . . .
12 . X O . . X O O X O . O X O . O X . .
11 . . O X . . X O O . O X . X O . O . .
10 . O . O . . . X O O X . X . . O . . .
 9 . X O . . . . . X O O X . . . . . . .
 8 . . . . . . . . . X O O X . . . . . .
 7 . . . . . . . . . . X . . . . . . . .
 6 . . . . . . . . . . . . . . . . . . .
 5 . . . X3. . . . . . . . . . . . . . .
 4 . . . O @ . . . . . . . . . . . . . .
 3 . . . . . . . . . . . . . . . . . . .
 2 . . . . . . . . . . . . . . . . . . .
 1 . . . . . . . . . . . . . . . . . . .

koPOSITIONALscoreAREAtaxNONEsui1komi7.5
Time taken: 0.682944
Root visits: 204
New playouts: 204
NN rows: 202
NN batches: 69
NN avg batch size: 2.92754
PV: E4 H16 F16 K18 J19 N18 L18
Tree:
: T 117.28c W 100.00c S  16.94c (+207.0 L +204.8) N     204  --  E4 H16 F16 K18 J19 N18 L18
---White(^)---
E4  : T 117.99c W 100.00c S  17.63c (+208.3 L +206.0) LCB  116.49c P 23.86% WF 288.2 PSV     467 N      57  --  E4 H16 F16 K18 J19 N18 L18
E5  : T 117.39c W 100.00c S  17.06c (+207.2 L +205.1) LCB  116.00c P 32.73% WF 292.0 PSV     292 N      60  --  E5 K18 J19 N18 O18
C4  : T 117.54c W 100.00c S  17.15c (+207.4 L +205.2) LCB  115.64c P 11.28% WF 174.2 PSV     114 N      36  --  C4 K18 J19 N18 L18
Q4  : T 116.31c W 100.00c S  16.04c (+205.2 L +203.2) LCB  114.22c P 10.12% WF 138.6 PSV      49 N      30  --  Q4 H16 F16 K18 J19 N18
R4  : T 116.14c W 100.00c S  15.73c (+204.6 L +202.5) LCB  107.57c P  2.18% WF  44.4 PSV       9 N      10  --  R4 H16 G19
C5  : T 116.06c W 100.00c S  15.62c (+204.1 L +201.9) LCB  101.31c P  1.59% WF  32.8 PSV       7 N       7  --  C5 H16 F16
Q5  : T 113.58c W 100.00c S  13.58c (+200.6 L +199.1) LCB -236.42c P  1.12% WF   4.3 PSV       2 N       1  --  Q5
M7  : T 113.32c W 100.00c S  13.32c (+200.5 L +199.3) LCB -236.68c P  0.97% WF   4.0 PSV       2 N       1  --  M7
Q3  : T 112.22c W 100.00c S  12.22c (+198.2 L +196.7) LCB -237.78c P  1.00% WF   3.8 PSV       1 N       1  --  Q3

2026-07-16 03:24:03+0100: = E4
2026-07-16 03:51:39+0100: Controller: play B K18
2026-07-16 03:51:39+0100: = 
2026-07-16 03:51:39+0100: Controller: genmove W
2026-07-16 03:51:40+0100: MoveNum: 119 HASH: 2C2175D555D29BB0CB6BB41E371D188F
   A B C D E F G H J K L M N O P Q R S T
19 . . X . . X . X @ . . . . . . . . . .
18 . X O X X O X O O X3. . . . . X . . .
17 X O O X O O O X . . . . . . O O O . .
16 . X O O X . O . X X . . . . . . . . .
15 X O O O . O X . . . . . . . . . . . .
14 . X X O O O X . . . . O X O . . . . .
13 . X O X X O O X . . O . O O O X . . .
12 . X O . . X O O X O . O X O . O X . .
11 . . O X . . X O O . O X . X O . O . .
10 . O . O . . . X O O X . X . . O . . .
 9 . X O . . . . . X O O X . . . . . . .
 8 . . . . . . . . . X O O X . . . . . .
 7 . . . . . . . . . . X . . . . . . . .
 6 . . . . . . . . . . . . . . . . . . .
 5 . . . X1. . . . . . . . . . . . . . .
 4 . . . O O2. . . . . . . . . . . . . .
 3 . . . . . . . . . . . . . . . . . . .
 2 . . . . . . . . . . . . . . . . . . .
 1 . . . . . . . . . . . . . . . . . . .

koPOSITIONALscoreAREAtaxNONEsui1komi7.5
Time taken: 0.775339
Root visits: 206
New playouts: 196
NN rows: 188
NN batches: 64
NN avg batch size: 2.9375
PV: J19 M18 L17 P18 O18 O17
Tree:
: T 116.05c W 100.00c S  15.56c (+209.3 L +207.0) N     206  --  J19 M18 L17 P18 O18 O17
---White(^)---
J19 : T 116.63c W 100.00c S  16.25c (+210.5 L +208.2) LCB  115.64c P 63.71% WF 668.7 PSV     665 N     145  --  J19 M18 L17 P18 O18 O17
G19 : T 114.79c W 100.00c S  13.99c (+206.3 L +204.1) LCB  113.12c P 25.89% WF 196.2 PSV     100 N      50  --  G19 P18 N18 G18 J19 N17 M18
E19 : T 112.53c W 100.00c S  12.61c (+203.8 L +201.8) LCB  100.05c P  1.49% WF  27.9 PSV       3 N       8  --  E19 N18 L17
Q4  : T 104.65c W 100.00c S   4.65c (+187.2 L +186.9) LCB -245.35c P  1.30% WF   2.1 PSV       1 N       1  --  Q4
M7  : T 104.77c W 100.00c S   4.77c (+187.5 L +187.3) LCB -245.23c P  0.72% WF   2.1 PSV       0 N       1  --  M7

2026-07-16 03:51:40+0100: = J19
2026-07-16 04:20:03+0100: Controller: play B C4
2026-07-16 04:20:03+0100: = 
2026-07-16 04:20:03+0100: Controller: genmove W
2026-07-16 04:20:04+0100: MoveNum: 121 HASH: 5BE78BDF4398E17938DD09DCD1B18EDE
   A B C D E F G H J K L M N O P Q R S T
19 . . X . . X . X O2. . . . . . . . . .
18 . X O X X O X O O X1. . . . . X . . .
17 X O O X O O O X . . . . . . O O O . .
16 . X O O X . O . X X . . . . . . . . .
15 X O O O . O X . . . . . . . . . . . .
14 . X X O O O X . . . . O X O . . . . .
13 . X O X X O O X . . O . O O O X . . .
12 . X O . . X O O X O . O X O . O X . .
11 . . O X . . X O O . O X . X O . O . .
10 . O . O . . . X O O X . X . . O . . .
 9 . X O . . . . . X O O X . . . . . . .
 8 . . . . . . . . . X O O X . . . . . .
 7 . . . . . . . . . . X . . . . . . . .
 6 . . . . . . . . . . . . . . . . . . .
 5 . . . X . . . . . . . . . . . . . . .
 4 . . X3O O . . . . . . . . . . . . . .
 3 . . @ . . . . . . . . . . . . . . . .
 2 . . . . . . . . . . . . . . . . . . .
 1 . . . . . . . . . . . . . . . . . . .

koPOSITIONALscoreAREAtaxNONEsui1komi7.5
Time taken: 0.661495
Root visits: 206
New playouts: 199
NN rows: 198
NN batches: 66
NN avg batch size: 3
PV: C3 M18 L17 P18 O18 O17
Tree:
: T 115.88c W 100.00c S  15.61c (+209.6 L +207.5) N     206  --  C3 M18 L17 P18 O18 O17
---White(^)---
C3  : T 116.51c W 100.00c S  16.17c (+210.6 L +208.5) LCB  115.59c P 70.17% WF 663.4 PSV     660 N     143  --  C3 M18 L17 P18 O18 O17
C5  : T 115.03c W 100.00c S  14.76c (+207.8 L +205.9) LCB  113.00c P  4.17% WF 122.8 PSV      17 N      30  --  C5 N18 L18 L17
Q4  : T 113.93c W 100.00c S  13.90c (+206.5 L +204.6) LCB  110.57c P  4.72% WF  75.2 PSV      14 N      19  --  Q4 N18 L18 K19
E5  : T 112.86c W 100.00c S  13.30c (+205.5 L +204.1) LCB  105.71c P  4.82% WF  40.8 PSV      11 N      11  --  E5 N18 O18
R4  : T 109.41c W 100.00c S   9.41c (+197.9 L +196.3) LCB -240.59c P  1.52% WF   3.2 PSV       2 N       1  --  R4
Q5  : T 109.66c W 100.00c S   9.66c (+198.3 L +196.9) LCB -240.34c P  0.90% WF   3.3 PSV       1 N       1  --  Q5

2026-07-16 04:20:04+0100: = C3
2026-07-16 04:47:29+0100: Controller: play B F4
2026-07-16 04:47:29+0100: = 
2026-07-16 04:47:29+0100: Controller: genmove W
2026-07-16 04:47:29+0100: MoveNum: 123 HASH: 8C1648FACFA9DF0772920C67D604B280
   A B C D E F G H J K L M N O P Q R S T
19 . . X . . X . X O . . . . . . . . . .
18 . X O X X O X O O X . . . . . X . . .
17 X O O X O O O X . . . . . . O O O . .
16 . X O O X . O . X X . . . . . . . . .
15 X O O O . O X . . . . . . . . . . . .
14 . X X O O O X . . . . O X O . . . . .
13 . X O X X O O X . . O . O O O X . . .
12 . X O . . X O O X O . O X O . O X . .
11 . . O X . . X O O . O X . X O . O . .
10 . O . O . . . X O O X . X . . O . . .
 9 . X O . . . . . X O O X . . . . . . .
 8 . . . . . . . . . X O O X . . . . . .
 7 . . . . . . . . . . X . . . . . . . .
 6 . . . . . . . . . . . . . . . . . . .
 5 . . . X @ . . . . . . . . . . . . . .
 4 . . X1O O X3. . . . . . . . . . . . .
 3 . . O2. . . . . . . . . . . . . . . .
 2 . . . . . . . . . . . . . . . . . . .
 1 . . . . . . . . . . . . . . . . . . .

koPOSITIONALscoreAREAtaxNONEsui1komi7.5
Time taken: 0.656245
Root visits: 205
New playouts: 205
NN rows: 203
NN batches: 69
NN avg batch size: 2.94203
PV: E5 M18 L17 P18 O18 O17
Tree:
: T 117.63c W 100.00c S  17.21c (+214.3 L +212.2) N     205  --  E5 M18 L17 P18 O18 O17
---White(^)---
E5  : T 118.30c W 100.00c S  17.90c (+215.7 L +213.4) LCB  117.18c P 78.18% WF 728.8 PSV     725 N     143  --  E5 M18 L17 P18 O18 O17
F5  : T 115.92c W 100.00c S  15.46c (+211.1 L +209.1) LCB  112.65c P  3.31% WF  80.6 PSV      10 N      21  --  F5 C5 B3 E5
C5  : T 116.06c W 100.00c S  15.52c (+210.8 L +209.1) LCB  113.91c P  2.34% WF 100.8 PSV       7 N      24  --  C5 P18 N18 N17
Q4  : T 114.32c W 100.00c S  14.29c (+208.7 L +206.6) LCB   98.15c P  2.41% WF  26.9 PSV       5 N       7  --  Q4 E5 C5
F3  : T 114.97c W 100.00c S  14.88c (+209.8 L +207.5) LCB   98.16c P  1.06% WF  26.6 PSV       2 N       7  --  F3 E5 C5
R4  : T 113.71c W 100.00c S  12.46c (+205.1 L +203.3) LCB  -51.65c P  1.06% WF   7.2 PSV       2 N       2  --  R4 E5

2026-07-16 04:47:29+0100: = E5
2026-07-16 05:13:05+0100: Controller: play B L14
2026-07-16 05:13:05+0100: = 
2026-07-16 05:13:05+0100: Controller: genmove W
2026-07-16 05:13:05+0100: MoveNum: 125 HASH: 7A1D559CA0FF1FB7055FAC175E613E7F
   A B C D E F G H J K L M N O P Q R S T
19 . . X . . X . X O . . . . . . . . . .
18 . X O X X O X O O X . . . . . X . . .
17 X O O X O O O X . . . . . . O O O . .
16 . X O O X . O . X X . . . . . . . . .
15 X O O O . O X . . . . . . . . . . . .
14 . X X O O O X . . . X3O X O . . . . .
13 . X O X X O O X . . O . O O O X . . .
12 . X O . . X O O X O . O X O . O X . .
11 . . O X . . X O O . O X . X O . O . .
10 . O . O . . . X O O X . X . . O . . .
 9 . X O . . . . . X O O X . . . . . . .
 8 . . . . . . . . . X O O X . . . . . .
 7 . . . . . . . . . . X . . . . . . . .
 6 . . . . . . . . . . . . . . . . . . .
 5 . . . X O2. . . . . . . . . . . . . .
 4 . . X O O X1. . . . . . . . . @ . . .
 3 . . O . . . . . . . . . . . . . . . .
 2 . . . . . . . . . . . . . . . . . . .
 1 . . . . . . . . . . . . . . . . . . .

koPOSITIONALscoreAREAtaxNONEsui1komi7.5
Time taken: 0.687986
Root visits: 206
New playouts: 206
NN rows: 205
NN batches: 69
NN avg batch size: 2.97101
PV: M7 M18 L17 M17 L16 M15
Tree:
: T 112.67c W 100.00c S  12.14c (+220.0 L +217.5) N     206  --  M7 M18 L17 M17 L16 M15
---White(^)---
M7  : T 113.86c W 100.00c S  13.38c (+222.8 L +219.9) LCB  111.43c P 10.37% WF 142.2 PSV     213 N      45  --  M7 M18 L17 M17 L16 M15
Q4  : T 113.66c W 100.00c S  12.94c (+221.9 L +219.3) LCB  111.13c P 28.24% WF 179.4 PSV     178 N      54  --  Q4 M18 L17 M15 N15 M17
R4  : T 113.26c W 100.00c S  12.42c (+220.7 L +218.1) LCB  110.11c P  7.09% WF 116.0 PSV      36 N      34  --  R4 N17 O18 M15
F5  : T 113.78c W 100.00c S  13.00c (+221.9 L +219.2) LCB  111.05c P  3.50% WF 112.5 PSV      24 N      34  --  F5 B3 C5 N18
G19 : T 111.04c W 100.00c S  10.71c (+216.5 L +214.5) LCB  105.05c P  5.29% WF  54.9 PSV      12 N      13  --  G19 C8 C5
M18 : T 110.24c W 100.00c S  10.21c (+215.6 L +213.6) LCB   94.90c P  5.39% WF  27.9 PSV      11 N       7  --  M18 M17 L18
L17 : T 109.70c W 100.00c S   9.62c (+214.5 L +212.5) LCB   80.55c P  6.12% WF  19.5 PSV      11 N       5  --  L17 M17 L18
L18 : T 105.46c W 100.00c S   5.46c (+206.8 L +205.4) LCB -244.54c P  2.97% WF   4.5 PSV       3 N       1  --  L18
Q3  : T 105.84c W 100.00c S   5.84c (+206.8 L +206.0) LCB -244.16c P  2.74% WF   3.3 PSV       2 N       1  --  Q3
Q5  : T 105.92c W 100.00c S   5.92c (+206.9 L +206.2) LCB -244.08c P  1.67% WF   3.2 PSV       1 N       1  --  Q5

2026-07-16 05:13:05+0100: = Q4
2026-07-16 05:45:05+0100: Controller: play B M15
2026-07-16 05:45:05+0100: = 
2026-07-16 05:45:05+0100: Controller: genmove W
2026-07-16 05:45:06+0100: MoveNum: 127 HASH: 3DBEEDFFD9FE06E8B132496BCD0DE0A6
   A B C D E F G H J K L M N O P Q R S T
19 . . X . . X . X O . . . . . . . . . .
18 . X O X X O X O O X . . . . . X . . .
17 X O O X O O O X . . . . . . O O O . .
16 . X O O X . O . X X . . . . . . . . .
15 X O O O . O X . . . . X3@ . . . . . .
14 . X X O O O X . . . X1O X O . . . . .
13 . X O X X O O X . . O . O O O X . . .
12 . X O . . X O O X O . O X O . O X . .
11 . . O X . . X O O . O X . X O . O . .
10 . O . O . . . X O O X . X . . O . . .
 9 . X O . . . . . X O O X . . . . . . .
 8 . . . . . . . . . X O O X . . . . . .
 7 . . . . . . . . . . X . . . . . . . .
 6 . . . . . . . . . . . . . . . . . . .
 5 . . . X O . . . . . . . . . . . . . .
 4 . . X O O X . . . . . . . . . O2. . .
 3 . . O . . . . . . . . . . . . . . . .
 2 . . . . . . . . . . . . . . . . . . .
 1 . . . . . . . . . . . . . . . . . . .

koPOSITIONALscoreAREAtaxNONEsui1komi7.5
Time taken: 0.664126
Root visits: 206
New playouts: 201
NN rows: 198
NN batches: 66
NN avg batch size: 3
PV: N15 M18 M7 K3 L17 M17 L16
Tree:
: T 113.92c W 100.00c S  13.54c (+220.2 L +217.5) N     206  --  N15 M18 M7 K3 L17 M17 L16
---White(^)---
N15 : T 114.75c W 100.00c S  14.36c (+221.8 L +219.1) LCB  113.21c P 73.68% WF 482.7 PSV     480 N     141  --  N15 M18 M7 K3 L17 M17 L16
L17 : T 110.51c W 100.00c S   9.89c (+212.4 L +210.0) LCB  104.97c P  7.21% WF  38.0 PSV      12 N      15  --  L17 M17 L18 M13 L12
M7  : T 113.18c W 100.00c S  12.95c (+219.1 L +215.8) LCB  110.62c P  3.27% WF 100.7 PSV      10 N      35  --  M7 M13 N11 K3 L17 M17 L18 L16
K14 : T 109.54c W 100.00c S   9.65c (+211.8 L +209.0) LCB   94.85c P  3.07% WF  19.8 PSV       4 N       8  --  K14 M13 L15 M14 L12
L18 : T 106.37c W 100.00c S   8.01c (+208.0 L +206.2) LCB   57.31c P  2.16% WF  10.2 PSV       2 N       4  --  L18 M13 L12
M17 : T 104.48c W 100.00c S   4.48c (+198.8 L +199.1) LCB -245.52c P  1.32% WF   1.7 PSV       1 N       1  --  M17
M18 : T 103.44c W 100.00c S   3.44c (+196.2 L +196.4) LCB -246.56c P  1.06% WF   2.0 PSV       0 N       1  --  M18

2026-07-16 05:45:06+0100: = N15
2026-07-16 06:10:56+0100: Controller: play B O17
2026-07-16 06:10:56+0100: = 
2026-07-16 06:10:56+0100: Controller: genmove W
2026-07-16 06:10:57+0100: MoveNum: 129 HASH: 528E42B2BFF9707503D2B1FFDCA991E8
   A B C D E F G H J K L M N O P Q R S T
19 . . X . . X . X O . . . . . . . . . .
18 . X O X X O X O O X . . . . . X . . .
17 X O O X O O O X . . . . @ X3O O O . .
16 . X O O X . O . X X . . . . . . . . .
15 X O O O . O X . . . . X1O2. . . . . .
14 . X X O O O X . . . X O . O . . . . .
13 . X O X X O O X . . O . O O O X . . .
12 . X O . . X O O X O . O X O . O X . .
11 . . O X . . X O O . O X . X O . O . .
10 . O . O . . . X O O X . X . . O . . .
 9 . X O . . . . . X O O X . . . . . . .
 8 . . . . . . . . . X O O X . . . . . .
 7 . . . . . . . . . . X . . . . . . . .
 6 . . . . . . . . . . . . . . . . . . .
 5 . . . X O . . . . . . . . . . . . . .
 4 . . X O O X . . . . . . . . . O . . .
 3 . . O . . . . . . . . . . . . . . . .
 2 . . . . . . . . . . . . . . . . . . .
 1 . . . . . . . . . . . . . . . . . . .

koPOSITIONALscoreAREAtaxNONEsui1komi7.5
Time taken: 0.685994
Root visits: 206
New playouts: 206
NN rows: 201
NN batches: 69
NN avg batch size: 2.91304
PV: N17 N18 M17 M18 L17 P18
Tree:
: T 111.44c W 100.00c S  10.98c (+222.6 L +220.5) N     206  --  N17 N18 M17 M18 L17 P18
---White(^)---
N17 : T 112.62c W 100.00c S  11.83c (+224.3 L +221.7) LCB  109.55c P  4.56% WF 112.9 PSV     173 N      34  --  N17 N18 M17 M18 L17 P18
M18 : T 112.16c W 100.00c S  11.44c (+223.6 L +221.3) LCB  109.52c P 37.80% WF 170.8 PSV     170 N      56  --  M18 M17 N18 L18 M16 N16
M17 : T 110.95c W 100.00c S  10.53c (+221.7 L +219.9) LCB  107.61c P 15.09% WF 111.7 PSV      43 N      38  --  M17 M16 L17 N17 P18 M18
N18 : T 111.54c W 100.00c S  11.35c (+223.5 L +221.3) LCB  108.09c P 10.12% WF 104.9 PSV      35 N      35  --  N18 N17 M18 O18 L18 K19
L18 : T 110.15c W 100.00c S  10.08c (+220.8 L +218.7) LCB  105.39c P 13.74% WF  73.2 PSV      32 N      25  --  L18 M18 L17 M17 N16 L19
L17 : T 109.04c W 100.00c S   9.06c (+218.5 L +216.7) LCB  102.40c P  9.96% WF  35.9 PSV      18 N      13  --  L17 M17 L18 P18 N18
M16 : T 107.23c W 100.00c S   7.79c (+215.8 L +214.5) LCB   30.42c P  2.75% WF   8.1 PSV       3 N       3  --  M16 M17 N18
G19 : T 106.12c W 100.00c S   6.12c (+212.1 L +212.3) LCB -243.88c P  1.28% WF   3.0 PSV       1 N       1  --  G19

2026-07-16 06:10:57+0100: = N17
2026-07-16 06:36:23+0100: Controller: play B N18
2026-07-16 06:36:23+0100: = 
2026-07-16 06:36:23+0100: Controller: genmove W
2026-07-16 06:36:24+0100: MoveNum: 131 HASH: 2D34A6A701C4AE4C8173AE3082AFBB7A
   A B C D E F G H J K L M N O P Q R S T
19 . . X . . X . X O . . . . . . . . . .
18 . X O X X O X O O X . . X3. . X . . .
17 X O O X O O O X . . . @ O2X1O O O . .
16 . X O O X . O . X X . . . . . . . . .
15 X O O O . O X . . . . X O . . . . . .
14 . X X O O O X . . . X O . O . . . . .
13 . X O X X O O X . . O . O O O X . . .
12 . X O . . X O O X O . O X O . O X . .
11 . . O X . . X O O . O X . X O . O . .
10 . O . O . . . X O O X . X . . O . . .
 9 . X O . . . . . X O O X . . . . . . .
 8 . . . . . . . . . X O O X . . . . . .
 7 . . . . . . . . . . X . . . . . . . .
 6 . . . . . . . . . . . . . . . . . . .
 5 . . . X O . . . . . . . . . . . . . .
 4 . . X O O X . . . . . . . . . O . . .
 3 . . O . . . . . . . . . . . . . . . .
 2 . . . . . . . . . . . . . . . . . . .
 1 . . . . . . . . . . . . . . . . . . .

koPOSITIONALscoreAREAtaxNONEsui1komi7.5
Time taken: 0.619977
Root visits: 206
New playouts: 198
NN rows: 183
NN batches: 62
NN avg batch size: 2.95161
PV: M17 P18 O16 M18 L17 R18 S18
Tree:
: T 115.59c W 100.00c S  14.74c (+226.5 L +223.9) N     206  --  M17 P18 O16 M18 L17 R18 S18
---White(^)---
M17 : T 116.18c W 100.00c S  15.34c (+227.7 L +225.0) LCB  114.72c P 84.22% WF 660.4 PSV     658 N     172  --  M17 P18 O16 M18 L17 R18 S18
O18 : T 111.68c W 100.00c S  11.16c (+219.1 L +216.7) LCB  105.20c P  6.36% WF  41.8 PSV      11 N      14  --  O18 M17 N16 L18
O16 : T 111.92c W 100.00c S  11.17c (+219.0 L +216.3) LCB   83.46c P  1.37% WF  15.5 PSV       2 N       5  --  O16 M7
N16 : T 111.72c W 100.00c S  11.15c (+219.3 L +216.9) LCB  101.19c P  0.95% WF  22.7 PSV       1 N      10  --  N16 M17 L18 K19
L18 : T 104.11c W 100.00c S   4.11c (+202.7 L +203.2) LCB -245.89c P  1.75% WF   2.3 PSV       1 N       1  --  L18
M18 : T 103.02c W 100.00c S   3.02c (+200.0 L +200.3) LCB -246.98c P  1.19% WF   2.4 PSV       0 N       1  --  M18
L17 : T 103.31c W 100.00c S   3.31c (+200.4 L +200.9) LCB -246.69c P  0.82% WF   2.3 PSV       0 N       1  --  L17

2026-07-16 06:36:24+0100: = M17
2026-07-16 07:02:01+0100: Controller: play B L17
2026-07-16 07:02:01+0100: = 
2026-07-16 07:02:01+0100: Controller: genmove W
2026-07-16 07:02:02+0100: MoveNum: 133 HASH: 657136DBD778730A31708BB6BEB86F5E
   A B C D E F G H J K L M N O P Q R S T
19 . . X . . X . X O . . . . . . . . . .
18 . X O X X O X O O X . @ X1. . X . . .
17 X O O X O O O X . . X3O2O X O O O . .
16 . X O O X . O . X X . . . . . . . . .
15 X O O O . O X . . . . X O . . . . . .
14 . X X O O O X . . . X O . O . . . . .
13 . X O X X O O X . . O . O O O X . . .
12 . X O . . X O O X O . O X O . O X . .
11 . . O X . . X O O . O X . X O . O . .
10 . O . O . . . X O O X . X . . O . . .
 9 . X O . . . . . X O O X . . . . . . .
 8 . . . . . . . . . X O O X . . . . . .
 7 . . . . . . . . . . X . . . . . . . .
 6 . . . . . . . . . . . . . . . . . . .
 5 . . . X O . . . . . . . . . . . . . .
 4 . . X O O X . . . . . . . . . O . . .
 3 . . O . . . . . . . . . . . . . . . .
 2 . . . . . . . . . . . . . . . . . . .
 1 . . . . . . . . . . . . . . . . . . .

koPOSITIONALscoreAREAtaxNONEsui1komi7.5
Time taken: 0.658887
Root visits: 204
New playouts: 204
NN rows: 194
NN batches: 66
NN avg batch size: 2.93939
PV: M18 M16 K14 N16 O18 O16 N19 L18
Tree:
: T 113.86c W 100.00c S  13.15c (+227.9 L +225.5) N     204  --  M18 M16 K14 N16 O18 O16 N19
---White(^)---
M18 : T 114.52c W 100.00c S  13.84c (+229.3 L +226.8) LCB  112.97c P 94.49% WF 621.6 PSV     620 N     178  --  M18 M16 K14 N16 O18 O16 N19 L18
M7  : T 109.65c W 100.00c S   8.68c (+218.4 L +215.8) LCB  101.11c P  0.51% WF  24.0 PSV       0 N      10  --  M7 M18 K4 K3
L15 : T 105.13c W 100.00c S   4.96c (+210.1 L +208.5) LCB   84.63c P  0.18% WF   9.2 PSV       0 N       6  --  L15 M18 P18 L16
M16 : T 103.65c W 100.00c S   3.93c (+207.8 L +206.7) LCB   72.37c P  0.66% WF  10.4 PSV       0 N       5  --  M16 M18 O18 L16
G19 : T 101.55c W 100.00c S   2.60c (+203.9 L +203.2) LCB   21.18c P  0.46% WF   6.7 PSV       0 N       3  --  G19 M18 O18
L18 : T  98.73c W 100.00c S  -1.27c (+193.7 L +193.9) LCB -251.27c P  0.18% WF   2.9 PSV       0 N       1  --  L18

2026-07-16 07:02:02+0100: = M18
2026-07-16 07:27:34+0100: Controller: play B N16
2026-07-16 07:27:34+0100: = 
2026-07-16 07:27:34+0100: Controller: genmove W
2026-07-16 07:27:34+0100: MoveNum: 135 HASH: 250E4EE76C9CAD171A5B33182CD19064
   A B C D E F G H J K L M N O P Q R S T
19 . . X . . X . X O . . . . . . . . . .
18 . X O X X O X O O X . O2X . . X . . .
17 X O O X O O O X . . X1O O X O O O . .
16 . X O O X . O . X X . @ X3. . . . . .
15 X O O O . O X . . . . X O . . . . . .
14 . X X O O O X . . . X O . O . . . . .
13 . X O X X O O X . . O . O O O X . . .
12 . X O . . X O O X O . O X O . O X . .
11 . . O X . . X O O . O X . X O . O . .
10 . O . O . . . X O O X . X . . O . . .
 9 . X O . . . . . X O O X . . . . . . .
 8 . . . . . . . . . X O O X . . . . . .
 7 . . . . . . . . . . X . . . . . . . .
 6 . . . . . . . . . . . . . . . . . . .
 5 . . . X O . . . . . . . . . . . . . .
 4 . . X O O X . . . . . . . . . O . . .
 3 . . O . . . . . . . . . . . . . . . .
 2 . . . . . . . . . . . . . . . . . . .
 1 . . . . . . . . . . . . . . . . . . .

koPOSITIONALscoreAREAtaxNONEsui1komi7.5
Time taken: 0.679358
Root visits: 204
New playouts: 204
NN rows: 184
NN batches: 63
NN avg batch size: 2.92063
PV: M16 M7 N7 N6 O7 O6 P7 P6
Tree:
: T 116.41c W 100.00c S  15.62c (+233.8 L +231.3) N     204  --  M16 M7 N7 N6 O7 O6 P7
---White(^)---
M16 : T 116.85c W 100.00c S  15.96c (+234.2 L +231.9) LCB  115.12c P 80.88% WF 518.5 PSV     517 N     118  --  M16 M7 N7 N6 O7 O6 P7 P6
O16 : T 113.65c W 100.00c S  13.13c (+228.6 L +226.1) LCB  107.13c P  5.88% WF  47.1 PSV      13 N      14  --  O16 M16 L15 L16
M7  : T 117.35c W 100.00c S  16.63c (+237.5 L +233.8) LCB  113.70c P  1.45% WF 142.2 PSV      12 N      46  --  M7 M16 O18 K14 O16 R9
O18 : T 112.77c W 100.00c S  12.27c (+226.8 L +225.1) LCB   95.93c P  5.45% WF  23.5 PSV      10 N       7  --  O18 M16 L18
L15 : T 113.89c W 100.00c S  13.69c (+229.6 L +226.9) LCB  105.87c P  0.57% WF  34.0 PSV       1 N      11  --  L15 M16 O16 L16
L18 : T 113.68c W 100.00c S  13.06c (+228.3 L +225.7) LCB   96.75c P  0.87% WF  22.3 PSV       1 N       7  --  L18 M16 O18

2026-07-16 07:27:34+0100: = M16
2026-07-16 07:54:48+0100: Controller: play B O15
2026-07-16 07:54:48+0100: = 
2026-07-16 07:54:48+0100: Controller: genmove W
2026-07-16 07:54:49+0100: MoveNum: 137 HASH: AC471B0E443B98D879845C56C87897D8
   A B C D E F G H J K L M N O P Q R S T
19 . . X . . X . X O . . . . . . . . . .
18 . X O X X O X O O X . O X . . X . . .
17 X O O X O O O X . . X O O X O O O . .
16 . X O O X . O . X X . O2X1. . . . . .
15 X O O O . O X . . . . X O X3. . . . .
14 . X X O O O X . . . X O . O . . . . .
13 . X O X X O O X . . O . O O O X . . .
12 . X O . . X O O X O . O X O . O X . .
11 . . O X . . X O O . O X . X O . O . .
10 . O . O . . . X O O X . X . . O . . .
 9 . X O . . . . . X O O X . . . . . . .
 8 . . . . . . . . . X O O X . . . . . .
 7 . . . . . . . . . . X @ . . . . . . .
 6 . . . . . . . . . . . . . . . . . . .
 5 . . . X O . . . . . . . . . . . . . .
 4 . . X O O X . . . . . . . . . O . . .
 3 . . O . . . . . . . . . . . . . . . .
 2 . . . . . . . . . . . . . . . . . . .
 1 . . . . . . . . . . . . . . . . . . .

koPOSITIONALscoreAREAtaxNONEsui1komi7.5
Time taken: 0.703393
Root visits: 206
New playouts: 206
NN rows: 206
NN batches: 70
NN avg batch size: 2.94286
PV: M7 N14 O18 M13 N11 K13
Tree:
: T 115.30c W 100.00c S  14.65c (+236.3 L +233.6) N     206  --  M7 N14 O18 M13 N11 K13
---White(^)---
M7  : T 117.65c W 100.00c S  17.10c (+243.1 L +239.8) LCB  114.39c P 22.20% WF 141.8 PSV     533 N      57  --  M7 N14 O18 M13 N11 K13
O16 : T 115.23c W 100.00c S  14.36c (+235.0 L +232.6) LCB  112.66c P 38.02% WF 244.8 PSV     245 N      58  --  O16 M7 K7 K6 J8
L15 : T 114.22c W 100.00c S  13.38c (+233.0 L +230.9) LCB  110.81c P 19.45% WF 139.8 PSV      77 N      34  --  L15 M7 K7 K6 J8
F5  : T 114.98c W 100.00c S  14.86c (+237.2 L +234.4) LCB  110.56c P  2.71% WF  85.2 PSV      15 N      32  --  F5 N14 M13 P18 L15 N15
N11 : T 114.14c W 100.00c S  13.23c (+233.1 L +230.4) LCB  108.94c P  1.43% WF  64.8 PSV       5 N      19  --  N11 C8 C5 N14
K7  : T 109.70c W 100.00c S  11.04c (+229.5 L +228.3) LCB   43.75c P  1.46% WF   6.3 PSV       2 N       4  --  K7 N14 O18
N14 : T 106.76c W 100.00c S   6.76c (+219.6 L +219.0) LCB -243.24c P  0.98% WF   3.7 PSV       1 N       1  --  N14

2026-07-16 07:54:49+0100: = M7
2026-07-16 08:25:40+0100: Controller: play B N14
2026-07-16 08:25:40+0100: = 
2026-07-16 08:25:40+0100: Controller: genmove W
2026-07-16 08:25:41+0100: MoveNum: 139 HASH: 1CDEC372756B225404C63AC880422CFE
   A B C D E F G H J K L M N O P Q R S T
19 . . X . . X . X O . . . . . . . . . .
18 . X O X X O X O O X . O X @ . X . . .
17 X O O X O O O X . . X O O X O O O . .
16 . X O O X . O . X X . O X . . . . . .
15 X O O O . O X . . . . X . X1. . . . .
14 . X X O O O X . . . X O X3O . . . . .
13 . X O X X O O X . . O . O O O X . . .
12 . X O . . X O O X O . O X O . O X . .
11 . . O X . . X O O . O X . X O . O . .
10 . O . O . . . X O O X . X . . O . . .
 9 . X O . . . . . X O O X . . . . . . .
 8 . . . . . . . . . X O O X . . . . . .
 7 . . . . . . . . . . X O2. . . . . . .
 6 . . . . . . . . . . . . . . . . . . .
 5 . . . X O . . . . . . . . . . . . . .
 4 . . X O O X . . . . . . . . . O . . .
 3 . . O . . . . . . . . . . . . . . . .
 2 . . . . . . . . . . . . . . . . . . .
 1 . . . . . . . . . . . . . . . . . . .

koPOSITIONALscoreAREAtaxNONEsui1komi7.5
Time taken: 0.536287
Root visits: 206
New playouts: 157
NN rows: 158
NN batches: 54
NN avg batch size: 2.92593
PV: O18 M13 N11 K13 J13 L12 M10
Tree:
: T 115.22c W 100.00c S  14.77c (+241.6 L +238.3) N     206  --  O18 M13 N11 K13 J13 L12 M10
---White(^)---
O18 : T 117.00c W 100.00c S  16.57c (+245.5 L +241.6) LCB  115.23c P 34.32% WF 336.1 PSV     332 N     118  --  O18 M13 N11 K13 J13 L12 M10
M13 : T 110.03c W 100.00c S  10.15c (+231.1 L +229.1) LCB  106.95c P 42.79% WF  69.2 PSV      46 N      49  --  M13 P18 N15 K19 G19 N14 L15 N15
L15 : T 111.25c W 100.00c S  10.56c (+232.0 L +230.1) LCB  107.32c P 16.67% WF  44.9 PSV      21 N      29  --  L15 M13 K14 L12 M14 F16 E15 L14
N11 : T 110.69c W 100.00c S  10.04c (+231.0 L +230.6) LCB   99.82c P  3.84% WF  13.0 PSV       4 N       9  --  N11 P18 N15 K19 G19 N14

2026-07-16 08:25:41+0100: = O18
