2026-07-17 01:14:25+0100: Running with following config:
allowResignation = true
lagBuffer = 1.0
logAllGTPCommunication = true
logDir = gtp_logs
logSearchInfo = true
logSearchInfoForChosenMove = false
logToStderr = false
maxTimePondering = 60.0
maxVisits = 500
numSearchThreads = 6
ponderingEnabled = false
resignConsecTurns = 3
resignThreshold = -0.90
rules = tromp-taylor
searchFactorAfterOnePass = 0.50
searchFactorAfterTwoPass = 0.25
searchFactorWhenWinning = 0.40
searchFactorWhenWinningThreshold = 0.95

2026-07-17 01:14:25+0100: GTP Engine starting...
2026-07-17 01:14:25+0100: KataGo v1.16.5
2026-07-17 01:14:25+0100: Using TrompTaylor rules initially, unless GTP/GUI overrides this
2026-07-17 01:14:25+0100: Using 6 CPU thread(s) for search
2026-07-17 01:14:25+0100: nnRandSeed0 = 8217113496538946391
2026-07-17 01:14:25+0100: After dedups: nnModelFile0 = /Users/mettamazza/.katago/default_model.bin.gz useFP16 auto useNHWC auto
2026-07-17 01:14:25+0100: Initializing neural net buffer to be size 19 * 19 exactly
2026-07-17 01:14:26+0100: Loaded neural net with nnXLen 19 nnYLen 19
2026-07-17 01:14:26+0100: Initializing board with boardXSize 19 boardYSize 19
2026-07-17 01:14:26+0100: Loaded config /Users/mettamazza/.katago/default_gtp.cfg
2026-07-17 01:14:26+0100: Loaded model /Users/mettamazza/.katago/default_model.bin.gz
2026-07-17 01:14:26+0100: Model name: kata1-b18c384nbt-softplusfixv13-s5971481344-d3261785976
2026-07-17 01:14:26+0100: GTP ready, beginning main protocol loop
2026-07-17 01:14:26+0100: Controller: boardsize 13
2026-07-17 01:14:26+0100: GPU -1 finishing, processed 0 rows 0 batches
2026-07-17 01:14:26+0100: Cleaned up old neural net and bot
2026-07-17 01:14:26+0100: nnRandSeed0 = 9165843701253162905
2026-07-17 01:14:26+0100: After dedups: nnModelFile0 = /Users/mettamazza/.katago/default_model.bin.gz useFP16 auto useNHWC auto
2026-07-17 01:14:26+0100: Initializing neural net buffer to be size 13 * 13 exactly
2026-07-17 01:14:26+0100: Loaded neural net with nnXLen 13 nnYLen 13
2026-07-17 01:14:26+0100: Initializing board with boardXSize 13 boardYSize 13
2026-07-17 01:14:26+0100: = 
2026-07-17 01:14:26+0100: Controller: clear_board
2026-07-17 01:14:26+0100: = 
2026-07-17 01:14:26+0100: Controller: play B G7
2026-07-17 01:14:26+0100: = 
2026-07-17 01:14:26+0100: Controller: genmove W
2026-07-17 01:14:33+0100: MoveNum: 1 HASH: 4BC8D1161958BC95BB2DBABB69447B4D
   A B C D E F G H J K L M N
13 . . . . . . . . . . . . .
12 . . . . . . . . . . . . .
11 . . . . . . . . . . . . .
10 . . . . . . . . . . . . .
 9 . . . . . . . . . . . . .
 8 . . . . . . . . . . . . .
 7 . . . . . . X1. . . . . .
 6 . . . . . . . . . . . . .
 5 . . . . . . . . . . . . .
 4 . . @ . . . . . . . . . .
 3 . . . . . . . . . . . . .
 2 . . . . . . . . . . . . .
 1 . . . . . . . . . . . . .

koPOSITIONALscoreAREAtaxNONEsui1komi7.5
Time taken: 6.93836
Root visits: 505
New playouts: 505
NN rows: 478
NN batches: 160
NN avg batch size: 2.9875
PV: C4 K11 D11 L4 K4 L5 K3 K5 L3 D4 C5 D3 C3
Tree:
: T  66.67c W  66.52c S   0.52c ( +3.1 L  +2.0) N     505  --  C4 K11 D11 L4 K4 L5 K3
---White(^)---
C4  : T  68.03c W  67.75c S   0.62c ( +3.2 L  +2.0) LCB   66.47c P  6.39% WF 594.4 PSV     588 N     315  --  C4 K11 D11 L4 K4 L5 K3 K5
D4  : T  65.56c W  65.65c S   0.46c ( +3.1 L  +1.9) LCB   63.18c P  8.48% WF 278.0 PSV      47 N     150  --  D4 L10 L4 D10 C6 J4 J3 K3
C3  : T  63.92c W  63.40c S   0.22c ( +2.9 L  +2.0) LCB   56.84c P  0.63% WF  19.6 PSV       2 N      11  --  C3 K11 K10 L11
C5  : T  59.99c W  59.61c S  -0.21c ( +2.7 L  +1.7) LCB   16.40c P  0.07% WF   7.2 PSV       0 N       4  --  C5 C10 D3
D5  : T  51.95c W  52.42c S  -0.48c ( +2.5 L  +1.8) LCB -298.05c P  0.06% WF   1.7 PSV       0 N       1  --  D5
C6  : T  46.49c W  47.23c S  -0.74c ( +2.3 L  +1.6) LCB -303.51c P  0.03% WF   1.7 PSV       0 N       1  --  C6
C7  : T  41.98c W  43.11c S  -1.14c ( +2.0 L  +1.5) LCB -308.02c P  0.02% WF   1.6 PSV       0 N       1  --  C7
D6  : T  35.71c W  37.40c S  -1.69c ( +1.6 L  +1.3) LCB -314.29c P  0.02% WF   1.6 PSV       0 N       1  --  D6
D7  : T  40.20c W  41.66c S  -1.45c ( +1.8 L  +1.3) LCB -309.80c P  0.01% WF   1.4 PSV       0 N       1  --  D7
E5  : T  38.00c W  39.67c S  -1.66c ( +1.6 L  +1.3) LCB -312.00c P  0.01% WF   0.9 PSV       0 N       1  --  E5

2026-07-17 01:14:33+0100: = C4
2026-07-17 01:14:36+0100: Controller: play B G8
2026-07-17 01:14:36+0100: = 
2026-07-17 01:14:36+0100: Controller: genmove W
2026-07-17 01:14:41+0100: MoveNum: 3 HASH: 567ABD45C6C4CBF7AC40B8C9A1459B12
   A B C D E F G H J K L M N
13 . . . . . . . . . . . . .
12 . . . . . . . . . . . . .
11 . . . . . . . . . . . . .
10 . . . . . . . . . . . . .
 9 . . . . . . . . . . . . .
 8 . . . . . . X3. . . . . .
 7 . . . . . . X1. . . . . .
 6 . . . . . . . . . . . . .
 5 . . . . . . . . . . . . .
 4 . . O2. . . . . . . @ . .
 3 . . . . . . . . . . . . .
 2 . . . . . . . . . . . . .
 1 . . . . . . . . . . . . .

koPOSITIONALscoreAREAtaxNONEsui1komi7.5
Time taken: 5.22564
Root visits: 505
New playouts: 505
NN rows: 498
NN batches: 167
NN avg batch size: 2.98204
PV: L4 L10 D11 F11 C9 D4 D3
Tree:
: T 103.39c W  98.56c S   4.89c ( +9.5 L  +8.3) N     505  --  L4 L10 D11 F11 C9 D4 D3
---White(^)---
L4  : T 104.26c W  98.79c S   5.48c ( +9.9 L  +8.8) LCB  103.86c P 21.78% WF 412.5 PSV     789 N     141  --  L4 L10 D11 F11 C9 D4 D3
L10 : T 103.26c W  98.60c S   4.67c ( +9.4 L  +8.1) LCB  102.69c P 21.50% WF 256.1 PSV     167 N      94  --  L10 L4 F3 C10 H11 F11
K11 : T 103.03c W  98.57c S   4.52c ( +9.3 L  +8.1) LCB  102.51c P 13.86% WF 232.7 PSV      95 N      86  --  K11 L4 F3 C10 K3 L3
K4  : T 103.60c W  98.59c S   5.14c ( +9.7 L  +8.5) LCB  103.09c P  3.72% WF 218.1 PSV      36 N      79  --  K4 L10 D11 F11 D9 C7
K3  : T 102.37c W  98.13c S   4.36c ( +9.2 L  +7.9) LCB  100.75c P  5.87% WF  61.9 PSV      30 N      24  --  K3 K11 D11 L5 G11 E3
D11 : T 102.81c W  98.24c S   4.55c ( +9.3 L  +8.0) LCB  101.32c P  4.52% WF  71.6 PSV      27 N      27  --  D11 L4 L10 E3 L7 C9 D3
K10 : T 102.32c W  98.26c S   4.25c ( +9.1 L  +7.7) LCB   98.81c P  3.60% WF  39.4 PSV      18 N      15  --  K10 L4 K4 L3 F3
C10 : T 102.69c W  98.27c S   4.41c ( +9.2 L  +8.0) LCB   97.04c P  1.99% WF  26.2 PSV      11 N      10  --  C10 L4 L10 E3 D5
L3  : T 102.73c W  98.30c S   4.58c ( +9.3 L  +8.1) LCB   93.83c P  1.69% WF  24.3 PSV      10 N       9  --  L3 K11 D11 L5
D10 : T 102.39c W  98.18c S   4.38c ( +9.2 L  +7.8) LCB   91.37c P  2.09% WF  20.9 PSV      10 N       8  --  D10 L4 L10 E3

2026-07-17 01:14:41+0100: = L4
2026-07-17 01:14:44+0100: Controller: play B G9
2026-07-17 01:14:44+0100: = 
2026-07-17 01:14:44+0100: Controller: genmove W
2026-07-17 01:14:48+0100: MoveNum: 5 HASH: 450876D4DAB23468380BFC97550DD5E5
   A B C D E F G H J K L M N
13 . . . . . . . . . . . . .
12 . . . . . . . . . . . . .
11 . . . @ . . . . . . . . .
10 . . . . . . . . . . . . .
 9 . . . . . . X3. . . . . .
 8 . . . . . . X1. . . . . .
 7 . . . . . . X . . . . . .
 6 . . . . . . . . . . . . .
 5 . . . . . . . . . . . . .
 4 . . O . . . . . . . O2. .
 3 . . . . . . . . . . . . .
 2 . . . . . . . . . . . . .
 1 . . . . . . . . . . . . .

koPOSITIONALscoreAREAtaxNONEsui1komi7.5
Time taken: 4.63908
Root visits: 504
New playouts: 504
NN rows: 497
NN batches: 167
NN avg batch size: 2.97605
PV: D11 F11 L10 C10 C11 B9 H11
Tree:
: T 107.39c W  99.60c S   7.77c (+14.3 L +13.7) N     504  --  D11 F11 L10 C10 C11 B9 H11
---White(^)---
D11 : T 107.92c W  99.61c S   8.27c (+14.6 L +14.0) LCB  107.56c P 11.32% WF 888.5 PSV    1398 N     196  --  D11 F11 L10 C10 C11 B9 H11
C10 : T 107.73c W  99.62c S   8.05c (+14.5 L +13.9) LCB  107.32c P 18.47% WF 691.1 PSV     690 N     156  --  C10 L10 E11 F12 L11 K11 E3
C11 : T 107.00c W  99.62c S   7.28c (+13.9 L +13.3) LCB  106.18c P  3.44% WF 271.4 PSV      52 N      63  --  C11 L10 F11 E10 E11 C10 E3
D10 : T 106.34c W  99.53c S   6.87c (+13.7 L +13.3) LCB  105.19c P  2.29% WF 133.5 PSV      22 N      32  --  D10 C7 F11 E3 C9
E3  : T 106.29c W  99.55c S   6.48c (+13.4 L +12.9) LCB  103.88c P  0.90% WF  78.4 PSV       8 N      19  --  E3 C10 K11 H11
C9  : T 105.62c W  99.49c S   6.11c (+13.2 L +12.6) LCB  101.92c P  0.88% WF  58.0 PSV       6 N      15  --  C9 C11 K11 C6 E4
G11 : T 104.72c W  99.23c S   6.23c (+13.3 L +12.8) LCB  -44.81c P  0.86% WF   7.8 PSV       4 N       2  --  G11 K11
C7  : T 104.76c W  99.54c S   5.97c (+13.1 L +12.5) LCB  -44.44c P  0.82% WF   7.8 PSV       4 N       2  --  C7 L10
F3  : T 104.38c W  99.44c S   6.00c (+13.1 L +12.6) LCB  -44.76c P  0.83% WF   7.8 PSV       3 N       2  --  F3 C10
E11 : T 104.10c W  99.43c S   5.54c (+12.9 L +12.3) LCB  -45.36c P  0.70% WF   7.5 PSV       3 N       2  --  E11 C11

2026-07-17 01:14:48+0100: = D11
2026-07-17 01:14:51+0100: Controller: play B C11
2026-07-17 01:14:51+0100: = 
2026-07-17 01:14:51+0100: Controller: genmove W
2026-07-17 01:14:57+0100: MoveNum: 7 HASH: F372D0BF8DEC16D9A03128608E3EA5F6
   A B C D E F G H J K L M N
13 . . . . . . . . . . . . .
12 . . . . . . . . . . . . .
11 . . X3O2. . . . . . . . .
10 . . @ . . . . . . . . . .
 9 . . . . . . X1. . . . . .
 8 . . . . . . X . . . . . .
 7 . . . . . . X . . . . . .
 6 . . . . . . . . . . . . .
 5 . . . . . . . . . . . . .
 4 . . O . . . . . . . O . .
 3 . . . . . . . . . . . . .
 2 . . . . . . . . . . . . .
 1 . . . . . . . . . . . . .

koPOSITIONALscoreAREAtaxNONEsui1komi7.5
Time taken: 5.93472
Root visits: 504
New playouts: 504
NN rows: 482
NN batches: 162
NN avg batch size: 2.97531
PV: C10 L10 D10 B12 E12 L6 J3
Tree:
: T 108.52c W  99.65c S   8.86c (+16.5 L +15.9) N     504  --  C10 L10 D10 B12 E12 L6 J3
---White(^)---
C10 : T 108.99c W  99.66c S   9.30c (+16.8 L +16.3) LCB  108.72c P 63.13% WF 2068.9 PSV    2063 N     438  --  C10 L10 D10 B12 E12 L6 J3
K11 : T 105.21c W  99.65c S   5.81c (+14.4 L +13.8) LCB  101.51c P  2.94% WF  58.2 PSV      12 N      14  --  K11 C10 G11 J3 K3
L10 : T 104.65c W  99.59c S   5.25c (+14.1 L +13.4) LCB   85.18c P  2.28% WF  24.0 PSV       8 N       6  --  L10 C10 H11 K11
K10 : T 104.92c W  99.64c S   5.22c (+14.1 L +13.5) LCB   93.86c P  1.53% WF  32.7 PSV       6 N       8  --  K10 C10 H11 F11
H11 : T 105.09c W  99.46c S   5.62c (+14.3 L +13.8) LCB  100.19c P  1.33% WF  43.8 PSV       5 N      11  --  H11 C10 K10 F11
D10 : T 104.24c W  99.46c S   5.31c (+14.1 L +13.6) LCB   61.00c P  1.21% WF  15.5 PSV       4 N       4  --  D10 C10 C9 B9
L11 : T 103.08c W  99.58c S   4.09c (+13.3 L +12.8) LCB  -45.97c P  1.42% WF   8.0 PSV       4 N       2  --  L11 C10
J11 : T 103.65c W  99.57c S   4.68c (+13.7 L +13.2) LCB  -45.89c P  1.33% WF   7.9 PSV       4 N       2  --  J11 C10
G11 : T 103.46c W  99.35c S   4.86c (+13.8 L +13.2) LCB  -45.97c P  1.20% WF   7.7 PSV       3 N       2  --  G11 D10
E3  : T 105.24c W  99.69c S   5.55c (+14.2 L +13.5) LCB -244.76c P  0.85% WF   3.9 PSV       3 N       1  --  E3

2026-07-17 01:14:57+0100: = C10
2026-07-17 01:15:27+0100: Controller: play B C12
2026-07-17 01:15:27+0100: = 
2026-07-17 01:15:27+0100: Controller: genmove W
2026-07-17 01:15:31+0100: MoveNum: 9 HASH: 702C09D5276366C966F85EF04B45713A
   A B C D E F G H J K L M N
13 . . . . . . . . . . . . .
12 . . X3. . . . . . . . . .
11 . . X1O . . . . . . . . .
10 . . O2. . . . . . . . . .
 9 . . . @ . . X . . . . . .
 8 . . . . . . X . . . . . .
 7 . . . . . . X . . . . . .
 6 . . . . . . . . . . . . .
 5 . . . . . . . . . . . . .
 4 . . O . . . . . . . O . .
 3 . . . . . . . . . . . . .
 2 . . . . . . . . . . . . .
 1 . . . . . . . . . . . . .

koPOSITIONALscoreAREAtaxNONEsui1komi7.5
Time taken: 3.50638
Root visits: 292
New playouts: 290
NN rows: 287
NN batches: 96
NN avg batch size: 2.98958
PV: D9 E12 E11 F12 L10
Tree:
: T 107.49c W  99.69c S   7.77c (+18.1 L +17.5) N     292  --  D9 E12 E11 F12 L10
---White(^)---
D9  : T 108.00c W  99.70c S   8.17c (+18.3 L +17.8) LCB  107.46c P 24.36% WF 420.3 PSV    1622 N      89  --  D9 E12 E11 F12 L10
D10 : T 107.67c W  99.70c S   7.96c (+18.2 L +17.6) LCB  107.05c P 55.47% WF 751.0 PSV     750 N     165  --  D10 D12 E12 F12 F11 E13 E11 G12
B10 : T 105.87c W  99.62c S   6.40c (+17.1 L +16.6) LCB  102.84c P  1.45% WF  75.1 PSV       6 N      19  --  B10 E11 D12 E12 D10 D13
K11 : T 104.91c W  99.73c S   5.35c (+16.4 L +15.7) LCB   93.83c P  0.91% WF  32.4 PSV       3 N       8  --  K11 D10 C9 E11
D12 : T 102.25c W  99.53c S   4.04c (+15.5 L +15.1) LCB  -46.94c P  1.79% WF   7.9 PSV       3 N       2  --  D12 B10
C9  : T 105.36c W  99.79c S   5.57c (+16.5 L +16.0) LCB -244.64c P  0.75% WF   4.1 PSV       3 N       1  --  C9
B9  : T 104.07c W  99.60c S   4.69c (+16.0 L +15.5) LCB   76.00c P  0.91% WF  20.3 PSV       2 N       5  --  B9 D10 D12 F12
L10 : T 104.59c W  99.73c S   5.27c (+16.3 L +15.6) LCB  -44.67c P  0.88% WF   8.6 PSV       2 N       2  --  L10 D10

2026-07-17 01:15:31+0100: = D9
2026-07-17 01:15:40+0100: Controller: play B B10
2026-07-17 01:15:40+0100: = 
2026-07-17 01:15:40+0100: Controller: genmove W
2026-07-17 01:15:41+0100: MoveNum: 11 HASH: D553C79BD53C098292DDE85BBED07FFE
   A B C D E F G H J K L M N
13 . . . . . . . . . . . . .
12 . . X1. . . . . . . . . .
11 . . X O . . . . . . . . .
10 . X3O . . . . . . . . . .
 9 . @ . O2. . X . . . . . .
 8 . . . . . . X . . . . . .
 7 . . . . . . X . . . . . .
 6 . . . . . . . . . . . . .
 5 . . . . . . . . . . . . .
 4 . . O . . . . . . . O . .
 3 . . . . . . . . . . . . .
 2 . . . . . . . . . . . . .
 1 . . . . . . . . . . . . .

koPOSITIONALscoreAREAtaxNONEsui1komi7.5
Time taken: 1.7828
Root visits: 229
New playouts: 229
NN rows: 224
NN batches: 76
NN avg batch size: 2.94737
PV: B9 L10 D12 L6 J3 C8 B11
Tree:
: T 109.40c W  99.78c S   9.49c (+19.5 L +18.8) N     229  --  B9 L10 D12 L6 J3 C8 B11
---White(^)---
B9  : T 109.90c W  99.80c S   9.98c (+19.8 L +19.2) LCB  109.50c P 91.36% WF 1021.8 PSV    1019 N     205  --  B9 L10 D12 L6 J3 C8 B11
K11 : T 102.86c W  99.60c S   3.43c (+15.4 L +14.7) LCB   91.77c P  0.36% WF  22.9 PSV       0 N       8  --  K11 B9 G11 K9
K10 : T 102.43c W  99.60c S   2.68c (+14.9 L +14.3) LCB   82.86c P  0.29% WF  17.3 PSV       0 N       6  --  K10 B9 H11
L10 : T 102.24c W  99.53c S   2.72c (+14.9 L +14.2) LCB   74.24c P  0.30% WF  14.8 PSV       0 N       5  --  L10 B9 H11
L11 : T 100.35c W  99.56c S   1.25c (+14.0 L +13.4) LCB  -49.10c P  0.32% WF   7.6 PSV       0 N       2  --  L11 B9
J11 : T 101.10c W  99.55c S   1.74c (+14.3 L +13.8) LCB  -49.70c P  0.29% WF   7.3 PSV       0 N       2  --  J11 B9

2026-07-17 01:15:41+0100: = B9
2026-07-17 01:16:55+0100: Controller: play B B11
2026-07-17 01:16:55+0100: = 
2026-07-17 01:16:55+0100: Controller: genmove W
2026-07-17 01:16:57+0100: MoveNum: 13 HASH: 892933BA61ABDA6AB234E322EAEF9FD3
   A B C D E F G H J K L M N
13 . . . . . . . . . . . . .
12 . . X @ . . . . . . . . .
11 . X3X O . . . . . . . . .
10 . X1O . . . . . . . . . .
 9 . O2. O . . X . . . . . .
 8 . . . . . . X . . . . . .
 7 . . . . . . X . . . . . .
 6 . . . . . . . . . . . . .
 5 . . . . . . . . . . . . .
 4 . . O . . . . . . . O . .
 3 . . . . . . . . . . . . .
 2 . . . . . . . . . . . . .
 1 . . . . . . . . . . . . .

koPOSITIONALscoreAREAtaxNONEsui1komi7.5
Time taken: 2.43491
Root visits: 227
New playouts: 227
NN rows: 221
NN batches: 75
NN avg batch size: 2.94667
PV: D12 B8 A9 F12 L10 E10 D10 C8 C9 A12
Tree:
: T 108.06c W  99.78c S   8.34c (+22.6 L +22.1) N     227  --  D12 B8 A9 F12 L10 E10 D10
---White(^)---
D12 : T 108.62c W  99.74c S   8.87c (+23.0 L +22.6) LCB  107.28c P 66.76% WF 608.8 PSV     606 N     131  --  D12 B8 A9 F12 L10 E10 D10 C8
C7  : T 107.23c W  99.87c S   7.44c (+21.8 L +21.1) LCB  104.83c P  5.22% WF  96.0 PSV      23 N      20  --  C7 B8 B7 E10 D10
L10 : T 107.48c W  99.83c S   7.91c (+22.2 L +21.5) LCB  104.97c P  1.65% WF  99.9 PSV       8 N      22  --  L10 B8 C8 A9 B7
K11 : T 107.38c W  99.83c S   7.71c (+22.1 L +21.4) LCB  102.87c P  1.68% WF  59.2 PSV       7 N      13  --  K11 B8 C8 A9
C6  : T 107.58c W  99.87c S   7.62c (+21.9 L +21.3) LCB  104.54c P  1.27% WF  76.6 PSV       6 N      17  --  C6 B8 C8 A9 C9
D6  : T 106.68c W  99.84c S   6.87c (+21.5 L +20.8) LCB   63.58c P  1.42% WF  18.4 PSV       5 N       4  --  D6 B8 C8
K10 : T 107.33c W  99.82c S   7.82c (+22.2 L +21.5) LCB   98.52c P  0.92% WF  42.0 PSV       4 N       9  --  K10 C8 C9 E10
L11 : T 107.40c W  99.77c S   7.48c (+21.9 L +21.2) LCB   33.18c P  0.75% WF  13.9 PSV       3 N       3  --  L11 E10
E12 : T 105.77c W  99.74c S   6.43c (+21.2 L +20.7) LCB  -45.12c P  1.16% WF   9.2 PSV       3 N       2  --  E12 B8
E11 : T 105.63c W  99.74c S   6.08c (+20.9 L +20.5) LCB  -44.64c P  0.84% WF   9.2 PSV       2 N       2  --  E11 B8

2026-07-17 01:16:57+0100: = D12
2026-07-17 01:17:20+0100: Controller: play B E12
2026-07-17 01:17:20+0100: = 
2026-07-17 01:17:20+0100: Controller: genmove W
2026-07-17 01:17:22+0100: MoveNum: 15 HASH: A1AFE44457DC6645AE5955FA993070BA
   A B C D E F G H J K L M N
13 . . . . . . . . . . . . .
12 . . X O2X3. . . . . . . .
11 . X1X O @ . . . . . . . .
10 . X O . . . . . . . . . .
 9 . O . O . . X . . . . . .
 8 . . . . . . X . . . . . .
 7 . . . . . . X . . . . . .
 6 . . . . . . . . . . . . .
 5 . . . . . . . . . . . . .
 4 . . O . . . . . . . O . .
 3 . . . . . . . . . . . . .
 2 . . . . . . . . . . . . .
 1 . . . . . . . . . . . . .

koPOSITIONALscoreAREAtaxNONEsui1komi7.5
Time taken: 2.0389
Root visits: 223
New playouts: 220
NN rows: 200
NN batches: 67
NN avg batch size: 2.98507
PV: E11 F12 D13 B8 A9 L10 L11
Tree:
: T 109.03c W  99.81c S   9.27c (+24.2 L +23.8) N     223  --  E11 F12 D13 B8 A9 L10 L11
---White(^)---
E11 : T 109.81c W  99.83c S   9.98c (+24.7 L +24.4) LCB  108.63c P 51.62% WF 631.3 PSV     627 N     133  --  E11 F12 D13 B8 A9 L10 L11
D13 : T 108.32c W  99.78c S   8.60c (+23.6 L +23.3) LCB  106.05c P 28.38% WF 228.7 PSV     139 N      49  --  D13 B8 A9 L10 E3 E10
F12 : T 107.52c W  99.75c S   8.19c (+23.3 L +23.0) LCB  102.74c P  4.19% WF  59.2 PSV      15 N      13  --  F12 E11 D13 B8
G11 : T 107.83c W  99.75c S   8.18c (+23.4 L +23.1) LCB  104.63c P  2.04% WF  68.4 PSV       8 N      17  --  G11 E11 D13 C8
F11 : T 103.70c W  99.76c S   4.69c (+20.9 L +20.5) LCB   59.68c P  2.51% WF  15.2 PSV       4 N       4  --  F11 E11 E10
G12 : T 106.49c W  99.69c S   7.20c (+22.7 L +22.5) LCB  -42.60c P  0.95% WF   7.5 PSV       2 N       2  --  G12 E10
E13 : T 106.56c W  99.91c S   6.65c (+22.2 L +21.8) LCB -243.44c P  0.85% WF   4.3 PSV       2 N       1  --  E13
F10 : T 104.41c W  99.71c S   4.46c (+20.7 L +20.2) LCB   29.69c P  1.00% WF  12.4 PSV       1 N       3  --  F10 D13

2026-07-17 01:17:22+0100: = E11
2026-07-17 01:18:25+0100: Controller: play B F12
2026-07-17 01:18:25+0100: = 
2026-07-17 01:18:25+0100: Controller: genmove W
2026-07-17 01:18:26+0100: MoveNum: 17 HASH: 2E036474D8484499B4092C4F63EC7398
   A B C D E F G H J K L M N
13 . . . @ . . . . . . . . .
12 . . X O X1X3. . . . . . .
11 . X X O O2. . . . . . . .
10 . X O . . . . . . . . . .
 9 . O . O . . X . . . . . .
 8 . . . . . . X . . . . . .
 7 . . . . . . X . . . . . .
 6 . . . . . . . . . . . . .
 5 . . . . . . . . . . . . .
 4 . . O . . . . . . . O . .
 3 . . . . . . . . . . . . .
 2 . . . . . . . . . . . . .
 1 . . . . . . . . . . . . .

koPOSITIONALscoreAREAtaxNONEsui1komi7.5
Time taken: 1.02493
Root visits: 219
New playouts: 156
NN rows: 146
NN batches: 49
NN avg batch size: 2.97959
PV: D13 L10 L7 B8 C8 A9 C9 B7
Tree:
: T 110.87c W  99.82c S  10.90c (+24.7 L +24.4) N     219  --  D13 L10 L7 B8 C8 A9 C9
---White(^)---
D13 : T 111.47c W  99.83c S  11.47c (+25.1 L +24.8) LCB  110.41c P 54.64% WF 803.5 PSV     800 N     163  --  D13 L10 L7 B8 C8 A9 C9 B7
G10 : T 107.53c W  99.78c S   7.92c (+22.7 L +22.3) LCB  105.13c P 24.04% WF  87.1 PSV      61 N      21  --  G10 D13 H11 F11
F11 : T 109.90c W  99.82c S   9.96c (+24.0 L +23.6) LCB  108.45c P  8.45% WF 140.8 PSV      42 N      30  --  F11 G11 G10 H11 D13 B8
G11 : T 106.21c W  99.87c S   6.35c (+21.4 L +21.1) LCB -243.79c P  1.74% WF   3.6 PSV       3 N       1  --  G11
H11 : T 107.86c W  99.82c S   8.21c (+22.8 L +22.3) LCB  -43.18c P  0.97% WF   8.6 PSV       2 N       2  --  H11 F11
H12 : T 107.46c W  99.90c S   7.56c (+22.4 L +21.9) LCB -242.54c P  0.79% WF   3.8 PSV       1 N       1  --  H12

2026-07-17 01:18:26+0100: = D13
2026-07-17 01:18:41+0100: Controller: play B E10
2026-07-17 01:18:41+0100: = 
2026-07-17 01:18:41+0100: Controller: genmove W
2026-07-17 01:18:42+0100: MoveNum: 19 HASH: FADFFB8492AC71E881A491A2F8E7D679
   A B C D E F G H J K L M N
13 . . . O2. . . . . . . . .
12 . . X O X X1. . . . . . .
11 . X X O O . . . . . . . .
10 . X O @ X3. . . . . . . .
 9 . O . O . . X . . . . . .
 8 . . . . . . X . . . . . .
 7 . . . . . . X . . . . . .
 6 . . . . . . . . . . . . .
 5 . . . . . . . . . . . . .
 4 . . O . . . . . . . O . .
 3 . . . . . . . . . . . . .
 2 . . . . . . . . . . . . .
 1 . . . . . . . . . . . . .

koPOSITIONALscoreAREAtaxNONEsui1komi7.5
Time taken: 1.85412
Root visits: 219
New playouts: 213
NN rows: 204
NN batches: 68
NN avg batch size: 3
PV: F10 B8 A9 E9 D10 C8 C9 F11
Tree:
: T 109.92c W  99.82c S  10.16c (+25.5 L +25.3) N     219  --  F10 B8 A9 E9 D10 C8 C9
---White(^)---
F10 : T 110.49c W  99.81c S  10.59c (+25.9 L +25.7) LCB  108.77c P 49.92% WF 472.0 PSV     470 N     100  --  F10 B8 A9 E9 D10 C8 C9 F11
D10 : T 109.69c W  99.86c S  10.00c (+25.3 L +25.0) LCB  108.67c P 43.31% WF 460.4 PSV     252 N      93  --  D10 B8 A9 L10 L7 F11
E9  : T 108.98c W  99.78c S   9.26c (+24.8 L +24.6) LCB  106.27c P  3.53% WF  85.2 PSV      15 N      18  --  E9 F10 D10 B8 C8
F11 : T 107.64c W  99.66c S   8.92c (+24.7 L +24.7) LCB   84.94c P  1.40% WF  23.5 PSV       4 N       6  --  F11 D10 C9 G11
E8  : T  87.43c W  97.03c S  -9.61c (+11.1 L +10.1) LCB -262.57c P  0.32% WF   1.8 PSV       0 N       1  --  E8

2026-07-17 01:18:42+0100: = D10
2026-07-17 01:19:04+0100: Controller: play B F10
2026-07-17 01:19:04+0100: = 
2026-07-17 01:19:04+0100: Controller: genmove W
2026-07-17 01:19:06+0100: MoveNum: 21 HASH: CE9D0E00323631A2F7AF8380E01D5FDE
   A B C D E F G H J K L M N
13 . . . O . . . . . . . . .
12 . . X O X X . . . . . . .
11 . X X O O . . . . . . . .
10 . X O O2X1X3. . . . @ . .
 9 . O . O . . X . . . . . .
 8 . . . . . . X . . . . . .
 7 . . . . . . X . . . . . .
 6 . . . . . . . . . . . . .
 5 . . . . . . . . . . . . .
 4 . . O . . . . . . . O . .
 3 . . . . . . . . . . . . .
 2 . . . . . . . . . . . . .
 1 . . . . . . . . . . . . .

koPOSITIONALscoreAREAtaxNONEsui1komi7.5
Time taken: 1.84586
Root visits: 215
New playouts: 215
NN rows: 212
NN batches: 72
NN avg batch size: 2.94444
PV: L10 B8 C8 A9 C9 B7 C6 B6 B5
Tree:
: T 112.94c W  99.94c S  12.93c (+30.6 L +30.2) N     215  --  L10 B8 C8 A9 C9 B7 C6
---White(^)---
L10 : T 113.64c W  99.93c S  13.40c (+31.1 L +30.7) LCB  112.05c P 48.23% WF 431.9 PSV     429 N      82  --  L10 B8 C8 A9 C9 B7 C6 B6
H12 : T 111.66c W  99.92c S  12.20c (+30.1 L +29.8) LCB  109.89c P 12.87% WF 137.3 PSV      47 N      28  --  H12 F11 L11 B8 C8
L11 : T 112.70c W  99.92c S  12.73c (+30.5 L +30.2) LCB  110.30c P  6.18% WF 189.8 PSV      33 N      37  --  L11 C8 B8 C9 B7 D8
C6  : T 113.68c W  99.96c S  13.54c (+30.9 L +30.3) LCB  112.57c P  2.38% WF 216.6 PSV      21 N      38  --  C6 L10 L7 M9 J3
C7  : T 111.85c W  99.97c S  12.02c (+29.6 L +29.1) LCB   97.52c P  3.46% WF  38.8 PSV      13 N       7  --  C7 L10 L11
K11 : T 111.72c W  99.88c S  12.06c (+30.2 L +29.7) LCB   68.74c P  2.03% WF  21.9 PSV       7 N       4  --  K11 C8
H10 : T 111.13c W  99.91c S  11.36c (+29.6 L +29.2) LCB   37.10c P  2.13% WF  15.8 PSV       6 N       3  --  H10 C8
K10 : T 111.11c W  99.87c S  11.64c (+29.9 L +29.5) LCB   37.16c P  2.02% WF  15.9 PSV       6 N       3  --  K10 B8
D6  : T 110.61c W  99.89c S  11.13c (+29.3 L +29.1) LCB  -38.42c P  2.17% WF  10.6 PSV       6 N       2  --  D6 B8
F11 : T 111.47c W  99.95c S  11.61c (+29.6 L +29.3) LCB   68.55c P  1.42% WF  21.5 PSV       4 N       4  --  F11 G11 H10

2026-07-17 01:19:06+0100: = L10
2026-07-17 01:19:20+0100: Controller: play B B8
2026-07-17 01:19:20+0100: = 
2026-07-17 01:19:20+0100: Controller: genmove W
2026-07-17 01:19:22+0100: MoveNum: 23 HASH: 122BD502EABD7C5794328FA8D163C944
   A B C D E F G H J K L M N
13 . . . O . . . . . . . . .
12 . . X O X X . . . . . . .
11 . X X O O . . . . . . . .
10 . X O O X X1. . . . O2. .
 9 . O . O . . X . . . . . .
 8 . X3@ . . . X . . . . . .
 7 . . . . . . X . . . . . .
 6 . . . . . . . . . . . . .
 5 . . . . . . . . . . . . .
 4 . . O . . . . . . . O . .
 3 . . . . . . . . . . . . .
 2 . . . . . . . . . . . . .
 1 . . . . . . . . . . . . .

koPOSITIONALscoreAREAtaxNONEsui1komi7.5
Time taken: 1.82783
Root visits: 216
New playouts: 181
NN rows: 164
NN batches: 55
NN avg batch size: 2.98182
PV: C8 A9 C9 C5 B7 B6 B4
Tree:
: T 113.03c W  99.92c S  12.82c (+30.7 L +30.4) N     216  --  C8 A9 C9 C5 B7 B6 B4
---White(^)---
C8  : T 113.43c W  99.91c S  13.03c (+30.9 L +30.7) LCB  112.02c P 65.75% WF 753.2 PSV     751 N     150  --  C8 A9 C9 C5 B7 B6 B4
A9  : T 112.61c W  99.94c S  12.71c (+30.3 L +30.1) LCB  111.40c P 23.39% WF 319.4 PSV     154 N      58  --  A9 C8 C9 D8 E3 C13
C9  : T 109.25c W  99.90c S   9.69c (+28.2 L +28.0) LCB   35.36c P  2.21% WF  14.5 PSV       5 N       3  --  C9 C5
A10 : T 107.32c W  99.80c S   9.52c (+28.1 L +27.9) LCB  -44.63c P  2.97% WF   9.7 PSV       5 N       2  --  A10 C8
A8  : T 108.66c W  99.92c S   9.15c (+27.8 L +27.3) LCB  -40.29c P  2.46% WF   9.3 PSV       5 N       2  --  A8 A10

2026-07-17 01:19:22+0100: = C8
2026-07-17 01:19:59+0100: Controller: play B A9
2026-07-17 01:19:59+0100: = 
2026-07-17 01:19:59+0100: Controller: genmove W
2026-07-17 01:19:59+0100: MoveNum: 25 HASH: B65809FD7AAFD8AC84C9FCA5C41CB98F
   A B C D E F G H J K L M N
13 . . . O . . . . . . . . .
12 . . X O X X . . . . . . .
11 . X X O O . . . . . . . .
10 . X O O X X . . . . O . .
 9 X3O . O . . X . . . . . .
 8 . X1O2. . . X . . . . . .
 7 . @ . . . . X . . . . . .
 6 . . . . . . . . . . . . .
 5 . . . . . . . . . . . . .
 4 . . O . . . . . . . O . .
 3 . . . . . . . . . . . . .
 2 . . . . . . . . . . . . .
 1 . . . . . . . . . . . . .

koPOSITIONALscoreAREAtaxNONEsui1komi7.5
Time taken: 0.448211
Root visits: 214
New playouts: 73
NN rows: 65
NN batches: 22
NN avg batch size: 2.95455
PV: B7 C9 H11 B9 F11 J4 J3
Tree:
: T 112.36c W  99.89c S  12.25c (+30.4 L +30.1) N     214  --  B7 C9 H11 B9 F11 J4 J3
---White(^)---
B7  : T 112.53c W  99.96c S  12.44c (+30.3 L +29.9) LCB  111.28c P 40.79% WF 395.5 PSV     726 N      75  --  B7 C9 H11 B9 F11 J4 J3
C9  : T 112.88c W  99.78c S  12.68c (+30.9 L +30.9) LCB  109.91c P 22.52% WF 407.6 PSV     406 N      93  --  C9 C5 B7 B6 B4 D4
C7  : T 111.59c W  99.96c S  11.56c (+29.7 L +29.4) LCB  110.40c P 28.00% WF 203.3 PSV     181 N      38  --  C7 C9 H11 H12 B9 K11
C6  : T 108.51c W  99.90c S   9.28c (+28.0 L +27.4) LCB  -40.46c P  2.29% WF   9.9 PSV       5 N       2  --  C6 C9
F11 : T 110.33c W  99.93c S   9.84c (+28.5 L +28.3) LCB  -38.68c P  1.00% WF   9.0 PSV       3 N       2  --  F11 G11
H11 : T 109.42c W  99.99c S   9.43c (+28.3 L +27.8) LCB -240.58c P  1.02% WF   4.0 PSV       3 N       1  --  H11
H10 : T 105.82c W  99.87c S   7.19c (+26.5 L +26.1) LCB  -43.81c P  1.16% WF   8.4 PSV       1 N       2  --  H10 C7

2026-07-17 01:19:59+0100: = B7
2026-07-17 01:20:06+0100: Controller: play B A8
2026-07-17 01:20:06+0100: = 
2026-07-17 01:20:06+0100: Controller: genmove W
2026-07-17 01:20:08+0100: MoveNum: 27 HASH: 7812D3F2B53885292385B43789BDFF63
   A B C D E F G H J K L M N
13 . . . O . . . . . . . . .
12 . . X O X X . . . . . . .
11 . X X O O . . . . . . . .
10 . X O O X X . . . . O . .
 9 X1O @ O . . X . . . . . .
 8 X3X O . . . X . . . . . .
 7 . O2. . . . X . . . . . .
 6 . . . . . . . . . . . . .
 5 . . . . . . . . . . . . .
 4 . . O . . . . . . . O . .
 3 . . . . . . . . . . . . .
 2 . . . . . . . . . . . . .
 1 . . . . . . . . . . . . .

koPOSITIONALscoreAREAtaxNONEsui1komi7.5
Time taken: 1.85164
Root visits: 212
New playouts: 212
NN rows: 204
NN batches: 69
NN avg batch size: 2.95652
PV: C9 A10 C13 C7 B6 B13 A12
Tree:
: T 118.01c W  99.98c S  17.85c (+39.7 L +39.3) N     212  --  C9 A10 C13 C7 B6 B13 A12
---White(^)---
C9  : T 118.87c W  99.98c S  18.73c (+40.4 L +40.1) LCB  118.05c P 53.66% WF 1035.0 PSV    1028 N     165  --  C9 A10 C13 C7 B6 B13 A12
C7  : T 114.95c W 100.00c S  14.74c (+36.7 L +36.3) LCB  111.99c P 20.61% WF  95.3 PSV      61 N      16  --  C7 K11 L11 J12
D7  : T 115.52c W  99.99c S  15.10c (+37.2 L +36.8) LCB  111.59c P 12.36% WF  83.9 PSV      42 N      14  --  D7 K11 L11
C6  : T 114.22c W  99.99c S  13.91c (+36.1 L +35.7) LCB  103.18c P  4.39% WF  46.1 PSV      11 N       8  --  C6 C9 H11
H10 : T 113.94c W  99.97c S  13.82c (+36.9 L +36.4) LCB   85.92c P  0.81% WF  24.1 PSV       2 N       5  --  H10 C7 B6
A7  : T 108.99c W  99.94c S  10.41c (+33.5 L +33.2) LCB  -41.43c P  1.18% WF  10.3 PSV       1 N       2  --  A7 C9

2026-07-17 01:20:08+0100: = C9
2026-07-17 01:20:33+0100: Controller: play B B6
2026-07-17 01:20:33+0100: = 
2026-07-17 01:20:33+0100: Controller: genmove W
2026-07-17 01:20:35+0100: MoveNum: 29 HASH: C68C0D5298264603A1BBA7D3F983B86A
   A B C D E F G H J K L M N
13 . . . O . . . . . . . . .
12 . . X O X X . . . . . . .
11 . X X O O . . . . . . . .
10 . X O O X X . . . . O . .
 9 X O O2O . . X . . . . . .
 8 X1X O . . . X . . . . . .
 7 . O . . . . X . . . . . .
 6 . X3@ . . . . . . . . . .
 5 . . . . . . . . . . . . .
 4 . . O . . . . . . . O . .
 3 . . . . . . . . . . . . .
 2 . . . . . . . . . . . . .
 1 . . . . . . . . . . . . .

koPOSITIONALscoreAREAtaxNONEsui1komi7.5
Time taken: 2.48953
Root visits: 211
New playouts: 209
NN rows: 207
NN batches: 70
NN avg batch size: 2.95714
PV: C6 J3 K7 B5 C5
Tree:
: T 118.47c W  99.98c S  18.49c (+45.5 L +45.0) N     211  --  C6 J3 K7 B5 C5
---White(^)---
C6  : T 118.98c W  99.99c S  19.04c (+46.0 L +45.5) LCB  118.00c P 80.51% WF 1224.5 PSV    1221 N     191  --  C6 J3 K7 B5 C5
C7  : T 114.98c W  99.99c S  14.41c (+41.8 L +41.5) LCB  109.79c P 15.28% WF  64.9 PSV      45 N      12  --  C7 C3 D3
A10 : T 110.47c W  99.99c S  10.61c (+38.8 L +38.3) LCB   67.56c P  2.82% WF  20.4 PSV       4 N       4  --  A10 C5
A7  : T 100.11c W  99.91c S   1.67c (+32.1 L +31.9) LCB  -49.08c P  0.54% WF   8.8 PSV       0 N       2  --  A7 A10
D6  : T  95.87c W  99.58c S  -3.72c (+27.0 L +26.1) LCB -254.13c P  0.08% WF   2.0 PSV       0 N       1  --  D6

2026-07-17 01:20:35+0100: = C6
2026-07-17 01:21:22+0100: Controller: play B A7
2026-07-17 01:21:22+0100: = 
2026-07-17 01:21:22+0100: Controller: genmove W
2026-07-17 01:21:24+0100: MoveNum: 31 HASH: A081088345766786FC9A8B0B079C273A
   A B C D E F G H J K L M N
13 . . . O . . . . . . . . .
12 . . X O X X . . . . . . .
11 . X X O O . . . . . . . .
10 . X O O X X . . . . O . .
 9 X O O O . . X . . . . . .
 8 X X O . . . X . . . . . .
 7 X3O @ . . . X . . . . . .
 6 . X1O2. . . . . . . . . .
 5 . . . . . . . . . . . . .
 4 . . O . . . . . . . O . .
 3 . . . . . . . . . . . . .
 2 . . . . . . . . . . . . .
 1 . . . . . . . . . . . . .

koPOSITIONALscoreAREAtaxNONEsui1komi7.5
Time taken: 1.62769
Root visits: 212
New playouts: 189
NN rows: 180
NN batches: 60
NN avg batch size: 3
PV: C7 C3 B3 D4 D3 C2 E4
Tree:
: T 119.04c W  99.99c S  18.98c (+47.2 L +46.8) N     212  --  C7 C3 B3 D4 D3 C2 E4
---White(^)---
C7  : T 119.44c W  99.99c S  19.39c (+47.5 L +47.1) LCB  118.87c P 64.58% WF 1313.3 PSV    1310 N     200  --  C7 C3 B3 D4 D3 C2 E4
B5  : T 110.01c W  99.91c S  10.31c (+40.0 L +39.9) LCB   90.24c P 18.37% WF  27.5 PSV      25 N       6  --  B5 C7 D7 D6 C5
C5  : T 107.22c W  99.87c S   7.60c (+38.0 L +38.1) LCB   78.82c P 15.67% WF  20.8 PSV      17 N       5  --  C5 C7 D7 B5

2026-07-17 01:21:24+0100: = C7
2026-07-17 01:21:43+0100: Controller: play B B5
2026-07-17 01:21:43+0100: = 
2026-07-17 01:21:43+0100: Controller: genmove W
2026-07-17 01:21:46+0100: MoveNum: 33 HASH: 7B448BA0D75C6EA5D3F243D3645FDCD1
   A B C D E F G H J K L M N
13 . . . O . . . . . . . . .
12 . . X O X X . . . . . . .
11 . X X O O . . . . . . . .
10 . X O O X X . . . . O . .
 9 X O O O . . X . . . . . .
 8 X X O . . . X . . . . . .
 7 X1O O2. . . X . . . . . .
 6 . X O . . . . . . . . . .
 5 . X3. . . . . . . . . . .
 4 . . O . . . . . . . O . .
 3 . . @ . . . . . . . . . .
 2 . . . . . . . . . . . . .
 1 . . . . . . . . . . . . .

koPOSITIONALscoreAREAtaxNONEsui1komi7.5
Time taken: 2.37619
Root visits: 207
New playouts: 205
NN rows: 200
NN batches: 68
NN avg batch size: 2.94118
PV: C3 F4 J3 C5 D5 D4 B4
Tree:
: T 118.20c W  99.98c S  18.01c (+50.5 L +50.1) N     207  --  C3 F4 J3 C5 D5 D4 B4
---White(^)---
C3  : T 118.91c W  99.96c S  18.79c (+51.3 L +51.0) LCB  117.86c P 42.08% WF 651.9 PSV     822 N     101  --  C3 F4 J3 C5 D5 D4 B4
B4  : T 118.31c W 100.00c S  18.10c (+50.3 L +49.7) LCB  117.46c P 48.76% WF 577.5 PSV     457 N      88  --  B4 J3 K7 E4 K3
B3  : T 116.31c W  99.99c S  16.40c (+49.2 L +49.0) LCB  105.21c P  3.49% WF  49.3 PSV      14 N       8  --  B3 C5 D5 D4
D3  : T  98.71c W  99.82c S   1.80c (+37.0 L +37.3) LCB   22.45c P  2.75% WF   8.1 PSV       1 N       3  --  D3 B3 B4
A10 : T 108.04c W  99.91c S   8.33c (+42.8 L +42.8) LCB   33.48c P  0.31% WF  10.3 PSV       0 N       3  --  A10 B4
C5  : T 102.62c W  99.82c S   4.48c (+39.6 L +40.1) LCB  -46.84c P  0.55% WF   6.5 PSV       0 N       2  --  C5 B3
A6  : T 105.89c W  99.96c S   5.92c (+40.9 L +40.7) LCB -244.11c P  0.44% WF   3.3 PSV       0 N       1  --  A6

2026-07-17 01:21:46+0100: = C3
2026-07-17 01:22:45+0100: Controller: play B D6
2026-07-17 01:22:45+0100: = 
2026-07-17 01:22:45+0100: Controller: genmove W
2026-07-17 01:22:47+0100: MoveNum: 35 HASH: 3426901FEC35BCB1DB8FF1DCE4A19F10
   A B C D E F G H J K L M N
13 . . . O . . . . . . . . .
12 . . X O X X . . . . . . .
11 . X X O O . . . . . . . .
10 . X O O X X . . . . O . .
 9 X O O O . . X . . . . . .
 8 X X O . . . X . . . . . .
 7 X O O . . . X . . . . . .
 6 . X O X3. . . . . . . . .
 5 . X1@ . . . . . . . . . .
 4 . . O . . . . . . . O . .
 3 . . O2. . . . . . . . . .
 2 . . . . . . . . . . . . .
 1 . . . . . . . . . . . . .

koPOSITIONALscoreAREAtaxNONEsui1komi7.5
Time taken: 1.91258
Root visits: 206
New playouts: 206
NN rows: 203
NN batches: 69
NN avg batch size: 2.94203
PV: C5 J3 K7 K11 L11
Tree:
: T 122.12c W 100.00c S  21.94c (+56.1 L +55.4) N     206  --  C5 J3 K7 K11 L11
---White(^)---
C5  : T 122.63c W 100.00c S  22.47c (+56.6 L +55.8) LCB  122.08c P 83.50% WF 1222.2 PSV    1218 N     173  --  C5 J3 K7 K11 L11
D5  : T 120.71c W 100.00c S  20.27c (+54.7 L +54.3) LCB  117.94c P  7.77% WF 114.6 PSV      38 N      17  --  D5 C5 E5
E5  : T 119.24c W  99.96c S  18.57c (+53.6 L +53.6) LCB  107.09c P  0.67% WF  42.1 PSV       2 N       8  --  E5 C5 D5
A10 : T 114.45c W 100.00c S  14.77c (+49.5 L +49.0) LCB   40.54c P  0.66% WF  18.1 PSV       1 N       3  --  A10 L8
E6  : T 113.09c W  99.89c S  15.14c (+50.9 L +50.8) LCB  -44.75c P  1.01% WF   9.8 PSV       1 N       2  --  E6 C5
H12 : T 111.56c W  99.85c S  14.20c (+50.6 L +50.6) LCB  -54.43c P  0.83% WF   8.5 PSV       0 N       2  --  H12 C5

2026-07-17 01:22:47+0100: = C5
2026-07-17 01:23:21+0100: Controller: play B C2
2026-07-17 01:23:21+0100: = 
2026-07-17 01:23:21+0100: Controller: genmove W
2026-07-17 01:23:23+0100: MoveNum: 37 HASH: BBF9C77AF6F550B2793E5C7273F930C8
   A B C D E F G H J K L M N
13 . . . O . . . . . . . . .
12 . . X O X X . . . . . . .
11 . X X O O . . . . . . . .
10 . X O O X X . . . . O . .
 9 X O O O . . X . . . . . .
 8 X X O . . . X . . . . . .
 7 X O O . . . X . . . . . .
 6 . X O X1. . . . . . . . .
 5 . X O2. . . . . . . . . .
 4 . . O . . . . . . . O . .
 3 . . O . . . . . . . . . .
 2 . @ X3. . . . . . . . . .
 1 . . . . . . . . . . . . .

koPOSITIONALscoreAREAtaxNONEsui1komi7.5
Time taken: 2.0702
Root visits: 207
New playouts: 207
NN rows: 206
NN batches: 70
NN avg batch size: 2.94286
PV: B2 J3 K3 J4 L6
Tree:
: T 118.81c W 100.00c S  18.84c (+56.5 L +55.8) N     207  --  B2 J3 K3 J4 L6
---White(^)---
B2  : T 119.98c W 100.00c S  19.88c (+57.0 L +56.2) LCB  119.53c P 26.71% WF 675.0 PSV    1129 N      97  --  B2 J3 K3 J4 L6
D2  : T 119.17c W 100.00c S  19.14c (+56.8 L +56.3) LCB  118.56c P 28.26% WF 498.0 PSV     291 N      74  --  D2 B2 B3 E2 E3 D1 D3
F3  : T 115.38c W 100.00c S  15.21c (+53.7 L +53.6) LCB  106.02c P  8.43% WF  51.5 PSV      23 N       9  --  F3 B3 B4 A4 B2
E2  : T 112.29c W  99.99c S  13.43c (+52.3 L +52.4) LCB   82.58c P  8.89% WF  26.3 PSV      15 N       5  --  E2 B3 B4 A4
E3  : T 112.41c W 100.00c S  13.39c (+52.2 L +52.0) LCB   37.87c P  6.09% WF  15.2 PSV      10 N       3  --  E3 B3 B4
H3  : T 112.00c W  99.99c S  14.59c (+53.6 L +53.3) LCB  -42.39c P  1.94% WF  10.3 PSV       3 N       2  --  H3 B3
H10 : T 112.30c W 100.00c S  14.33c (+53.4 L +53.3) LCB  -38.64c P  1.82% WF  10.7 PSV       3 N       2  --  H10 B3
G3  : T 113.06c W  99.99c S  15.07c (+53.9 L +53.7) LCB  -40.25c P  1.74% WF  10.6 PSV       3 N       2  --  G3 B3
J11 : T 113.71c W 100.00c S  15.60c (+54.7 L +54.3) LCB  -39.24c P  1.73% WF  10.4 PSV       3 N       2  --  J11 B3
J4  : T 117.58c W 100.00c S  17.58c (+56.3 L +55.6) LCB -232.42c P  0.81% WF   5.7 PSV       3 N       1  --  J4

2026-07-17 01:23:23+0100: = B2
2026-07-17 01:24:37+0100: Controller: play B D2
2026-07-17 01:24:37+0100: = 
2026-07-17 01:24:37+0100: Controller: genmove W
2026-07-17 01:24:39+0100: MoveNum: 39 HASH: 502EEC49F2290C15BAE858B7A4088933
   A B C D E F G H J K L M N
13 . . . O . . . . . . . . .
12 . . X O X X . . . . . . .
11 . X X O O . . . . . . . .
10 . X O O X X . . . . O . .
 9 X O O O . . X . . . . . .
 8 X X O . . . X . . . . . .
 7 X O O . . . X . . . . . .
 6 . X O X . . . . . . . . .
 5 . X O . . . . . . . . . .
 4 . . O . . . . . . . O . .
 3 . . O . . . . @ . . . . .
 2 . O2X1X3. . . . . . . . .
 1 . . . . . . . . . . . . .

koPOSITIONALscoreAREAtaxNONEsui1komi7.5
Time taken: 1.90537
Root visits: 207
New playouts: 207
NN rows: 205
NN batches: 69
NN avg batch size: 2.97101
PV: H3 B1 B3 F3 G4
Tree:
: T 119.74c W 100.00c S  19.70c (+62.2 L +61.4) N     207  --  H3 B1 B3 F3 G4
---White(^)---
H3  : T 120.22c W 100.00c S  20.19c (+62.8 L +62.0) LCB  119.49c P 36.52% WF 470.3 PSV     501 N      67  --  H3 B1 B3 F3 G4
G3  : T 119.90c W 100.00c S  19.88c (+62.3 L +61.5) LCB  119.32c P 33.78% WF 428.6 PSV     333 N      62  --  G3 J3 G5 K5
H4  : T 119.62c W 100.00c S  19.52c (+62.1 L +61.3) LCB  118.42c P  3.43% WF 217.3 PSV      28 N      32  --  H4 K11 L11 J12
G4  : T 119.16c W 100.00c S  19.18c (+61.6 L +60.7) LCB  116.28c P  4.39% WF 108.4 PSV      28 N      16  --  G4 J3 J4 H3
J3  : T 119.43c W 100.00c S  19.20c (+61.4 L +60.4) LCB  115.66c P  2.42% WF  95.4 PSV      17 N      14  --  J3 G3 K7
H10 : T 117.91c W 100.00c S  17.95c (+60.6 L +59.9) LCB   98.58c P  1.68% WF  40.4 PSV       6 N       6  --  H10 K10
J11 : T 118.27c W 100.00c S  18.41c (+60.8 L +59.8) LCB  -30.69c P  1.15% WF  13.4 PSV       5 N       2  --  J11 H3
K7  : T 118.78c W 100.00c S  18.93c (+61.0 L +60.0) LCB  -30.17c P  1.06% WF  13.6 PSV       5 N       2  --  K7 K4
J4  : T 118.03c W 100.00c S  18.28c (+60.6 L +59.7) LCB  -30.92c P  0.97% WF  13.4 PSV       4 N       2  --  J4 G3
K11 : T 117.81c W 100.00c S  18.06c (+60.3 L +59.4) LCB  -31.15c P  0.82% WF  13.3 PSV       3 N       2  --  K11 H3

2026-07-17 01:24:39+0100: = H3
2026-07-17 01:26:17+0100: Controller: play B D4
2026-07-17 01:26:17+0100: = 
2026-07-17 01:26:17+0100: Controller: genmove W
2026-07-17 01:26:19+0100: MoveNum: 41 HASH: 44BB7EECED00535B1C02837101A1CBE0
   A B C D E F G H J K L M N
13 . . . O . . . . . . . . .
12 . . X O X X . . . . . . .
11 . X X O O . . . . . . . .
10 . X O O X X . . . . O . .
 9 X O O O . . X . . . . . .
 8 X X O . . . X . . . . . .
 7 X O O . . . X . . . . . .
 6 . X O X . . . . . . . . .
 5 . X O . . . . . . . . . .
 4 . . O X3. @ . . . . O . .
 3 . . O . . . . O2. . . . .
 2 . O X X1. . . . . . . . .
 1 . . . . . . . . . . . . .

koPOSITIONALscoreAREAtaxNONEsui1komi7.5
Time taken: 2.12901
Root visits: 206
New playouts: 206
NN rows: 206
NN batches: 70
NN avg batch size: 2.94286
PV: F4 K11 L11 J12 K7
Tree:
: T 120.17c W 100.00c S  20.02c (+68.0 L +67.3) N     206  --  F4 K11 L11 J12 K7
---White(^)---
F4  : T 120.98c W 100.00c S  20.80c (+68.7 L +68.0) LCB  120.19c P 18.20% WF 431.5 PSV     762 N      61  --  F4 K11 L11 J12 K7
G5  : T 120.37c W 100.00c S  20.21c (+68.4 L +67.6) LCB  119.54c P 27.45% WF 398.3 PSV     321 N      57  --  G5 J5 J4 F4
G4  : T 119.82c W 100.00c S  19.48c (+67.5 L +66.8) LCB  118.11c P 22.70% WF 264.9 PSV     182 N      39  --  G4 F5 G5 F6 K7
H10 : T 119.88c W 100.00c S  19.54c (+67.7 L +66.8) LCB  118.24c P  6.92% WF 157.8 PSV      57 N      23  --  H10 J11 J10 K11 F11
F6  : T 118.81c W 100.00c S  18.90c (+66.9 L +66.2) LCB  107.69c P  3.82% WF  53.7 PSV      19 N       8  --  F6 G4 H4 G5
H5  : T 118.35c W 100.00c S  18.74c (+66.6 L +65.9) LCB   44.52c P  1.95% WF  20.5 PSV       8 N       3  --  H5 G4
J11 : T 118.38c W 100.00c S  18.74c (+66.3 L +65.5) LCB   44.55c P  1.78% WF  20.7 PSV       7 N       3  --  J11 G4
K11 : T 118.50c W 100.00c S  19.13c (+66.6 L +65.6) LCB  -30.51c P  1.55% WF  13.8 PSV       7 N       2  --  K11 F4
K7  : T 118.75c W 100.00c S  19.42c (+66.7 L +65.5) LCB  -30.30c P  1.40% WF  13.8 PSV       6 N       2  --  K7 K11
J5  : T 119.64c W 100.00c S  19.64c (+67.1 L +65.7) LCB -230.36c P  0.75% WF   6.9 PSV       5 N       1  --  J5

2026-07-17 01:26:19+0100: = F4
2026-07-17 01:27:48+0100: Controller: play B F5
2026-07-17 01:27:48+0100: = 
2026-07-17 01:27:48+0100: Controller: genmove W
2026-07-17 01:27:50+0100: MoveNum: 43 HASH: 45EF65981593B0410A1F20B517C93BB5
   A B C D E F G H J K L M N
13 . . . O . . . . . . . . .
12 . . X O X X . . . . . . .
11 . X X O O . . . . . . . .
10 . X O O X X . . . . O . .
 9 X O O O . . X . . . . . .
 8 X X O . . . X . . . . . .
 7 X O O . . . X . . . . . .
 6 . X O X . . . . . . . . .
 5 . X O . . X3. . . . . . .
 4 . . O X1@ O2. . . . O . .
 3 . . O . . . . O . . . . .
 2 . O X X . . . . . . . . .
 1 . . . . . . . . . . . . .

koPOSITIONALscoreAREAtaxNONEsui1komi7.5
Time taken: 1.86115
Root visits: 206
New playouts: 204
NN rows: 199
NN batches: 67
NN avg batch size: 2.97015
PV: E4 K11 L11 J3 H4 H2 G2
Tree:
: T 118.40c W 100.00c S  18.24c (+69.0 L +68.3) N     206  --  E4 K11 L11 J3 H4 H2 G2
---White(^)---
E4  : T 119.08c W 100.00c S  19.06c (+69.3 L +68.5) LCB  118.38c P 37.97% WF 640.0 PSV    1224 N      94  --  E4 K11 L11 J3 H4 H2 G2
G5  : T 118.21c W 100.00c S  17.98c (+69.3 L +68.7) LCB  116.79c P 49.74% WF 589.4 PSV     407 N      91  --  G5 G4 H4 E4 F6 F3 G6 E6
E5  : T 117.06c W 100.00c S  16.67c (+67.5 L +66.8) LCB  109.69c P  1.50% WF  61.3 PSV       7 N      10  --  E5 G4 F3
G4  : T 113.15c W 100.00c S  13.42c (+64.8 L +64.2) LCB  -35.81c P  2.85% WF  11.6 PSV       5 N       2  --  G4 E4
F3  : T 115.27c W 100.00c S  15.32c (+66.0 L +65.5) LCB   87.50c P  1.28% WF  31.7 PSV       3 N       5  --  F3 E4
D3  : T 114.07c W 100.00c S  14.33c (+64.8 L +63.8) LCB   40.26c P  0.70% WF  18.4 PSV       1 N       3  --  D3 G4 F3

2026-07-17 01:27:50+0100: = E4
2026-07-17 01:30:56+0100: Controller: play B B1
2026-07-17 01:30:56+0100: = 
2026-07-17 01:30:56+0100: Controller: genmove W
2026-07-17 01:30:59+0100: MoveNum: 45 HASH: ADC72394F536E342B8A18BB9F0A1EF25
   A B C D E F G H J K L M N
13 . . . O . . . . . . . . .
12 . . X O X X . . . . . . .
11 . X X O O . . . . . . . .
10 . X O O X X . . . . O . .
 9 X O O O . . X . . . . . .
 8 X X O . . . X . . . . . .
 7 X O O . . . X . . . . . .
 6 . X O X . . . . . . . . .
 5 . X O . . X1. . . . . . .
 4 . . O X O2O . . . . O . .
 3 . @ O . . . . O . . . . .
 2 . O X X . . . . . . . . .
 1 . X3. . . . . . . . . . .

koPOSITIONALscoreAREAtaxNONEsui1komi7.5
Time taken: 2.46346
Root visits: 206
New playouts: 206
NN rows: 201
NN batches: 69
NN avg batch size: 2.91304
PV: B3 K11 L11 K3 L3 L2
Tree:
: T 121.76c W 100.00c S  21.61c (+70.0 L +69.2) N     206  --  B3 K11 L11 K3 L3 L2
---White(^)---
B3  : T 122.29c W 100.00c S  22.12c (+70.5 L +69.8) LCB  121.81c P 69.29% WF 929.1 PSV     925 N     130  --  B3 K11 L11 K3 L3 L2
B4  : T 121.37c W 100.00c S  21.17c (+69.5 L +68.6) LCB  120.35c P 20.10% WF 274.6 PSV     144 N      39  --  B4 K11 L11 L12 K10
A2  : T 120.83c W 100.00c S  20.89c (+69.2 L +68.3) LCB  118.33c P  5.69% WF 125.7 PSV      32 N      18  --  A2 K11 L11 J3
A3  : T 121.01c W 100.00c S  21.01c (+69.3 L +68.4) LCB  117.68c P  2.10% WF 102.6 PSV      12 N      15  --  A3 K11 L11 K3
A4  : T 107.48c W 100.00c S   7.48c (+57.6 L +56.4) LCB -242.58c P  0.31% WF   4.9 PSV       0 N       1  --  A4
H10 : T 109.06c W 100.00c S   9.06c (+59.1 L +58.3) LCB -240.94c P  0.17% WF   4.2 PSV       0 N       1  --  H10
J11 : T 110.36c W 100.00c S  10.36c (+60.2 L +59.2) LCB -239.64c P  0.14% WF   4.3 PSV       0 N       1  --  J11

2026-07-17 01:30:59+0100: = B3
2026-07-17 01:35:33+0100: Controller: play B G4
2026-07-17 01:35:33+0100: = 
2026-07-17 01:35:33+0100: Controller: genmove W
2026-07-17 01:35:36+0100: MoveNum: 47 HASH: 75F574127CF2CA9011A4715081B6FC75
   A B C D E F G H J K L M N
13 . . . O . . . . . . . . .
12 . . X O X X . . . . . . .
11 . X X O O . . . . . . . .
10 . X O O X X . . . . O . .
 9 X O O O . . X . . . . . .
 8 X X O . . . X . . . . . .
 7 X O O . . . X . . . . . .
 6 . X O X . . . . . . . . .
 5 . X O . . X . . . . . . .
 4 . . O X O O X3. . . O . .
 3 . O2O . . . @ O . . . . .
 2 . O X X . . . . . . . . .
 1 . X1. . . . . . . . . . .

koPOSITIONALscoreAREAtaxNONEsui1komi7.5
Time taken: 2.42057
Root visits: 205
New playouts: 205
NN rows: 193
NN batches: 64
NN avg batch size: 3.01562
PV: G3 K4 K3 L5 J4 K5 M4 L3 M3
Tree:
: T 121.17c W 100.00c S  20.92c (+70.9 L +70.3) N     205  --  G3 K4 K3 L5 J4 K5 M4
---White(^)---
G3  : T 121.61c W 100.00c S  21.39c (+71.3 L +70.7) LCB  121.02c P 96.07% WF 1324.1 PSV    1321 N     189  --  G3 K4 K3 L5 J4 K5 M4 L3
F3  : T 113.92c W 100.00c S  13.46c (+64.1 L +63.5) LCB   86.07c P  0.26% WF  20.4 PSV       0 N       5  --  F3 K4 K3
F2  : T 112.24c W 100.00c S  12.40c (+63.5 L +63.3) LCB   69.00c P  0.26% WF  15.1 PSV       0 N       4  --  F2 D3
G2  : T 108.77c W 100.00c S   8.68c (+60.7 L +60.8) LCB   34.84c P  0.22% WF   8.8 PSV       0 N       3  --  G2 F3
G5  : T 107.99c W 100.00c S   7.99c (+60.2 L +59.4) LCB -242.01c P  0.29% WF   4.2 PSV       0 N       1  --  G5
H4  : T 107.77c W 100.00c S   7.77c (+60.0 L +59.0) LCB -242.23c P  0.26% WF   4.4 PSV       0 N       1  --  H4
H5  : T 106.35c W 100.00c S   6.35c (+58.8 L +57.9) LCB -243.65c P  0.17% WF   4.2 PSV       0 N       1  --  H5

2026-07-17 01:35:36+0100: = G3
2026-07-17 01:41:10+0100: Controller: play B E3
2026-07-17 01:41:10+0100: = 
2026-07-17 01:41:10+0100: Controller: genmove W
2026-07-17 01:41:12+0100: MoveNum: 49 HASH: 7DE8AE8AFF247A926E5F885C944D6FF3
   A B C D E F G H J K L M N
13 . . . O . . . . . . . . .
12 . . X O X X . . . . . . .
11 . X X O O . . . . . . . .
10 . X O O X X . . . . O . .
 9 X O O O . . X . . . . . .
 8 X X O . . . X . . . . . .
 7 X O O . . . X . . . . . .
 6 . X O X . . . . . . . . .
 5 . X O . @ X . . . . . . .
 4 . . O X O O X1. . . O . .
 3 . O O . X3. O2O . . . . .
 2 . O X X . . . . . . . . .
 1 . X . . . . . . . . . . .

koPOSITIONALscoreAREAtaxNONEsui1komi7.5
Time taken: 2.08212
Root visits: 205
New playouts: 205
NN rows: 200
NN batches: 68
NN avg batch size: 2.94118
PV: E5 K4 K3 K11 L11 L5
Tree:
: T 120.64c W 100.00c S  20.37c (+74.6 L +74.0) N     205  --  E5 K4 K3 K11 L11 L5
---White(^)---
E5  : T 121.29c W 100.00c S  21.07c (+75.1 L +74.5) LCB  120.43c P 36.27% WF 616.8 PSV     735 N      87  --  E5 K4 K3 K11 L11 L5
G5  : T 120.91c W 100.00c S  20.56c (+75.1 L +74.6) LCB  119.79c P 31.71% WF 381.5 PSV     369 N      56  --  G5 H4 J4 H5 J5 H6 F3
H4  : T 119.47c W 100.00c S  19.23c (+73.6 L +73.0) LCB  116.65c P 21.40% WF 213.2 PSV     114 N      33  --  H4 D5 D3 G5 F3 L5
F3  : T 119.22c W 100.00c S  19.23c (+72.9 L +72.0) LCB  113.31c P  5.98% WF  74.9 PSV      29 N      11  --  F3 K4 K5
D5  : T 119.66c W 100.00c S  19.32c (+73.1 L +72.3) LCB  115.20c P  0.85% WF  84.5 PSV       4 N      13  --  D5 K11 L11 L12
F6  : T 118.10c W 100.00c S  17.39c (+71.9 L +71.2) LCB   74.83c P  0.35% WF  23.1 PSV       1 N       4  --  F6 E5 F3

2026-07-17 01:41:12+0100: = E5
2026-07-17 01:43:00+0100: Controller: play B G5
2026-07-17 01:43:00+0100: = 
2026-07-17 01:43:00+0100: Controller: genmove W
2026-07-17 01:43:01+0100: MoveNum: 51 HASH: 6A5E3EF0EBBD58514075B5182189E5B5
   A B C D E F G H J K L M N
13 . . . O . . . . . . . . .
12 . . X O X X . . . . . . .
11 . X X O O . . . . . . . .
10 . X O O X X . . . . O . .
 9 X O O O . . X . . . . . .
 8 X X O . . . X . . . . . .
 7 X O O . . . X . . . . . .
 6 . X O X . . . . . . . . .
 5 . X O . O2X X3. . . . . .
 4 . . O X O O X . . @ O . .
 3 . O O . X1. O O . . . . .
 2 . O X X . . . . . . . . .
 1 . X . . . . . . . . . . .

koPOSITIONALscoreAREAtaxNONEsui1komi7.5
Time taken: 1.02628
Root visits: 206
New playouts: 206
NN rows: 202
NN batches: 69
NN avg batch size: 2.92754
PV: K4 L8 K11 J12 H10
Tree:
: T 121.46c W 100.00c S  21.28c (+77.6 L +76.9) N     206  --  K4 L8 K11 J12 H10
---White(^)---
K4  : T 122.55c W 100.00c S  22.13c (+78.2 L +77.5) LCB  121.34c P 12.59% WF 391.2 PSV     928 N      55  --  K4 L8 K11 J12 H10
J4  : T 121.88c W 100.00c S  21.71c (+78.0 L +77.3) LCB  121.08c P 43.14% WF 599.7 PSV     598 N      85  --  J4 K5 L5 K11 L11
J5  : T 120.95c W 100.00c S  20.75c (+77.3 L +76.7) LCB  119.70c P 18.32% WF 268.9 PSV     133 N      39  --  J5 L3 K4 K11 L11
K3  : T 120.03c W 100.00c S  19.61c (+75.4 L +74.6) LCB  112.78c P  2.81% WF  67.1 PSV      14 N      10  --  K3 J4 H4
E6  : T 117.00c W 100.00c S  17.47c (+73.6 L +73.1) LCB   43.08c P  3.43% WF  19.7 PSV       8 N       3  --  E6 K4
K11 : T 116.82c W 100.00c S  18.20c (+75.5 L +74.9) LCB  -33.45c P  2.58% WF  12.4 PSV       6 N       2  --  K11 K3
J11 : T 117.46c W 100.00c S  18.76c (+76.1 L +75.5) LCB  -32.78c P  2.34% WF  12.8 PSV       6 N       2  --  J11 K3
H4  : T 120.48c W 100.00c S  20.48c (+76.6 L +75.5) LCB -229.52c P  0.75% WF   7.0 PSV       4 N       1  --  H4
L7  : T 115.74c W 100.00c S  17.43c (+74.2 L +73.7) LCB  -35.80c P  1.64% WF  12.1 PSV       3 N       2  --  L7 F3
K7  : T 117.35c W 100.00c S  18.49c (+75.3 L +74.8) LCB  -32.80c P  1.54% WF  12.7 PSV       3 N       2  --  K7 K3

2026-07-17 01:43:01+0100: = K4
2026-07-17 01:48:45+0100: Controller: play B E6
2026-07-17 01:48:45+0100: = 
2026-07-17 01:48:45+0100: Controller: genmove W
2026-07-17 01:48:47+0100: MoveNum: 53 HASH: DF954643275973829B3448DD966A8357
   A B C D E F G H J K L M N
13 . . . O . . . . . . . . .
12 . . X O X X . . . . . . .
11 . X X O O . . . . . . . .
10 . X O O X X . . . . O . .
 9 X O O O . . X . . . . . .
 8 X X O . . . X . . . . . .
 7 X O O . . . X . . . . . .
 6 . X O X X3. . . . . . . .
 5 . X O @ O X X1. . . . . .
 4 . . O X O O X . . O2O . .
 3 . O O . X . O O . . . . .
 2 . O X X . . . . . . . . .
 1 . X . . . . . . . . . . .

koPOSITIONALscoreAREAtaxNONEsui1komi7.5
Time taken: 2.18253
Root visits: 206
New playouts: 204
NN rows: 204
NN batches: 68
NN avg batch size: 3
PV: D5 L8 J11 H12 J12 L6 M5
Tree:
: T 121.27c W 100.00c S  21.07c (+78.5 L +77.6) N     206  --  D5 L8 J11 H12 J12 L6 M5
---White(^)---
D5  : T 121.72c W 100.00c S  21.57c (+78.8 L +78.0) LCB  121.06c P 91.07% WF 1376.9 PSV    1374 N     191  --  D5 L8 J11 H12 J12 L6 M5
F3  : T 116.71c W 100.00c S  16.47c (+74.3 L +73.5) LCB  102.33c P  2.52% WF  45.2 PSV       6 N       7  --  F3 L8 J11
D3  : T 114.37c W 100.00c S  14.67c (+73.0 L +72.3) LCB   40.47c P  0.71% WF  18.6 PSV       1 N       3  --  D3 L8
K7  : T 102.73c W 100.00c S   2.73c (+64.3 L +63.4) LCB -247.27c P  0.84% WF   4.8 PSV       0 N       1  --  K7
K8  : T 102.44c W 100.00c S   2.44c (+63.9 L +63.1) LCB -247.56c P  0.48% WF   4.5 PSV       0 N       1  --  K8
K11 : T 101.08c W 100.00c S   1.08c (+62.6 L +61.7) LCB -248.92c P  0.35% WF   4.4 PSV       0 N       1  --  K11

2026-07-17 01:48:47+0100: = D5
2026-07-17 01:51:56+0100: Controller: play B M10
2026-07-17 01:51:56+0100: = 
2026-07-17 01:51:56+0100: Controller: genmove W
2026-07-17 01:51:57+0100: MoveNum: 55 HASH: 75DFD85B2C3108DE1E85EDB646681513
   A B C D E F G H J K L M N
13 . . . O . . . . . . . . .
12 . . X O X X . . . . . . .
11 . X X O O . . . . @ . . .
10 . X O O X X . . . . O X3.
 9 X O O O . . X . . . . . .
 8 X X O . . . X . . . . . .
 7 X O O . . . X . . . . . .
 6 . X O X X1. . . . . . . .
 5 . X O O2O X X . . . . . .
 4 . . O X O O X . . O O . .
 3 . O O . X . O O . . . . .
 2 . O X X . . . . . . . . .
 1 . X . . . . . . . . . . .

koPOSITIONALscoreAREAtaxNONEsui1komi7.5
Time taken: 1.67573
Root visits: 205
New playouts: 205
NN rows: 197
NN batches: 67
NN avg batch size: 2.9403
PV: K11 L9 K9 K8 M9 L8
Tree:
: T 120.14c W 100.00c S  19.96c (+79.8 L +79.1) N     205  --  K11 L9 K9 K8 M9 L8
---White(^)---
K11 : T 120.90c W 100.00c S  20.56c (+80.4 L +79.6) LCB  118.98c P  6.46% WF 268.5 PSV     774 N      38  --  K11 L9 K9 K8 M9 L8
M9  : T 119.87c W 100.00c S  19.79c (+79.4 L +78.8) LCB  118.63c P 55.79% WF 524.1 PSV     526 N      77  --  M9 M11 L11 L9 M8 L12 K12 M12
L9  : T 120.61c W 100.00c S  20.19c (+80.5 L +79.7) LCB  118.78c P 11.61% WF 256.6 PSV     214 N      37  --  L9 M9 L8 L11 K11 L12 H10
L11 : T 120.09c W 100.00c S  19.86c (+79.7 L +78.9) LCB  118.17c P 11.96% WF 201.5 PSV     132 N      29  --  L11 L9 K9 L8 M11 L6
M11 : T 119.60c W 100.00c S  19.82c (+79.2 L +78.5) LCB  116.04c P  5.50% WF 111.4 PSV      43 N      16  --  M11 M9 K11 L9 H12
K9  : T 117.34c W 100.00c S  18.13c (+78.5 L +77.4) LCB  -31.83c P  1.20% WF  13.2 PSV       4 N       2  --  K9 M9
H10 : T 118.20c W 100.00c S  18.76c (+78.9 L +78.0) LCB  -30.86c P  0.95% WF  13.5 PSV       4 N       2  --  H10 L11
K10 : T 118.62c W 100.00c S  18.62c (+78.9 L +77.1) LCB -231.38c P  0.74% WF   6.7 PSV       3 N       1  --  K10
L8  : T 116.80c W 100.00c S  17.57c (+77.4 L +76.5) LCB  -32.52c P  0.92% WF  13.1 PSV       2 N       2  --  L8 L11

2026-07-17 01:51:57+0100: = K11
2026-07-17 01:55:04+0100: Controller: play B L9
2026-07-17 01:55:04+0100: = 
2026-07-17 01:55:04+0100: Controller: genmove W
2026-07-17 01:55:06+0100: MoveNum: 57 HASH: 7F5062BCA5B25D1D76FCFBB3526A7EAA
   A B C D E F G H J K L M N
13 . . . O . . . . . . . . .
12 . . X O X X . . . . . . .
11 . X X O O . . . . O2. @ .
10 . X O O X X . . . . O X1.
 9 X O O O . . X . . . X3. .
 8 X X O . . . X . . . . . .
 7 X O O . . . X . . . . . .
 6 . X O X X . . . . . . . .
 5 . X O O O X X . . . . . .
 4 . . O X O O X . . O O . .
 3 . O O . X . O O . . . . .
 2 . O X X . . . . . . . . .
 1 . X . . . . . . . . . . .

koPOSITIONALscoreAREAtaxNONEsui1komi7.5
Time taken: 1.8751
Root visits: 206
New playouts: 194
NN rows: 178
NN batches: 60
NN avg batch size: 2.96667
PV: M11 M9 H12 L6 K9 K8
Tree:
: T 120.60c W 100.00c S  20.18c (+80.2 L +79.5) N     206  --  M11 M9 H12 L6 K9 K8
---White(^)---
M11 : T 120.85c W 100.00c S  20.45c (+79.5 L +78.8) LCB  119.77c P 37.90% WF 608.0 PSV     983 N      86  --  M11 M9 H12 L6 K9 K8
K9  : T 120.69c W 100.00c S  20.29c (+81.0 L +80.4) LCB  119.57c P 53.24% WF 759.9 PSV     760 N     111  --  K9 M9 M11 K8 J9 L6 J8
H10 : T 117.28c W 100.00c S  17.78c (+77.4 L +77.0) LCB   74.34c P  1.92% WF  25.9 PSV       6 N       4  --  H10 K9
H12 : T 115.47c W 100.00c S  16.85c (+76.7 L +75.8) LCB  -33.98c P  1.68% WF  12.7 PSV       3 N       2  --  H12 M11
F11 : T 116.38c W 100.00c S  17.71c (+77.3 L +76.3) LCB  -33.15c P  0.89% WF  13.1 PSV       2 N       2  --  F11 G11

2026-07-17 01:55:06+0100: = M11
2026-07-17 01:59:33+0100: Controller: play B K10
2026-07-17 01:59:33+0100: = 
2026-07-17 01:59:33+0100: Controller: genmove W
2026-07-17 01:59:35+0100: MoveNum: 59 HASH: 60CE796B23AFD50F418232CCA75796A1
   A B C D E F G H J K L M N
13 . . . O . . . . . . . . .
12 . . X O X X . . . . . . .
11 . X X O O . . . . O @ O2.
10 . X O O X X . . . X3O X .
 9 X O O O . . X . . . X1. .
 8 X X O . . . X . . . . . .
 7 X O O . . . X . . . . . .
 6 . X O X X . . . . . . . .
 5 . X O O O X X . . . . . .
 4 . . O X O O X . . O O . .
 3 . O O . X . O O . . . . .
 2 . O X X . . . . . . . . .
 1 . X . . . . . . . . . . .

koPOSITIONALscoreAREAtaxNONEsui1komi7.5
Time taken: 1.52421
Root visits: 205
New playouts: 193
NN rows: 187
NN batches: 63
NN avg batch size: 2.96825
PV: L11 L6 K9 L8 H10 M5
Tree:
: T 120.32c W 100.00c S  20.16c (+79.3 L +78.7) N     205  --  L11 L6 K9 L8 H10 M5
---White(^)---
L11 : T 120.41c W 100.00c S  20.26c (+79.4 L +78.8) LCB  119.79c P 96.64% WF 1431.2 PSV    1431 N     203  --  L11 L6 K9 L8 H10 M5
F11 : T 102.24c W 100.00c S   2.24c (+66.3 L +64.9) LCB -247.76c P  0.30% WF   5.5 PSV       0 N       1  --  F11

2026-07-17 01:59:35+0100: = L11
2026-07-17 02:01:15+0100: Controller: play B J11
2026-07-17 02:01:15+0100: = 
2026-07-17 02:01:15+0100: Controller: genmove W
2026-07-17 02:01:17+0100: MoveNum: 61 HASH: C8F89553C8831714B9F7132BFE12CA53
   A B C D E F G H J K L M N
13 . . . O . . . . . . . . .
12 . . X O X X . . . . . . .
11 . X X O O . . . X3O O2O .
10 . X O O X X . . . X1O X .
 9 X O O O . . X . . @ X . .
 8 X X O . . . X . . . . . .
 7 X O O . . . X . . . . . .
 6 . X O X X . . . . . . . .
 5 . X O O O X X . . . . . .
 4 . . O X O O X . . O O . .
 3 . O O . X . O O . . . . .
 2 . O X X . . . . . . . . .
 1 . X . . . . . . . . . . .

koPOSITIONALscoreAREAtaxNONEsui1komi7.5
Time taken: 1.84751
Root visits: 206
New playouts: 206
NN rows: 199
NN batches: 67
NN avg batch size: 2.97015
PV: K9 J10 L8 L6 K7 K6 J6 J5
Tree:
: T 123.39c W 100.00c S  23.08c (+84.4 L +83.8) N     206  --  K9 J10 L8 L6 K7 K6 J6
---White(^)---
K9  : T 124.05c W 100.00c S  23.66c (+85.1 L +84.5) LCB  122.84c P 77.52% WF 1194.7 PSV    1189 N     169  --  K9 J10 L8 L6 K7 K6 J6 J5
M9  : T 121.78c W 100.00c S  21.48c (+82.0 L +81.5) LCB  118.04c P  5.25% WF 112.0 PSV      24 N      16  --  M9 M8 K9 N9 J10
J12 : T 120.53c W 100.00c S  20.82c (+80.8 L +79.9) LCB  113.07c P  6.60% WF  69.5 PSV      22 N      10  --  J12 J10 H12 L6
J10 : T 118.52c W 100.00c S  18.58c (+79.6 L +78.8) LCB   98.73c P  5.57% WF  38.7 PSV      13 N       6  --  J10 K9 J12
L7  : T 116.26c W 100.00c S  18.08c (+78.5 L +77.8) LCB  -34.64c P  0.58% WF  12.9 PSV       1 N       2  --  L7 J10
L8  : T 114.78c W 100.00c S  16.09c (+77.1 L +76.3) LCB  -34.43c P  0.54% WF  12.5 PSV       0 N       2  --  L8 K9

2026-07-17 02:01:17+0100: = K9
2026-07-17 02:02:26+0100: Controller: play B K8
2026-07-17 02:02:26+0100: = 
2026-07-17 02:02:26+0100: Controller: genmove W
2026-07-17 02:02:28+0100: MoveNum: 63 HASH: 58B122604C1DAE7FE5D71F81A7637C7B
   A B C D E F G H J K L M N
13 . . . O . . . . . . . . .
12 . . X O X X . . . . . . .
11 . X X O O . . . X1O O O .
10 . X O O X X . . @ X O X .
 9 X O O O . . X . . O2X . .
 8 X X O . . . X . . X3. . .
 7 X O O . . . X . . . . . .
 6 . X O X X . . . . . . . .
 5 . X O O O X X . . . . . .
 4 . . O X O O X . . O O . .
 3 . O O . X . O O . . . . .
 2 . O X X . . . . . . . . .
 1 . X . . . . . . . . . . .

koPOSITIONALscoreAREAtaxNONEsui1komi7.5
Time taken: 1.76169
Root visits: 206
New playouts: 200
NN rows: 197
NN batches: 66
NN avg batch size: 2.98485
PV: J10 J9 H11 H10 J12 K10 F11
Tree:
: T 120.71c W 100.00c S  20.48c (+87.0 L +86.3) N     206  --  J10 J9 H11 H10 J12 K10 F11
---White(^)---
J10 : T 120.96c W 100.00c S  20.70c (+87.2 L +86.5) LCB  120.21c P 94.34% WF 1417.2 PSV    1416 N     200  --  J10 J9 H11 H10 J12 K10 F11
M9  : T 108.95c W 100.00c S  10.41c (+78.5 L +77.8) LCB  -40.30c P  1.46% WF  12.1 PSV       1 N       2  --  M9 J9
J9  : T 109.08c W 100.00c S  10.90c (+79.1 L +78.4) LCB  -42.47c P  0.61% WF  10.8 PSV       0 N       2  --  J9 J10
J12 : T 112.24c W 100.00c S  12.24c (+79.7 L +77.8) LCB -237.76c P  0.54% WF   6.5 PSV       0 N       1  --  J12

2026-07-17 02:02:28+0100: = J10
2026-07-17 02:08:52+0100: Controller: play B J9
2026-07-17 02:08:52+0100: = 
2026-07-17 02:08:52+0100: Controller: genmove W
2026-07-17 02:08:53+0100: MoveNum: 65 HASH: 71858CC16348832D60D7838B8262A2E7
   A B C D E F G H J K L M N
13 . . . O . . . . . . . . .
12 . . X O X X . . . . . . .
11 . X X O O . . . X O O O .
10 . X O O X X . @ O2. O X .
 9 X O O O . . X . X3O X . .
 8 X X O . . . X . . X1. . .
 7 X O O . . . X . . . . . .
 6 . X O X X . . . . . . . .
 5 . X O O O X X . . . . . .
 4 . . O X O O X . . O O . .
 3 . O O . X . O O . . . . .
 2 . O X X . . . . . . . . .
 1 . X . . . . . . . . . . .

koPOSITIONALscoreAREAtaxNONEsui1komi7.5
Time taken: 1.36106
Root visits: 206
New playouts: 139
NN rows: 130
NN batches: 44
NN avg batch size: 2.95455
PV: H10 F11 M9 K10 H12
Tree:
: T 120.81c W 100.00c S  20.48c (+86.2 L +85.4) N     206  --  H10 F11 M9 K10 H12
---White(^)---
H10 : T 121.52c W 100.00c S  21.14c (+87.0 L +86.4) LCB  120.35c P 30.19% WF 603.6 PSV     600 N      85  --  H10 F11 M9 K10 H12
H11 : T 121.05c W 100.00c S  20.59c (+86.4 L +85.6) LCB  119.86c P 28.89% WF 502.8 PSV     350 N      70  --  H11 H10 J12 K10 F11 G11
M9  : T 118.81c W 100.00c S  18.76c (+84.2 L +83.3) LCB  116.76c P 26.06% WF 205.3 PSV     110 N      30  --  M9 K10 H10 M8 H11 N9
J12 : T 120.70c W 100.00c S  20.44c (+85.7 L +84.6) LCB  117.44c P  6.01% WF 107.6 PSV      56 N      15  --  J12 M8 H10
K10 : T 116.02c W 100.00c S  16.91c (+82.7 L +81.8) LCB  -33.58c P  2.39% WF  13.3 PSV       5 N       2  --  K10 M8
H9  : T 116.57c W 100.00c S  17.93c (+84.8 L +84.3) LCB  -32.84c P  2.00% WF  12.4 PSV       5 N       2  --  H9 K10

2026-07-17 02:08:53+0100: = H10
2026-07-17 02:10:22+0100: Controller: play B K12
2026-07-17 02:10:22+0100: = 
2026-07-17 02:10:22+0100: Controller: genmove W
2026-07-17 02:10:23+0100: MoveNum: 67 HASH: 7B730EBD40739DF0022BAAF6DE847CCA
   A B C D E F G H J K L M N
13 . . . O . . . . . . . . .
12 . . X O X X . . . X3. . .
11 . X X O O @ . . X O O O .
10 . X O O X X . O2O . O X .
 9 X O O O . . X . X1O X . .
 8 X X O . . . X . . X . . .
 7 X O O . . . X . . . . . .
 6 . X O X X . . . . . . . .
 5 . X O O O X X . . . . . .
 4 . . O X O O X . . O O . .
 3 . O O . X . O O . . . . .
 2 . O X X . . . . . . . . .
 1 . X . . . . . . . . . . .

koPOSITIONALscoreAREAtaxNONEsui1komi7.5
Time taken: 1.58449
Root visits: 206
New playouts: 206
NN rows: 194
NN batches: 66
NN avg batch size: 2.93939
PV: F11 A12 B13 K10 H11 M9
Tree:
: T 122.61c W 100.00c S  22.21c (+93.6 L +93.1) N     206  --  F11 A12 B13 K10 H11 M9
---White(^)---
F11 : T 123.28c W 100.00c S  22.71c (+93.9 L +93.4) LCB  122.01c P 38.49% WF 489.3 PSV     487 N      68  --  F11 A12 B13 K10 H11 M9
H11 : T 122.72c W 100.00c S  22.46c (+93.6 L +93.1) LCB  121.70c P 31.90% WF 476.6 PSV     272 N      66  --  H11 F11 H9 J7 M9
H9  : T 122.99c W 100.00c S  22.49c (+94.7 L +94.2) LCB  121.03c P 14.58% WF 280.4 PSV     147 N      40  --  H9 J8 H11 F11 H8
M9  : T 121.30c W 100.00c S  21.08c (+92.1 L +91.5) LCB  117.96c P  9.00% WF 126.0 PSV      42 N      18  --  M9 K10 H11 M8 N10 F11
J12 : T 119.90c W 100.00c S  19.65c (+90.6 L +90.0) LCB  105.37c P  1.02% WF  44.1 PSV       3 N       7  --  J12 H11 H12
K10 : T 118.26c W 100.00c S  18.21c (+88.9 L +88.2) LCB   75.32c P  1.14% WF  26.8 PSV       2 N       4  --  K10 F11 H12
J8  : T 117.84c W 100.00c S  19.00c (+91.1 L +90.5) LCB  -31.16c P  0.87% WF  12.5 PSV       1 N       2  --  J8 K10

2026-07-17 02:10:23+0100: = F11
2026-07-17 02:14:47+0100: Controller: play B M12
2026-07-17 02:14:47+0100: = 
2026-07-17 02:14:47+0100: Controller: genmove W
2026-07-17 02:14:50+0100: MoveNum: 69 HASH: 3B8AD4F2F0CEDC8045C821442E47FDA1
   A B C D E F G H J K L M N
13 . . . O . . . . . . . . .
12 . . X O X X . . . X1. X3.
11 . X X O O O2. . X O O O .
10 . X O O X X . O O . O X .
 9 X O O O . . X . X O X @ .
 8 X X O . . . X . . X . . .
 7 X O O . . . X . . . . . .
 6 . X O X X . . . . . . . .
 5 . X O O O X X . . . . . .
 4 . . O X O O X . . O O . .
 3 . O O . X . O O . . . . .
 2 . O X X . . . . . . . . .
 1 . X . . . . . . . . . . .

koPOSITIONALscoreAREAtaxNONEsui1komi7.5
Time taken: 2.30219
Root visits: 206
New playouts: 206
NN rows: 194
NN batches: 66
NN avg batch size: 2.93939
PV: M9 K10 H11 M8 N10 L6 K9 M5
Tree:
: T 122.19c W 100.00c S  21.74c (+100.8 L +100.3) N     206  --  M9 K10 H11 M8 N10 L6 K9
---White(^)---
M9  : T 123.30c W 100.00c S  22.66c (+101.8 L +101.2) LCB  122.34c P 49.78% WF 1087.8 PSV    1078 N     151  --  M9 K10 H11 M8 N10 L6 K9 M5
K10 : T 118.14c W 100.00c S  18.72c (+96.4 L +95.9) LCB  113.18c P 28.26% WF  98.0 PSV      73 N      15  --  K10 M9 N11 H11
H9  : T 120.50c W 100.00c S  20.22c (+100.3 L +100.2) LCB  118.29c P  8.57% WF 131.9 PSV      37 N      21  --  H9 K10 M9 K9 H11 J12
H11 : T 118.02c W 100.00c S  18.75c (+96.7 L +96.4) LCB  111.73c P  9.41% WF  72.9 PSV      23 N      11  --  H11 M9 H9 J7
J8  : T 116.11c W 100.00c S  15.73c (+95.1 L +94.8) LCB   86.53c P  0.93% WF  24.5 PSV       1 N       5  --  J8 K10 H11
L8  : T 112.41c W 100.00c S  13.87c (+93.2 L +93.1) LCB  -37.88c P  0.43% WF  10.1 PSV       0 N       2  --  L8 K10

2026-07-17 02:14:50+0100: = M9
2026-07-17 02:15:31+0100: Controller: play B M8
2026-07-17 02:15:31+0100: = 
2026-07-17 02:15:31+0100: Controller: genmove W
2026-07-17 02:15:32+0100: MoveNum: 71 HASH: 551C8DF3C6AF1F5C3A02DD1A986F0F7E
   A B C D E F G H J K L M N
13 . . . O . . . . . . . . .
12 . . X O X X . . . X . X1.
11 . X X O O O . . X O O O .
10 . X O O X X . O O . O X .
 9 X O O O . . X . X O X O2.
 8 X X O . . . X . . X @ X3.
 7 X O O . . . X . . . . . .
 6 . X O X X . . . . . . . .
 5 . X O O O X X . . . . . .
 4 . . O X O O X . . O O . .
 3 . O O . X . O O . . . . .
 2 . O X X . . . . . . . . .
 1 . X . . . . . . . . . . .

koPOSITIONALscoreAREAtaxNONEsui1komi7.5
Time taken: 1.65196
Root visits: 206
New playouts: 206
NN rows: 205
NN batches: 69
NN avg batch size: 2.97101
PV: L8 L7 L9 K7 H9 J5 M6 M7 L6
Tree:
: T 117.63c W 100.00c S  17.11c (+109.1 L +108.7) N     206  --  L8 L7 L9 K7 H9 J5 M6
---White(^)---
L8  : T 118.07c W 100.00c S  17.51c (+109.5 L +109.1) LCB  116.93c P 98.10% WF 1232.3 PSV    1230 N     191  --  L8 L7 L9 K7 H9 J5 M6 M7
H9  : T 106.88c W 100.00c S   6.59c (+98.9 L +98.8) LCB   76.62c P  0.12% WF  12.9 PSV       0 N       5  --  H9 K10 N10 K9
N10 : T 104.82c W 100.00c S   5.32c (+98.1 L +98.0) LCB   61.74c P  0.19% WF  12.2 PSV       0 N       4  --  N10 G11
H11 : T  96.01c W 100.00c S  -2.15c (+92.6 L +91.8) LCB  -53.81c P  0.12% WF   5.0 PSV       0 N       2  --  H11 N9
J8  : T  99.54c W 100.00c S   1.30c (+93.5 L +93.3) LCB  -77.50c P  0.11% WF   4.5 PSV       0 N       2  --  J8 K10
K10 : T 100.34c W 100.00c S   0.34c (+94.4 L +93.3) LCB -249.66c P  0.08% WF   3.2 PSV       0 N       1  --  K10

2026-07-17 02:15:32+0100: = L8
2026-07-17 02:17:30+0100: Controller: play B L7
2026-07-17 02:17:30+0100: = 
2026-07-17 02:17:30+0100: Controller: genmove W
2026-07-17 02:17:31+0100: MoveNum: 73 HASH: CDC52448FF9480A8673971828384BE21
   A B C D E F G H J K L M N
13 . . . O . . . . . . . . .
12 . . X O X X . . . X . X .
11 . X X O O O . . X O O O .
10 . X O O X X . O O . O X .
 9 X O O O . . X . X O @ O .
 8 X X O . . . X . . X O2X1.
 7 X O O . . . X . . . X3. .
 6 . X O X X . . . . . . . .
 5 . X O O O X X . . . . . .
 4 . . O X O O X . . O O . .
 3 . O O . X . O O . . . . .
 2 . O X X . . . . . . . . .
 1 . X . . . . . . . . . . .

koPOSITIONALscoreAREAtaxNONEsui1komi7.5
Time taken: 0.472948
Root visits: 204
New playouts: 35
NN rows: 36
NN batches: 18
NN avg batch size: 2
PV: L9 K7 H9 J5 M6 M7 L6
Tree:
: T 119.35c W 100.00c S  18.80c (+109.1 L +108.6) N     204  --  L9 K7 H9 J5 M6 M7 L6
---White(^)---
L9  : T 119.62c W 100.00c S  19.23c (+109.0 L +108.4) LCB  118.44c P 73.50% WF 1002.5 PSV    1000 N     144  --  L9 K7 H9 J5 M6 M7 L6
J8  : T 118.89c W 100.00c S  18.18c (+109.8 L +109.5) LCB  116.37c P 21.27% WF 298.7 PSV     171 N      51  --  J8 L9 H9 J7 L8 J4 J3
H9  : T 116.93c W 100.00c S  16.44c (+106.8 L +106.4) LCB  105.21c P  1.37% WF  41.1 PSV       5 N       7  --  H9 L9 N10
K7  : T 113.83c W 100.00c S  13.83c (+106.1 L +106.8) LCB -236.17c P  0.71% WF   2.9 PSV       1 N       1  --  K7

2026-07-17 02:17:31+0100: = L9
2026-07-17 02:18:48+0100: Controller: play B G11
2026-07-17 02:18:48+0100: = 
2026-07-17 02:18:48+0100: Controller: genmove W
2026-07-17 02:18:49+0100: MoveNum: 75 HASH: 305BD1E97D8F6F7ACA6472E36D5ECD13
   A B C D E F G H J K L M N
13 . . . O . . . . . . . . .
12 . . X O X X . . . X . X .
11 . X X O O O X3. X O O O .
10 . X O O X X @ O O . O X .
 9 X O O O . . X . X O O2O .
 8 X X O . . . X . . X O X .
 7 X O O . . . X . . . X1. .
 6 . X O X X . . . . . . . .
 5 . X O O O X X . . . . . .
 4 . . O X O O X . . O O . .
 3 . O O . X . O O . . . . .
 2 . O X X . . . . . . . . .
 1 . X . . . . . . . . . . .

koPOSITIONALscoreAREAtaxNONEsui1komi7.5
Time taken: 1.68033
Root visits: 206
New playouts: 190
NN rows: 178
NN batches: 60
NN avg batch size: 2.96667
PV: G10 K6 J8 J7 H9 H8
Tree:
: T 119.39c W 100.00c S  18.79c (+110.5 L +110.1) N     206  --  G10 K6 J8 J7 H9 H8
---White(^)---
G10 : T 120.02c W 100.00c S  19.35c (+111.0 L +110.5) LCB  118.69c P 58.99% WF 1213.4 PSV    1208 N     178  --  G10 K6 J8 J7 H9 H8
H11 : T 113.52c W 100.00c S  13.80c (+105.8 L +105.2) LCB  108.11c P 32.59% WF  87.9 PSV      69 N      16  --  H11 G10 K7 H12
K7  : T 115.23c W 100.00c S  15.70c (+108.3 L +107.7) LCB   98.65c P  2.58% WF  38.4 PSV       7 N       7  --  K7 G10 H11 H12
J8  : T 114.23c W 100.00c S  14.88c (+107.4 L +107.0) LCB   39.96c P  3.22% WF  16.0 PSV       7 N       3  --  J8 G10

2026-07-17 02:18:49+0100: = G10
2026-07-17 02:20:42+0100: Controller: play B K5
2026-07-17 02:20:42+0100: = 
2026-07-17 02:20:42+0100: Controller: genmove W
2026-07-17 02:20:44+0100: MoveNum: 77 HASH: 4320DFBAAFAF17BB6E28823F8843AA97
   A B C D E F G H J K L M N
13 . . . O . . . . . . . . .
12 . . X O X X . . . X . X .
11 . X X O O O X1. X O O O .
10 . X O O X X O2O O . O X .
 9 X O O O . . X . X O O O .
 8 X X O . . . X . . X O X .
 7 X O O . . . X . . @ X . .
 6 . X O X X . . . . . . . .
 5 . X O O O X X . . X3. . .
 4 . . O X O O X . . O O . .
 3 . O O . X . O O . . . . .
 2 . O X X . . . . . . . . .
 1 . X . . . . . . . . . . .

koPOSITIONALscoreAREAtaxNONEsui1komi7.5
Time taken: 1.87547
Root visits: 205
New playouts: 205
NN rows: 197
NN batches: 67
NN avg batch size: 2.9403
PV: K7 L5 J8 J6 M4 E8
Tree:
: T 120.62c W 100.00c S  20.37c (+114.1 L +113.9) N     205  --  K7 L5 J8 J6 M4 E8
---White(^)---
K7  : T 121.46c W 100.00c S  20.97c (+115.3 L +115.0) LCB  120.27c P 61.64% WF 847.9 PSV     842 N     130  --  K7 L5 J8 J6 M4 E8
J5  : T 120.74c W 100.00c S  20.29c (+114.1 L +114.0) LCB  118.20c P  8.81% WF 245.6 PSV      71 N      38  --  J5 J6 H5 L5 J8
J8  : T 118.41c W 100.00c S  18.72c (+111.3 L +111.1) LCB  112.12c P  8.69% WF  77.2 PSV      30 N      12  --  J8 K7 H9 J4
L5  : T 118.29c W 100.00c S  18.97c (+111.0 L +110.9) LCB   90.24c P  5.05% WF  33.6 PSV      17 N       5  --  L5 K6
H9  : T 115.76c W 100.00c S  16.45c (+108.2 L +108.0) LCB   72.79c P  3.56% WF  26.3 PSV       7 N       4  --  H9 J4
M6  : T 118.94c W 100.00c S  19.83c (+111.0 L +111.0) LCB   44.62c P  1.57% WF  20.4 PSV       6 N       3  --  M6 H11
M7  : T 118.71c W 100.00c S  19.29c (+110.6 L +110.4) LCB   75.55c P  1.33% WF  27.6 PSV       5 N       4  --  M7 J4
H11 : T 114.01c W 100.00c S  16.44c (+106.8 L +105.9) LCB  -35.70c P  2.62% WF  14.1 PSV       4 N       2  --  H11 L5
K6  : T 117.03c W 100.00c S  18.52c (+111.2 L +111.1) LCB  -32.02c P  1.21% WF  13.0 PSV       3 N       2  --  K6 K7
L6  : T 116.06c W 100.00c S  17.78c (+109.7 L +109.5) LCB  -33.04c P  0.85% WF  13.1 PSV       1 N       2  --  L6 K7

2026-07-17 02:20:44+0100: = K7
2026-07-17 02:21:46+0100: Controller: play B J7
2026-07-17 02:21:46+0100: = 
2026-07-17 02:21:46+0100: Controller: genmove W
2026-07-17 02:21:49+0100: MoveNum: 79 HASH: B1ADE36ACF0E2BD122110D9E40F11ED3
   A B C D E F G H J K L M N
13 . . . O . . . . . . . . .
12 . . X O X X . . . X . X .
11 . X X O O O X . X O O O .
10 . X O O X X O O O . O X .
 9 X O O O . . X . X O O O .
 8 X X O . . . X . . X O X .
 7 X O O . . . X . X3O2X . .
 6 . X O X X . . . . @ . . .
 5 . X O O O X X . . X1. . .
 4 . . O X O O X . . O O . .
 3 . O O . X . O O . . . . .
 2 . O X X . . . . . . . . .
 1 . X . . . . . . . . . . .

koPOSITIONALscoreAREAtaxNONEsui1komi7.5
Time taken: 2.77358
Root visits: 206
New playouts: 206
NN rows: 183
NN batches: 61
NN avg batch size: 3
PV: K6 J6 L6 L5 J8 J4 J3 M6 M7
Tree:
: T 119.24c W 100.00c S  19.12c (+114.2 L +113.7) N     206  --  K6 J6 L6 L5 J8 J4 J3
---White(^)---
K6  : T 119.88c W 100.00c S  19.81c (+115.4 L +114.9) LCB  117.64c P 42.64% WF 713.9 PSV     710 N     110  --  K6 J6 L6 L5 J8 J4 J3 M6
J8  : T 119.08c W 100.00c S  18.74c (+113.5 L +113.0) LCB  117.53c P 54.06% WF 527.3 PSV     484 N      80  --  J8 K6 H9 M6 L5
M6  : T 117.16c W 100.00c S  17.14c (+110.0 L +109.4) LCB  105.04c P  0.39% WF  48.6 PSV       1 N       8  --  M6 K6 M7 H11
M7  : T 114.04c W 100.00c S  15.28c (+108.4 L +108.2) LCB   39.36c P  0.23% WF  15.7 PSV       0 N       3  --  M7 J4
L5  : T 109.47c W 100.00c S  11.84c (+105.9 L +105.5) LCB  -39.68c P  0.21% WF   9.2 PSV       0 N       2  --  L5 K6
H11 : T 108.76c W 100.00c S  10.82c (+104.9 L +103.9) LCB  -40.51c P  0.20% WF   9.4 PSV       0 N       2  --  H11 K6

2026-07-17 02:21:49+0100: = K6
2026-07-17 02:23:38+0100: Controller: play B J4
2026-07-17 02:23:38+0100: = 
2026-07-17 02:23:38+0100: Controller: genmove W
2026-07-17 02:23:40+0100: MoveNum: 81 HASH: 3FFB0713FFFAFF97E4584444E0C7EB91
   A B C D E F G H J K L M N
13 . . . O . . . . . . . . .
12 . . X O X X . . . X . X .
11 . X X O O O X . X O O O .
10 . X O O X X O O O . O X .
 9 X O O O . . X . X O O O .
 8 X X O . . . X . . X O X .
 7 X O O . . . X . X1O X . .
 6 . X O X X . . . . O2. . .
 5 . X O O O X X . @ X . . .
 4 . . O X O O X . X3O O . .
 3 . O O . X . O O . . . . .
 2 . O X X . . . . . . . . .
 1 . X . . . . . . . . . . .

koPOSITIONALscoreAREAtaxNONEsui1komi7.5
Time taken: 1.58045
Root visits: 205
New playouts: 203
NN rows: 184
NN batches: 62
NN avg batch size: 2.96774
PV: J5 J6 L5 E8 H4 H5 K5
Tree:
: T 117.92c W 100.00c S  17.23c (+123.0 L +122.6) N     205  --  J5 J6 L5 E8 H4 H5 K5
---White(^)---
J5  : T 119.16c W 100.00c S  18.34c (+124.2 L +123.8) LCB  117.26c P 54.72% WF 1021.0 PSV    1011 N     166  --  J5 J6 L5 E8 H4 H5 K5
J3  : T 112.33c W 100.00c S  12.16c (+117.2 L +116.9) LCB  108.26c P 36.44% WF 136.9 PSV      74 N      26  --  J3 J6 L6 L5 J8
L5  : T 105.39c W 100.00c S   6.95c (+112.0 L +111.7) LCB  -65.24c P  2.85% WF   8.6 PSV       3 N       2  --  L5 J3
J6  : T 109.78c W 100.00c S   9.64c (+115.0 L +114.0) LCB   15.39c P  1.46% WF  10.9 PSV       2 N       3  --  J6 J5
H4  : T 104.37c W 100.00c S   5.77c (+110.6 L +110.5) LCB  -73.18c P  1.40% WF   7.2 PSV       1 N       2  --  H4 J6
J8  : T 105.63c W 100.00c S   5.63c (+110.0 L +110.7) LCB -244.37c P  1.22% WF   2.6 PSV       1 N       1  --  J8
K2  : T 106.76c W 100.00c S   8.41c (+113.6 L +112.8) LCB   30.00c P  0.42% WF  12.9 PSV       0 N       3  --  K2 J6

2026-07-17 02:23:40+0100: = J5
2026-07-17 02:25:20+0100: Controller: play B M4
2026-07-17 02:25:20+0100: = 
2026-07-17 02:25:20+0100: Controller: genmove W
2026-07-17 02:25:22+0100: MoveNum: 83 HASH: 9C71AAA0ABF6842D27AD3B82D6790C91
   A B C D E F G H J K L M N
13 . . . O . . . . . . . . .
12 . . X O X X . . . X . X .
11 . X X O O O X . X O O O .
10 . X O O X X O O O . O X .
 9 X O O O . . X . X O O O .
 8 X X O . . . X . . X O X .
 7 X O O . . . X . X O X . .
 6 . X O X X . . . . O . . .
 5 . X O O O X X . O2X @ . .
 4 . . O X O O X . X1O O X3.
 3 . O O . X . O O . . . . .
 2 . O X X . . . . . . . . .
 1 . X . . . . . . . . . . .

koPOSITIONALscoreAREAtaxNONEsui1komi7.5
Time taken: 1.75209
Root visits: 205
New playouts: 205
NN rows: 197
NN batches: 67
NN avg batch size: 2.9403
PV: L5 H11 H6 L12 J8 L3
Tree:
: T 113.99c W 100.00c S  13.89c (+139.6 L +139.6) N     205  --  L5 H11 H6 L12 J8 L3
---White(^)---
L5  : T 114.80c W 100.00c S  14.83c (+140.3 L +140.5) LCB  112.12c P 39.50% WF 657.3 PSV     653 N     103  --  L5 H11 H6 L12 J8 L3
J8  : T 114.73c W 100.00c S  14.20c (+140.4 L +140.2) LCB  110.83c P 21.82% WF 249.0 PSV     249 N      47  --  J8 H11 L5 E8 H6 E9 D7
J6  : T 112.99c W 100.00c S  13.28c (+139.0 L +138.8) LCB  108.69c P 26.15% WF 242.5 PSV     149 N      45  --  J6 H11 L12 H6 F6 J8 E7
H4  : T 108.02c W 100.00c S   7.64c (+132.4 L +132.0) LCB   58.43c P  5.51% WF  18.9 PSV      11 N       4  --  H4 E8
H6  : T 100.58c W 100.00c S   0.58c (+122.3 L +124.1) LCB -249.42c P  2.78% WF   4.7 PSV       2 N       1  --  H6
J3  : T  97.99c W 100.00c S   0.61c (+124.3 L +125.0) LCB -100.03c P  0.87% WF   9.2 PSV       0 N       2  --  J3 E8
E8  : T  98.64c W 100.00c S  -1.36c (+120.1 L +121.7) LCB -251.36c P  0.71% WF   5.1 PSV       0 N       1  --  E8
E7  : T  99.05c W 100.00c S  -0.95c (+121.4 L +122.7) LCB -250.95c P  0.41% WF   5.6 PSV       0 N       1  --  E7

2026-07-17 02:25:22+0100: = L5
2026-07-17 02:26:43+0100: Controller: play B K3
2026-07-17 02:26:43+0100: = 
2026-07-17 02:26:43+0100: Controller: genmove W
2026-07-17 02:26:45+0100: MoveNum: 85 HASH: CACAC830EC6B9A555589F1DC929704BA
   A B C D E F G H J K L M N
13 . . . O . . . . . . . . .
12 . . X O X X . . . X . X .
11 . X X O O O X . X O O O .
10 . X O O X X O O O . O X .
 9 X O O O . . X . X O O O .
 8 X X O . . . X . . X O X .
 7 X O O . . . X . X O X . .
 6 . X O X X . . . . O . . .
 5 . X O O O X X . O . O2. .
 4 . . O X O O X . X O O X1.
 3 . O O . X . O O . X3@ . .
 2 . O X X . . . . . . . . .
 1 . X . . . . . . . . . . .

koPOSITIONALscoreAREAtaxNONEsui1komi7.5
Time taken: 1.5658
Root visits: 206
New playouts: 206
NN rows: 195
NN batches: 66
NN avg batch size: 2.95455
PV: L3 H11 H6 L12 N12 J3 L2
Tree:
: T 104.76c W 100.00c S   5.97c (+141.0 L +141.3) N     206  --  L3 H11 H6 L12 N12 J3 L2
---White(^)---
L3  : T 105.00c W 100.00c S   6.60c (+141.8 L +142.0) LCB  100.41c P 46.59% WF 610.0 PSV     608 N     101  --  L3 H11 H6 L12 N12 J3 L2
H6  : T 104.98c W 100.00c S   5.57c (+140.4 L +140.9) LCB   99.10c P 14.79% WF 173.2 PSV     173 N      32  --  H6 L3 J3 H11 L12 J8
J3  : T 104.22c W 100.00c S   5.51c (+140.6 L +141.1) LCB   99.24c P 14.24% WF 152.7 PSV     116 N      28  --  J3 L3 M5 H11
H4  : T 103.57c W 100.00c S   4.29c (+139.3 L +139.8) LCB   94.88c P  8.11% WF  61.3 PSV      50 N      11  --  H4 H11 L12
E8  : T 102.19c W 100.00c S   2.38c (+134.8 L +135.1) LCB   89.03c P  7.37% WF  43.9 PSV      30 N      10  --  E8 J3 L3 H4 F3
J8  : T 105.93c W 100.00c S   4.27c (+139.5 L +138.9) LCB   59.89c P  2.26% WF  21.4 PSV      22 N       4  --  J8 J3
K2  : T 105.53c W 100.00c S   7.21c (+142.4 L +142.8) LCB   95.21c P  0.71% WF  46.9 PSV      15 N      10  --  K2 L3 L2 J3
E7  : T 100.52c W 100.00c S   0.52c (+135.8 L +137.1) LCB -249.48c P  2.26% WF   6.7 PSV       6 N       1  --  E7
J2  : T 104.24c W 100.00c S   5.21c (+140.0 L +140.3) LCB   88.08c P  0.64% WF  35.0 PSV       5 N       7  --  J2 L3 H4

2026-07-17 02:26:45+0100: = L3
2026-07-17 02:27:59+0100: Controller: play B A2
2026-07-17 02:27:59+0100: = 
2026-07-17 02:27:59+0100: Controller: genmove W
2026-07-17 02:28:01+0100: MoveNum: 87 HASH: 55FF18AE2AF44BF09920D4A3E01BA0EC
   A B C D E F G H J K L M N
13 . . . O . . . . . . . . .
12 . . X O X X . . . X . X .
11 . X X O O O X . X O O O .
10 . X O O X X O O O . O X .
 9 X O O O . . X . X O O O .
 8 X X O . @ . X . . X O X .
 7 X O O . . . X . X O X . .
 6 . X O X X . . . . O . . .
 5 . X O O O X X . O . O . .
 4 . . O X O O X . X O O X .
 3 . O O . X . O O . X1O2. .
 2 X3O X X . . . . . . . . .
 1 . X . . . . . . . . . . .

koPOSITIONALscoreAREAtaxNONEsui1komi7.5
Time taken: 2.19047
Root visits: 206
New playouts: 206
NN rows: 205
NN batches: 69
NN avg batch size: 2.97101
PV: E8 J3 H4 L2 M2 H11
Tree:
: T 114.28c W  99.99c S  13.76c (+171.5 L +172.0) N     206  --  E8 J3 H4 L2 M2 H11
---White(^)---
E8  : T 115.11c W 100.00c S  14.57c (+172.1 L +172.6) LCB  113.36c P 38.64% WF 621.2 PSV     658 N      85  --  E8 J3 H4 L2 M2 H11
H6  : T 113.97c W  99.99c S  13.68c (+171.5 L +172.2) LCB  111.72c P 38.96% WF 467.9 PSV     289 N      66  --  H6 J3 L2 F3 J2 H11
E7  : T 113.54c W  99.99c S  12.68c (+170.5 L +171.2) LCB  109.60c P  9.98% WF 239.1 PSV      61 N      33  --  E7 F3 G2 J3
J8  : T 113.98c W  99.99c S  13.41c (+171.3 L +171.4) LCB  106.18c P  1.95% WF  69.3 PSV      14 N      10  --  J8 E8 H6
H11 : T 111.18c W  99.99c S  10.77c (+168.9 L +168.7) LCB   34.19c P  2.58% WF  19.1 PSV       8 N       3  --  H11 J3
E9  : T 112.34c W  99.99c S  12.21c (+170.3 L +170.0) LCB   91.39c P  1.84% WF  39.5 PSV       7 N       6  --  E9 J3 H4
F6  : T 109.78c W 100.00c S   9.78c (+167.7 L +168.9) LCB -240.22c P  1.71% WF   7.5 PSV       4 N       1  --  F6
F9  : T 109.87c W 100.00c S   9.87c (+167.8 L +169.5) LCB -240.13c P  1.39% WF   7.3 PSV       3 N       1  --  F9

2026-07-17 02:28:01+0100: = E8
2026-07-17 02:29:34+0100: Controller: play B G2
2026-07-17 02:29:34+0100: = 
2026-07-17 02:29:34+0100: Controller: genmove W
2026-07-17 02:29:36+0100: MoveNum: 89 HASH: A97B250F9362BC058A9759FEC275EC37
   A B C D E F G H J K L M N
13 . . . O . . . . . . . . .
12 . . X O X X . . . X . X .
11 . X X O O O X . X O O O .
10 . X O O X X O O O . O X .
 9 X O O O . . X . X O O O .
 8 X X O . O2. X . . X O X .
 7 X O O . . . X . X O X . .
 6 . X O X X . . . . O . . .
 5 . X O O O X X . O . O . .
 4 . . O X O O X . X O O X .
 3 . O O . X @ O O . X O . .
 2 X1O X X . . X3. . . . . .
 1 . X . . . . . . . . . . .

koPOSITIONALscoreAREAtaxNONEsui1komi7.5
Time taken: 2.01874
Root visits: 204
New playouts: 204
NN rows: 195
NN batches: 66
NN avg batch size: 2.95455
PV: F3 F2 H2 H11 L12
Tree:
: T 121.52c W 100.00c S  20.96c (+172.7 L +173.1) N     204  --  F3 F2 H2 H11 L12
---White(^)---
F3  : T 121.96c W 100.00c S  21.48c (+173.2 L +173.6) LCB  120.45c P 32.97% WF 471.1 PSV     835 N      62  --  F3 F2 H2 H11 L12
H2  : T 121.46c W 100.00c S  21.03c (+172.6 L +173.2) LCB  119.85c P 47.05% WF 512.3 PSV     513 N      67  --  H2 A12 B13 H11 L12 H9 K10
J3  : T 121.33c W 100.00c S  20.43c (+172.6 L +172.7) LCB  116.03c P  7.16% WF 198.7 PSV      71 N      26  --  J3 F3 H2 H11 L12
K2  : T 121.74c W 100.00c S  20.88c (+172.8 L +173.2) LCB  118.54c P  4.20% WF 276.0 PSV      56 N      36  --  K2 H11 L12 H2 J2
F2  : T 119.12c W  99.99c S  19.14c (+171.2 L +171.5) LCB   99.04c P  2.59% WF  43.5 PSV      10 N       6  --  F2 H11 L12
H4  : T 121.01c W  99.99c S  21.10c (+172.9 L +172.8) LCB   47.09c P  0.99% WF  22.6 PSV       8 N       3  --  H4 F2
J2  : T 118.48c W 100.00c S  18.40c (+170.1 L +170.3) LCB   44.48c P  2.14% WF  22.1 PSV       7 N       3  --  J2 F3

2026-07-17 02:29:36+0100: = F3
2026-07-17 02:30:59+0100: Controller: play B N11
2026-07-17 02:30:59+0100: = 
2026-07-17 02:30:59+0100: Controller: genmove W
2026-07-17 02:31:02+0100: MoveNum: 91 HASH: 1D80BC90599E35F25865A5CFF348FA75
   A B C D E F G H J K L M N
13 . . . O . . . . . . . . .
12 . . X O X X . . . X . X .
11 . X X O O O X @ X O O O X3
10 . X O O X X O O O . O X .
 9 X O O O . . X . X O O O .
 8 X X O . O . X . . X O X .
 7 X O O . . . X . X O X . .
 6 . X O X X . . . . O . . .
 5 . X O O O X X . O . O . .
 4 . . O X O O X . X O O X .
 3 . O O . X O2O O . X O . .
 2 X O X X . . X1. . . . . .
 1 . X . . . . . . . . . . .

koPOSITIONALscoreAREAtaxNONEsui1komi7.5
Time taken: 2.79264
Root visits: 205
New playouts: 205
NN rows: 201
NN batches: 69
NN avg batch size: 2.91304
PV: H11 L2 M3 H2 J2
Tree:
: T 123.72c W 100.00c S  23.15c (+172.9 L +173.7) N     205  --  H11 L2 M3 H2 J2
---White(^)---
H11 : T 124.21c W 100.00c S  23.67c (+173.3 L +174.2) LCB  122.57c P 42.56% WF 573.5 PSV     571 N      74  --  H11 L2 M3 H2 J2
J12 : T 123.47c W 100.00c S  22.76c (+172.4 L +173.2) LCB  121.71c P 19.65% WF 300.1 PSV     160 N      39  --  J12 L2 K2 K1
L12 : T 123.19c W 100.00c S  22.94c (+172.6 L +173.5) LCB  121.26c P 19.02% WF 277.5 PSV     135 N      36  --  L12 L2 K2 K1
J8  : T 124.04c W 100.00c S  23.12c (+173.1 L +173.9) LCB  122.32c P  6.36% WF 255.6 PSV      74 N      33  --  J8 H11 L12 L13 E13
N10 : T 123.54c W 100.00c S  22.90c (+173.0 L +173.3) LCB  119.59c P  3.00% WF 122.8 PSV      25 N      16  --  N10 H11 L12 L13
G12 : T 121.86c W 100.00c S  22.10c (+171.6 L +172.3) LCB   47.87c P  2.33% WF  22.8 PSV      10 N       3  --  G12 L12
H12 : T 121.45c W  99.99c S  21.56c (+172.4 L +173.1) LCB  -27.82c P  1.97% WF  15.0 PSV       7 N       2  --  H12 H11
N12 : T 122.46c W 100.00c S  22.46c (+172.6 L +173.7) LCB -227.54c P  0.81% WF   7.8 PSV       4 N       1  --  N12

2026-07-17 02:31:02+0100: = H11
2026-07-17 02:32:01+0100: Controller: play B H12
2026-07-17 02:32:01+0100: = 
2026-07-17 02:32:01+0100: Controller: genmove W
2026-07-17 02:32:03+0100: MoveNum: 93 HASH: C3C62045395DDD7FD77A5E0A0C1E0C1D
   A B C D E F G H J K L M N
13 . . . O . . . . . . . . .
12 . . X O X X @ X3. X . X .
11 . X X O O O X O2X O O O X1
10 . X O O X X O O O . O X .
 9 X O O O . . X . X O O O .
 8 X X O . O . X . . X O X .
 7 X O O . . . X . X O X . .
 6 . X O X X . . . . O . . .
 5 . X O O O X X . O . O . .
 4 . . O X O O X . X O O X .
 3 . O O . X O O O . X O . .
 2 X O X X . . X . . . . . .
 1 . X . . . . . . . . . . .

koPOSITIONALscoreAREAtaxNONEsui1komi7.5
Time taken: 1.9464
Root visits: 206
New playouts: 206
NN rows: 203
NN batches: 69
NN avg batch size: 2.94203
PV: G12 A12 B13 J3 L2
Tree:
: T 123.14c W 100.00c S  22.32c (+173.3 L +174.1) N     206  --  G12 A12 B13 J3 L2
---White(^)---
G12 : T 123.85c W 100.00c S  22.77c (+173.7 L +174.5) LCB  122.12c P 24.23% WF 402.6 PSV     897 N      52  --  G12 A12 B13 J3 L2
J12 : T 123.22c W 100.00c S  22.48c (+173.3 L +174.1) LCB  121.17c P 36.07% WF 500.1 PSV     500 N      65  --  J12 F2 H2 A12 B13
J8  : T 123.86c W 100.00c S  22.72c (+173.8 L +174.7) LCB  121.90c P  7.12% WF 271.9 PSV     224 N      35  --  J8 A12 B13 J12 L12
L12 : T 123.22c W 100.00c S  22.04c (+173.0 L +173.8) LCB  120.90c P 11.72% WF 231.6 PSV     163 N      30  --  L12 A12 B13 J3 L2
N12 : T 122.18c W 100.00c S  21.45c (+172.5 L +173.0) LCB  112.78c P  2.55% WF  68.1 PSV      18 N       9  --  N12 H2 J2
N10 : T 120.09c W 100.00c S  20.59c (+171.5 L +171.8) LCB   77.15c P  3.74% WF  29.8 PSV      13 N       4  --  N10 L2
H2  : T 118.54c W 100.00c S  20.48c (+172.1 L +173.2) LCB  -31.86c P  1.51% WF  14.4 PSV       4 N       2  --  H2 J12
F2  : T 118.05c W 100.00c S  20.01c (+171.5 L +172.4) LCB  -32.12c P  1.44% WF  14.4 PSV       3 N       2  --  F2 J12
J3  : T 118.02c W 100.00c S  19.59c (+171.1 L +172.0) LCB  -32.05c P  0.86% WF  14.4 PSV       2 N       2  --  J3 J12
L2  : T 118.61c W 100.00c S  20.50c (+172.0 L +173.0) LCB  -31.57c P  0.77% WF  14.5 PSV       2 N       2  --  L2 J12

2026-07-17 02:32:03+0100: = G12
2026-07-17 02:33:43+0100: Controller: play B G13
2026-07-17 02:33:43+0100: = 
2026-07-17 02:33:43+0100: Controller: genmove W
2026-07-17 02:33:45+0100: MoveNum: 95 HASH: 1B92F22350C71ADA9D40E9641B73E582
   A B C D E F G H J K L M N
13 . . . O . . X3. . . . . .
12 . . X O X X O2X1. X . X .
11 . X X O O O . O X O O O X
10 . X O O X X O O O . O X @
 9 X O O O . . X . X O O O .
 8 X X O . O . X . . X O X .
 7 X O O . . . X . X O X . .
 6 . X O X X . . . . O . . .
 5 . X O O O X X . O . O . .
 4 . . O X O O X . X O O X .
 3 . O O . X O O O . X O . .
 2 X O X X . . X . . . . . .
 1 . X . . . . . . . . . . .

koPOSITIONALscoreAREAtaxNONEsui1komi7.5
Time taken: 2.35205
Root visits: 206
New playouts: 206
NN rows: 205
NN batches: 69
NN avg batch size: 2.97101
PV: N10 A12 B13 C13 A10
Tree:
: T 120.35c W 100.00c S  19.88c (+172.9 L +173.7) N     206  --  N10 A12 B13 C13 A10
---White(^)---
N10 : T 122.09c W 100.00c S  20.76c (+173.7 L +174.3) LCB  119.85c P  3.59% WF 249.6 PSV     552 N      32  --  N10 A12 B13 C13 A10
J12 : T 121.51c W 100.00c S  20.78c (+173.6 L +174.4) LCB  119.68c P 23.79% WF 483.8 PSV     480 N      62  --  J12 L2 K2 F2 H2
G11 : T 120.49c W 100.00c S  19.32c (+172.2 L +173.3) LCB  118.08c P 18.66% WF 267.0 PSV     167 N      35  --  G11 A12 B13 L12
L12 : T 121.15c W 100.00c S  20.22c (+173.0 L +173.9) LCB  118.69c P  9.02% WF 267.6 PSV     126 N      35  --  L12 B13 A12 L2 K2
J8  : T 116.69c W 100.00c S  18.37c (+171.7 L +172.4) LCB   42.06c P  4.26% WF  21.7 PSV      12 N       3  --  J8 G11
N12 : T 118.25c W 100.00c S  18.97c (+172.0 L +172.4) LCB   75.09c P  2.07% WF  29.9 PSV       8 N       4  --  N12 L2
L6  : T 123.30c W 100.00c S  23.30c (+176.0 L +176.9) LCB -226.70c P  0.63% WF   8.0 PSV       8 N       1  --  L6
F2  : T 115.08c W 100.00c S  17.87c (+171.9 L +172.8) LCB  -37.89c P  3.23% WF  13.7 PSV       7 N       2  --  F2 J12
F13 : T 118.47c W 100.00c S  20.07c (+173.6 L +174.3) LCB  -31.11c P  1.86% WF  15.0 PSV       7 N       2  --  F13 G11
H2  : T 115.47c W 100.00c S  17.75c (+171.5 L +172.2) LCB  -35.98c P  2.60% WF  14.0 PSV       6 N       2  --  H2 J12

2026-07-17 02:33:45+0100: = N10
2026-07-17 02:34:44+0100: Controller: play B L2
2026-07-17 02:34:44+0100: = 
2026-07-17 02:34:44+0100: Controller: genmove W
2026-07-17 02:34:47+0100: MoveNum: 97 HASH: 6BB6B663439363FE74D5BD5F409E79F3
   A B C D E F G H J K L M N
13 . . . O . . X1. . . . . .
12 . . X O X X O X . X . X .
11 . X X O O O . O X O O O X
10 . X O O X X O O O . O . O2
 9 X O O O . . X . X O O O .
 8 X X O . O . X . . X O X .
 7 X O O . . . X . X O X . .
 6 . X O X X . . . . O . . .
 5 . X O O O X X . O . O . .
 4 . . O X O O X . X O O X .
 3 . O O . X O O O . X O . .
 2 X O X X . . X . . @ X3. .
 1 . X . . . . . . . . . . .

koPOSITIONALscoreAREAtaxNONEsui1komi7.5
Time taken: 2.20117
Root visits: 204
New playouts: 202
NN rows: 201
NN batches: 67
NN avg batch size: 3
PV: K2 F2 H2 K1 J2
Tree:
: T 120.50c W 100.00c S  20.09c (+173.1 L +173.7) N     204  --  K2 F2 H2 K1 J2
---White(^)---
K2  : T 121.34c W 100.00c S  20.73c (+173.6 L +174.1) LCB  119.60c P 28.33% WF 605.2 PSV     721 N      80  --  K2 F2 H2 K1 J2
M2  : T 121.19c W 100.00c S  20.78c (+173.5 L +174.1) LCB  119.57c P 16.27% WF 503.1 PSV     289 N      65  --  M2 J2 H2 M3 N2
M3  : T 119.49c W 100.00c S  19.01c (+172.4 L +173.0) LCB  115.55c P 40.40% WF 338.2 PSV     255 N      45  --  M3 H2 F2 J3 M2 H4 H6
J3  : T 115.18c W 100.00c S  16.45c (+170.3 L +170.5) LCB   98.08c P  7.58% WF  48.8 PSV      18 N       7  --  J3 M3 N2 M5
J2  : T 114.95c W 100.00c S  17.85c (+171.7 L +172.2) LCB   69.69c P  3.47% WF  27.5 PSV       8 N       4  --  J2 M3 N2 M5
H2  : T 114.99c W 100.00c S  15.97c (+170.0 L +170.3) LCB  -35.50c P  1.02% WF  14.1 PSV       2 N       2  --  H2 M3

2026-07-17 02:34:47+0100: = K2
2026-07-17 02:36:23+0100: Controller: play B J2
2026-07-17 02:36:23+0100: = 
2026-07-17 02:36:23+0100: Controller: genmove W
2026-07-17 02:36:25+0100: MoveNum: 99 HASH: 5E63DA4E4658C7CE1CE6D9FB36F26AF7
   A B C D E F G H J K L M N
13 . . . O . . X . . . . . .
12 . . X O X X O X . X . X .
11 . X X O O O . O X O O O X
10 . X O O X X O O O . O . O
 9 X O O O . . X . X O O O .
 8 X X O . O . X . . X O X .
 7 X O O . . . X . X O X . .
 6 . X O X X . . . . O . . .
 5 . X O O O X X . O . O . .
 4 . . O X O O X . X O O X .
 3 . O O . X O O O @ X O . .
 2 X O X X . . X . X3O2X1. .
 1 . X . . . . . . . . . . .

koPOSITIONALscoreAREAtaxNONEsui1komi7.5
Time taken: 1.76798
Root visits: 206
New playouts: 190
NN rows: 187
NN batches: 63
NN avg batch size: 2.96825
PV: J3 A12 B13 G11 J12 K1 H2
Tree:
: T 121.30c W 100.00c S  20.83c (+173.0 L +173.6) N     206  --  J3 A12 B13 G11 J12 K1 H2
---White(^)---
J3  : T 121.50c W 100.00c S  21.03c (+173.1 L +173.7) LCB  120.12c P 92.25% WF 1494.2 PSV    1493 N     199  --  J3 A12 B13 G11 J12 K1 H2
K1  : T 115.73c W 100.00c S  16.49c (+169.8 L +170.6) LCB   87.17c P  4.29% WF  35.0 PSV      10 N       5  --  K1 J3 M2 J1
H2  : T 113.19c W 100.00c S  13.19c (+167.2 L +168.5) LCB -236.81c P  1.13% WF   7.0 PSV       2 N       1  --  H2

2026-07-17 02:36:25+0100: = J3
2026-07-17 02:38:45+0100: Controller: play B K1
2026-07-17 02:38:45+0100: = 
2026-07-17 02:38:45+0100: Controller: genmove W
2026-07-17 02:38:46+0100: MoveNum: 101 HASH: AF5361A5B270B6D71DAB7BC6B8EFE7FA
   A B C D E F G H J K L M N
13 . . . O . . X . . . . . .
12 . . X O X X O X . X . X .
11 . X X O O O . O X O O O X
10 . X O O X X O O O . O . O
 9 X O O O . . X . X O O O .
 8 X X O . O . X . . X O X .
 7 X O O . . . X . X O X . .
 6 . X O X X . . . . O . . .
 5 . X O O O X X . O . O . .
 4 . . O X O O X . X O O X .
 3 . O O . X O O O O2. O . .
 2 X O X X . . X @ X1O X . .
 1 . X . . . . . . . X3. . .

koPOSITIONALscoreAREAtaxNONEsui1komi7.5
Time taken: 1.35494
Root visits: 204
New playouts: 175
NN rows: 157
NN batches: 53
NN avg batch size: 2.96226
PV: H2 A12 B13 M3 J1 M1
Tree:
: T 121.04c W 100.00c S  20.35c (+173.4 L +174.0) N     204  --  H2 A12 B13 M3 J1 M1
---White(^)---
H2  : T 121.45c W 100.00c S  20.95c (+174.0 L +174.5) LCB  119.93c P 28.80% WF 577.0 PSV     832 N      75  --  H2 A12 B13 M3 J1 M1
M3  : T 121.32c W 100.00c S  20.20c (+173.3 L +173.9) LCB  119.14c P 31.23% WF 515.5 PSV     515 N      67  --  M3 A12 B13 K3 H2 C13 A10
M2  : T 120.64c W 100.00c S  20.08c (+173.0 L +173.6) LCB  118.79c P 28.38% WF 426.8 PSV     281 N      56  --  M2 K3 H2 M3 N2 M1
K3  : T 116.08c W 100.00c S  17.01c (+170.2 L +170.7) LCB   41.96c P  5.98% WF  21.9 PSV      15 N       3  --  K3 H2
F2  : T 116.41c W 100.00c S  16.93c (+171.1 L +171.4) LCB  -33.97c P  2.20% WF  14.0 PSV       6 N       2  --  F2 M3

2026-07-17 02:38:46+0100: = H2
2026-07-17 02:40:45+0100: Controller: play B K3
2026-07-17 02:40:45+0100: = 
2026-07-17 02:40:45+0100: Controller: genmove W
2026-07-17 02:40:46+0100: MoveNum: 103 HASH: 310F40C2A8C929B936A1B2F672CEA09D
   A B C D E F G H J K L M N
13 . . . O . . X . . . . . .
12 . . X O X X O X . X . X .
11 . X X O O O . O X O O O X
10 . X O O X X O O O . O . O
 9 X O O O . . X . X O O O .
 8 X X O . O . X . . X O X .
 7 X O O . . . X . X O X . .
 6 . X O X X . . . . O . . .
 5 . X O O O X X . O . O . .
 4 . . O X O O X . X O O X .
 3 . O O . X O O O O X3O @ .
 2 X O X X . . X O2X . X . .
 1 . X . . . . . . . X1. . .

koPOSITIONALscoreAREAtaxNONEsui1komi7.5
Time taken: 1.85995
Root visits: 205
New playouts: 200
NN rows: 183
NN batches: 62
NN avg batch size: 2.95161
PV: M3 G11 J12 A12 B13 J13 J11
Tree:
: T 120.49c W 100.00c S  19.72c (+174.1 L +174.8) N     205  --  M3 G11 J12 A12 B13 J13 J11
---White(^)---
M3  : T 120.75c W 100.00c S  19.94c (+174.3 L +174.9) LCB  119.16c P 74.71% WF 1072.5 PSV    1071 N     143  --  M3 G11 J12 A12 B13 J13 J11
M2  : T 119.23c W 100.00c S  18.41c (+173.1 L +173.8) LCB  116.03c P 15.18% WF 193.1 PSV      92 N      26  --  M2 M3 N2 A12 B13
M5  : T 121.13c W 100.00c S  20.24c (+174.6 L +175.2) LCB  119.10c P  2.67% WF 239.2 PSV      57 N      31  --  M5 A12 B13 M3 M1
M1  : T 116.25c W 100.00c S  18.81c (+173.4 L +173.9) LCB  -33.39c P  1.83% WF  14.9 PSV       5 N       2  --  M1 M3 M5
N2  : T 115.85c W 100.00c S  17.28c (+172.2 L +172.6) LCB  -33.74c P  1.03% WF  14.7 PSV       2 N       2  --  N2 M3

2026-07-17 02:40:46+0100: = M3
2026-07-17 02:42:39+0100: Controller: play B G11
2026-07-17 02:42:39+0100: = 
2026-07-17 02:42:39+0100: Controller: genmove W
2026-07-17 02:42:41+0100: MoveNum: 105 HASH: 8C207FD4163979CA70F52AA36AD23FCA
   A B C D E F G H J K L M N
13 . . . O . . X . . . . . .
12 . . X O X X . X @ X . X .
11 . X X O O O X3O X O O O X
10 . X O O X X O O O . O . O
 9 X O O O . . X . X O O O .
 8 X X O . O . X . . X O X .
 7 X O O . . . X . X O X . .
 6 . X O X X . . . . O . . .
 5 . X O O O X X . O . O . .
 4 . . O X O O X . X O O X .
 3 . O O . X O O O O X1O O2.
 2 X O X X . . X O X . X . .
 1 . X . . . . . . . X . . .

koPOSITIONALscoreAREAtaxNONEsui1komi7.5
Time taken: 1.37432
Root visits: 205
New playouts: 178
NN rows: 164
NN batches: 56
NN avg batch size: 2.92857
PV: J12 J13 L12 A12 B13 C13 A10
Tree:
: T 121.49c W 100.00c S  20.85c (+173.9 L +174.6) N     205  --  J12 J13 L12 A12 B13 C13 A10
---White(^)---
J12 : T 121.96c W 100.00c S  21.37c (+174.2 L +174.9) LCB  120.46c P 60.79% WF 911.7 PSV     908 N     118  --  J12 J13 L12 A12 B13 C13 A10
E13 : T 121.57c W 100.00c S  20.53c (+173.6 L +174.4) LCB  118.69c P 14.58% WF 244.5 PSV     161 N      32  --  E13 A12 B13 C13 A10 J12
L12 : T 121.25c W 100.00c S  20.55c (+173.4 L +174.0) LCB  117.61c P  6.95% WF 205.8 PSV      63 N      27  --  L12 J12 E13 C13 A10
N12 : T 121.06c W 100.00c S  20.33c (+174.0 L +174.6) LCB  116.10c P  1.79% WF 132.7 PSV      14 N      18  --  N12 A12 B13 J12 E13
A10 : T 117.38c W 100.00c S  17.38c (+171.9 L +173.0) LCB -232.62c P  1.68% WF   7.4 PSV       4 N       1  --  A10
J8  : T 114.18c W 100.00c S  16.33c (+170.6 L +171.0) LCB  -37.27c P  1.82% WF  13.7 PSV       3 N       2  --  J8 J12
H6  : T 115.91c W 100.00c S  17.32c (+171.3 L +171.7) LCB  -35.07c P  1.33% WF  14.0 PSV       3 N       2  --  H6 J12
J13 : T 119.65c W 100.00c S  21.17c (+174.2 L +174.3) LCB  -29.72c P  0.70% WF  15.2 PSV       3 N       2  --  J13 J12
A12 : T 114.49c W 100.00c S  14.49c (+169.0 L +170.0) LCB -235.51c P  1.56% WF   7.3 PSV       2 N       1  --  A12
B13 : T 114.28c W 100.00c S  14.28c (+168.6 L +169.7) LCB -235.72c P  0.71% WF   7.4 PSV       1 N       1  --  B13

2026-07-17 02:42:41+0100: = J12
2026-07-17 02:49:54+0100: Controller: play B J13
2026-07-17 02:49:54+0100: = 
2026-07-17 02:49:54+0100: Controller: genmove W
2026-07-17 02:49:55+0100: MoveNum: 107 HASH: FD2F5831648CAF4133945FF6C7363280
   A B C D E F G H J K L M N
13 . . . O . . X . X3. . . .
12 . . X O X X . X O2X . X .
11 . X X O O O X1O @ O O O X
10 . X O O X X O O O . O . O
 9 X O O O . . X . X O O O .
 8 X X O . O . X . . X O X .
 7 X O O . . . X . X O X . .
 6 . X O X X . . . . O . . .
 5 . X O O O X X . O . O . .
 4 . . O X O O X . X O O X .
 3 . O O . X O O O O X O O .
 2 X O X X . . X O X . X . .
 1 . X . . . . . . . X . . .

koPOSITIONALscoreAREAtaxNONEsui1komi7.5
Time taken: 1.3414
Root visits: 206
New playouts: 156
NN rows: 145
NN batches: 49
NN avg batch size: 2.95918
PV: J11 A12 B13 A10 C13 F2 H1
Tree:
: T 121.65c W 100.00c S  21.13c (+173.9 L +174.6) N     206  --  J11 A12 B13 A10 C13 F2 H1
---White(^)---
J11 : T 122.73c W 100.00c S  21.87c (+174.5 L +175.3) LCB  121.29c P 33.01% WF 660.7 PSV     654 N      84  --  J11 A12 B13 A10 C13 F2 H1
G12 : T 121.56c W 100.00c S  20.78c (+173.4 L +174.2) LCB  119.22c P 16.14% WF 239.1 PSV     130 N      31  --  G12 A12 B13 G11 J11
L12 : T 121.35c W 100.00c S  20.95c (+173.7 L +174.3) LCB  119.15c P 12.00% WF 374.4 PSV      88 N      49  --  L12 J11 G12 A12 B13
E13 : T 120.24c W 100.00c S  20.17c (+173.1 L +173.8) LCB  116.13c P 16.60% WF 165.5 PSV      80 N      22  --  E13 J11 L12 H9
A10 : T 119.45c W 100.00c S  19.97c (+173.4 L +174.0) LCB  103.87c P  3.89% WF  52.1 PSV      15 N       7  --  A10 J11 G12 L12
N12 : T 120.13c W 100.00c S  20.72c (+173.9 L +174.2) LCB   45.66c P  1.70% WF  22.6 PSV       8 N       3  --  N12 A12
J8  : T 118.77c W 100.00c S  19.87c (+172.9 L +173.3) LCB  -30.30c P  1.90% WF  15.3 PSV       6 N       2  --  J8 J11
H6  : T 119.07c W 100.00c S  20.05c (+173.1 L +173.6) LCB  -30.06c P  1.41% WF  15.2 PSV       5 N       2  --  H6 J11
B13 : T 119.52c W 100.00c S  19.52c (+172.3 L +173.2) LCB -230.48c P  1.37% WF   7.8 PSV       5 N       1  --  B13
A12 : T 117.66c W 100.00c S  18.41c (+171.9 L +172.4) LCB  -31.93c P  1.42% WF  14.8 PSV       3 N       2  --  A12 J11

2026-07-17 02:49:55+0100: = J11
2026-07-17 02:52:24+0100: Controller: play B N9
2026-07-17 02:52:24+0100: = 
2026-07-17 02:52:24+0100: Controller: genmove W
2026-07-17 02:52:25+0100: MoveNum: 109 HASH: E50768605EDF9FEFDFDDC31743579B5D
   A B C D E F G H J K L M N
13 . . . O . . X . X1. . . .
12 . . X O X X . X O X . X .
11 . X X O O O X O O2O O O X
10 . X O O X X O O O . O . O
 9 X O O O . . X . X O O O X3
 8 X X O . O . X . . X O X @
 7 X O O . . . X . X O X . .
 6 . X O X X . . . . O . . .
 5 . X O O O X X . O . O . .
 4 . . O X O O X . X O O X .
 3 . O O . X O O O O X O O .
 2 X O X X . . X O X . X . .
 1 . X . . . . . . . X . . .

koPOSITIONALscoreAREAtaxNONEsui1komi7.5
Time taken: 1.6902
Root visits: 206
New playouts: 206
NN rows: 206
NN batches: 70
NN avg batch size: 2.94286
PV: N8 A12 B13 C13 A10 A6 B4
Tree:
: T 115.02c W 100.00c S  15.37c (+173.6 L +174.4) N     206  --  N8 A12 B13 C13 A10 A6 B4
---White(^)---
N8  : T 116.82c W 100.00c S  16.20c (+174.4 L +175.1) LCB  113.61c P 10.56% WF 330.2 PSV     326 N      43  --  N8 A12 B13 C13 A10 A6 B4
N12 : T 116.99c W 100.00c S  15.75c (+174.0 L +174.7) LCB  113.13c P  9.30% WF 210.3 PSV     208 N      27  --  N12 B13 A12 A6 B4
A10 : T 116.21c W 100.00c S  16.35c (+174.4 L +175.2) LCB  113.27c P 10.90% WF 257.0 PSV     161 N      33  --  A10 M10 L12 A6
L12 : T 114.06c W 100.00c S  14.37c (+172.9 L +173.7) LCB   84.28c P  3.88% WF  37.9 PSV      20 N       5  --  L12 A12 B13
A12 : T 112.62c W 100.00c S  13.75c (+172.2 L +173.4) LCB   38.60c P  4.54% WF  22.7 PSV      16 N       3  --  A12 M10
E13 : T 113.72c W 100.00c S  14.58c (+173.2 L +174.0) LCB   37.84c P  3.60% WF  22.6 PSV      16 N       3  --  E13 A12
A3  : T 115.29c W 100.00c S  16.31c (+174.2 L +174.7) LCB   87.19c P  1.85% WF  38.4 PSV      15 N       5  --  A3 M10 J8
M7  : T 114.87c W 100.00c S  15.55c (+173.7 L +174.4) LCB   70.43c P  2.32% WF  30.4 PSV      15 N       4  --  M7 A12
J8  : T 111.05c W 100.00c S  12.76c (+171.6 L +172.7) LCB   35.67c P  5.63% WF  22.3 PSV      15 N       3  --  J8 A12
B13 : T 113.90c W 100.00c S  14.32c (+172.6 L +173.5) LCB   39.92c P  2.54% WF  22.9 PSV      12 N       3  --  B13 M10

2026-07-17 02:52:25+0100: = N8
2026-07-17 02:54:12+0100: Controller: play B N7
2026-07-17 02:54:12+0100: = 
2026-07-17 02:54:12+0100: Controller: genmove W
2026-07-17 02:54:14+0100: MoveNum: 111 HASH: D021D4B899C7638040C5C7ED7F328119
   A B C D E F G H J K L M N
13 . . . O . . X . X . . . .
12 . . X O X X . X O X . X .
11 . X X O O O X O O O O O X
10 @ X O O X X O O O . O . O
 9 X O O O . . X . X O O O .1
 8 X X O . O . X . . X O X O2
 7 X O O . . . X . X O X . X3
 6 . X O X X . . . . O . . .
 5 . X O O O X X . O . O . .
 4 . . O X O O X . X O O X .
 3 . O O . X O O O O X O O .
 2 X O X X . . X O X . X . .
 1 . X . . . . . . . X . . .

koPOSITIONALscoreAREAtaxNONEsui1komi7.5
Time taken: 2.07514
Root visits: 206
New playouts: 206
NN rows: 206
NN batches: 70
NN avg batch size: 2.94286
PV: A10 N9 L12 M10
Tree:
: T 112.81c W 100.00c S  13.83c (+174.3 L +175.0) N     206  --  A10 N9 L12 M10
---White(^)---
A10 : T 114.03c W 100.00c S  14.55c (+174.8 L +175.4) LCB  110.56c P  9.33% WF 241.8 PSV     239 N      31  --  A10 N9 L12 M10
A12 : T 113.88c W 100.00c S  14.42c (+174.6 L +175.4) LCB  109.96c P  4.71% WF 139.7 PSV      99 N      18  --  A12 N9 N12 F2
M7  : T 113.11c W 100.00c S  13.48c (+174.0 L +174.7) LCB  102.56c P  6.55% WF  84.5 PSV      75 N      11  --  M7 A12 B13 C13
B13 : T 113.76c W 100.00c S  14.10c (+174.3 L +175.1) LCB  104.55c P  2.28% WF  70.3 PSV      43 N       9  --  B13 N9 N12
F13 : T 114.35c W 100.00c S  14.47c (+175.0 L +175.4) LCB   67.56c P  0.81% WF  31.0 PSV      31 N       4  --  F13 A12
E13 : T 112.61c W 100.00c S  14.57c (+175.0 L +175.6) LCB   67.25c P  2.94% WF  30.8 PSV      26 N       4  --  E13 A12 B13
A3  : T 112.65c W 100.00c S  14.55c (+174.9 L +175.6) LCB   67.89c P  2.81% WF  30.8 PSV      25 N       4  --  A3 A12 B13
B4  : T 113.15c W 100.00c S  15.09c (+175.3 L +175.8) LCB   68.48c P  2.04% WF  30.8 PSV      24 N       4  --  B4 A12 B13
H6  : T 113.15c W 100.00c S  13.45c (+174.0 L +174.6) LCB   67.61c P  1.94% WF  30.6 PSV      22 N       4  --  H6 A12
H4  : T 112.91c W 100.00c S  13.24c (+173.9 L +174.5) LCB   36.49c P  2.15% WF  22.8 PSV      22 N       3  --  H4 A12

2026-07-17 02:54:14+0100: = A10
2026-07-17 02:56:21+0100: Controller: play B N9
2026-07-17 02:56:21+0100: = 
2026-07-17 02:56:21+0100: Controller: genmove W
2026-07-17 02:56:23+0100: MoveNum: 113 HASH: 2A4E351DCA61FF669FA1A7211FBF50D4
   A B C D E F G H J K L M N
13 . . . O . . X . X . . . .
12 . . X O X X . X O X @ X .
11 . X X O O O X O O O O O X
10 O2X O O X X O O O . O . O
 9 X O O O . . X . X O O O X3
 8 X X O . O . X . . X O X .
 7 X O O . . . X . X O X . X1
 6 . X O X X . . . . O . . .
 5 . X O O O X X . O . O . .
 4 . . O X O O X . X O O X .
 3 . O O . X O O O O X O O .
 2 X O X X . . X O X . X . .
 1 . X . . . . . . . X . . .

koPOSITIONALscoreAREAtaxNONEsui1komi7.5
Time taken: 2.39765
Root visits: 206
New playouts: 189
NN rows: 186
NN batches: 62
NN avg batch size: 3
PV: L12 A6 B4 A11 A12
Tree:
: T 120.85c W 100.00c S  21.05c (+173.8 L +174.5) N     206  --  L12 A6 B4 A11 A12
---White(^)---
L12 : T 122.64c W 100.00c S  22.41c (+175.1 L +175.5) LCB  121.14c P  4.98% WF 310.1 PSV     826 N      39  --  L12 A6 B4 A11 A12
N12 : T 122.31c W 100.00c S  21.85c (+174.6 L +175.1) LCB  120.13c P 16.45% WF 465.7 PSV     461 N      59  --  N12 B13 A12 A11 J8
J8  : T 121.29c W 100.00c S  21.59c (+174.4 L +175.0) LCB  118.95c P 10.69% WF 289.9 PSV     108 N      37  --  J8 M10 L12 M6
A6  : T 117.23c W 100.00c S  17.06c (+169.9 L +171.0) LCB   89.41c P 10.39% WF  37.5 PSV      29 N       5  --  A6 L12
L6  : T 118.36c W 100.00c S  19.27c (+171.8 L +172.9) LCB   44.41c P  3.80% WF  22.8 PSV      13 N       3  --  L6 M10
M6  : T 118.06c W 100.00c S  19.25c (+171.9 L +173.0) LCB   44.03c P  3.56% WF  22.7 PSV      11 N       3  --  M6 L12
G12 : T 119.18c W 100.00c S  20.48c (+173.0 L +173.9) LCB  -29.89c P  2.71% WF  15.4 PSV      11 N       2  --  G12 M10
M10 : T 116.73c W 100.00c S  19.16c (+172.2 L +173.4) LCB  -32.84c P  4.07% WF  14.9 PSV      10 N       2  --  M10 L12
H6  : T 117.26c W 100.00c S  19.00c (+171.8 L +172.9) LCB  -31.89c P  3.40% WF  15.2 PSV       9 N       2  --  H6 M10
E13 : T 118.83c W 100.00c S  20.06c (+172.7 L +173.6) LCB  -30.23c P  2.01% WF  15.4 PSV       8 N       2  --  E13 M10

2026-07-17 02:56:23+0100: = L12
2026-07-17 02:57:54+0100: Controller: play B L13
2026-07-17 02:57:54+0100: = 
2026-07-17 02:57:54+0100: Controller: genmove W
2026-07-17 02:57:56+0100: MoveNum: 115 HASH: 530402D368ED75A4572B20E390914007
   A B C D E F G H J K L M N
13 . . . O . . X . X . X3. .
12 . . X O X X . X O X O2X .
11 . X X O O O X O O O O O X
10 O X O O X X O O O . O . O
 9 X O O O . . X . X O O O X1
 8 X X O . O . X . @ X O X .
 7 X O O . . . X . X O X . X
 6 . X O X X . . . . O . . .
 5 . X O O O X X . O . O . .
 4 . . O X O O X . X O O X .
 3 . O O . X O O O O X O O .
 2 X O X X . . X O X . X . .
 1 . X . . . . . . . X . . .

koPOSITIONALscoreAREAtaxNONEsui1komi7.5
Time taken: 1.78852
Root visits: 206
New playouts: 206
NN rows: 206
NN batches: 70
NN avg batch size: 2.94286
PV: J8 F2 H1 A11
Tree:
: T 118.09c W 100.00c S  18.18c (+174.4 L +175.0) N     206  --  J8 F2 H1 A11
---White(^)---
J8  : T 119.43c W 100.00c S  19.26c (+175.5 L +175.9) LCB  117.58c P 10.69% WF 307.2 PSV     304 N      39  --  J8 F2 H1 A11
N12 : T 119.05c W 100.00c S  18.47c (+174.6 L +175.1) LCB  116.86c P 11.17% WF 265.4 PSV     190 N      34  --  N12 A12 B13 F2 H1
G12 : T 119.17c W 100.00c S  18.91c (+175.0 L +175.4) LCB  117.18c P  4.33% WF 220.1 PSV      84 N      28  --  G12 M6 J8
M13 : T 118.35c W 100.00c S  18.47c (+174.8 L +175.3) LCB  114.25c P  3.62% WF 147.6 PSV      35 N      19  --  M13 N13 J8 A6
E13 : T 119.02c W 100.00c S  18.96c (+175.1 L +175.7) LCB   44.75c P  2.99% WF  23.3 PSV      24 N       3  --  E13 M10
A6  : T 115.01c W 100.00c S  14.89c (+171.5 L +172.6) LCB   86.99c P  7.45% WF  37.5 PSV      23 N       5  --  A6 M6
K13 : T 115.55c W 100.00c S  16.52c (+172.6 L +173.6) LCB   72.35c P  6.69% WF  30.1 PSV      23 N       4  --  K13 B13
M6  : T 118.26c W 100.00c S  18.49c (+174.5 L +175.2) LCB   89.75c P  1.98% WF  38.6 PSV      18 N       5  --  M6 A6
N8  : T 114.69c W 100.00c S  16.08c (+172.5 L +173.5) LCB   40.31c P  5.81% WF  22.4 PSV      17 N       3  --  N8 B13
L6  : T 117.38c W 100.00c S  17.57c (+173.6 L +174.4) LCB  101.77c P  2.64% WF  53.3 PSV      16 N       7  --  L6 B13

2026-07-17 02:57:56+0100: = J8
2026-07-17 02:59:32+0100: Controller: play B A11
2026-07-17 02:59:32+0100: = 
2026-07-17 02:59:32+0100: Controller: genmove W
2026-07-17 02:59:33+0100: MoveNum: 117 HASH: E5B94A73C6E5D2E7D13EE6903D259D8D
   A B C D E F G H J K L M N
13 . . . O . . X . X . X1. .
12 . . X O X X . X O X O X .
11 X3X X O O O X O O O O O X
10 . X O O X X O O O . O . O
 9 X O O O . . X . X O O O X
 8 X X O . O . X . O2. O X .
 7 X O O . . . X . X O X . X
 6 . X O X X . . . . O . . .
 5 . X O O O X X . O . O . .
 4 @ . O X O O X . X O O X .
 3 . O O . X O O O O X O O .
 2 X O X X . . X O X . X . .
 1 . X . . . . . . . X . . .

koPOSITIONALscoreAREAtaxNONEsui1komi7.5
Time taken: 1.8551
Root visits: 206
New playouts: 202
NN rows: 199
NN batches: 67
NN avg batch size: 2.97015
PV: A4 B13 A12 F2
Tree:
: T 117.66c W 100.00c S  18.07c (+174.7 L +175.2) N     206  --  A4 B13 A12 F2
---White(^)---
A4  : T 121.07c W 100.00c S  20.69c (+176.9 L +177.0) LCB  118.45c P  1.66% WF 216.0 PSV     383 N      27  --  A4 B13 A12 F2
A12 : T 119.79c W 100.00c S  19.47c (+175.9 L +176.2) LCB  117.56c P  7.78% WF 230.7 PSV     227 N      29  --  A12 B13 B4
A6  : T 119.61c W 100.00c S  18.99c (+175.4 L +175.9) LCB  116.69c P  4.59% WF 165.1 PSV     104 N      21  --  A6 A5 A4 M10
B13 : T 118.48c W 100.00c S  18.27c (+174.8 L +175.4) LCB  113.50c P  6.08% WF 117.8 PSV      50 N      15  --  B13 F2 C13
F7  : T 120.13c W 100.00c S  19.74c (+176.1 L +176.4) LCB   99.60c P  0.76% WF  47.3 PSV      47 N       6  --  F7 A6 A4
B4  : T 117.54c W 100.00c S  17.66c (+174.1 L +174.4) LCB   95.79c P  3.08% WF  45.8 PSV      19 N       6  --  B4 B13
E13 : T 116.22c W 100.00c S  16.77c (+173.4 L +174.1) LCB   41.59c P  3.97% WF  23.0 PSV      16 N       3  --  E13 A6
G1  : T 119.12c W 100.00c S  18.48c (+175.1 L +175.4) LCB  102.68c P  1.08% WF  54.3 PSV      15 N       7  --  G1 B13 A12
A3  : T 115.89c W 100.00c S  16.35c (+173.2 L +173.7) LCB   70.32c P  3.75% WF  30.2 PSV      14 N       4  --  A3 B13
N12 : T 113.18c W 100.00c S  16.07c (+172.9 L +173.8) LCB  -36.22c P  5.13% WF  15.0 PSV      12 N       2  --  N12 A6

2026-07-17 02:59:33+0100: = A4
2026-07-17 03:02:12+0100: Controller: play B M10
2026-07-17 03:02:12+0100: = 
2026-07-17 03:02:12+0100: Controller: genmove W
2026-07-17 03:02:14+0100: MoveNum: 119 HASH: 75845CA21FA9A2E5E77D454F6BF24024
   A B C D E F G H J K L M N
13 . . . O . . X . X . X . .
12 . . X O X X . X O X O X .
11 X1X X O O O X O O O O O X
10 . X O O X X O O O . O X3.
 9 X O O O . . X . X O O O X
 8 X X O . O . X . O . O X .
 7 X O O . . . X . X O X . X
 6 . X O X X . . . . O . . .
 5 . X O O O X X . O . O . .
 4 O2. O X O O X . X O O X @
 3 . O O . X O O O O X O O .
 2 X O X X . . X O X . X . .
 1 . X . . . . . . . X . . .

koPOSITIONALscoreAREAtaxNONEsui1komi7.5
Time taken: 2.13934
Root visits: 205
New playouts: 201
NN rows: 195
NN batches: 66
NN avg batch size: 2.95455
PV: N4 F2 D3
Tree:
: T 117.65c W 100.00c S  18.40c (+175.4 L +175.8) N     205  --  N4 F2 D3
---White(^)---
N4  : T 120.27c W 100.00c S  20.48c (+177.2 L +177.3) LCB  118.12c P  1.57% WF 200.0 PSV     530 N      25  --  N4 F2 D3
M5  : T 119.03c W 100.00c S  19.39c (+176.2 L +176.7) LCB  115.69c P  4.86% WF 234.8 PSV     233 N      30  --  M5 E13 A12 G12
K13 : T 120.12c W 100.00c S  19.71c (+176.5 L +176.7) LCB  117.48c P  4.86% WF 182.2 PSV     180 N      23  --  K13 B13 A12 M6 L6
N12 : T 118.57c W 100.00c S  18.78c (+175.8 L +176.1) LCB  114.99c P  3.89% WF 171.3 PSV      82 N      22  --  N12 N13 E13 M6
E13 : T 119.30c W 100.00c S  18.18c (+175.4 L +175.9) LCB  110.66c P  9.89% WF  77.7 PSV      78 N      10  --  E13 B13 A12
M6  : T 119.49c W 100.00c S  19.10c (+176.2 L +176.5) LCB  109.77c P  4.39% WF  70.4 PSV      70 N       9  --  M6 B13 A12 E13
M13 : T 118.53c W 100.00c S  18.91c (+175.9 L +176.2) LCB  114.96c P  3.31% WF 162.2 PSV      66 N      21  --  M13 N13 M2 N10
L6  : T 116.35c W 100.00c S  17.03c (+174.1 L +174.5) LCB   42.43c P  4.13% WF  22.8 PSV      23 N       3  --  L6 F2
B13 : T 115.19c W 100.00c S  16.16c (+173.4 L +174.3) LCB   40.39c P  4.28% WF  22.8 PSV      17 N       3  --  B13 M6
A12 : T 112.96c W 100.00c S  15.44c (+172.8 L +173.8) LCB  -36.38c P  6.02% WF  15.1 PSV      15 N       2  --  A12 M6

2026-07-17 03:02:14+0100: = N4
2026-07-17 03:07:04+0100: Controller: play B N5
2026-07-17 03:07:04+0100: = 
2026-07-17 03:07:04+0100: Controller: genmove W
2026-07-17 03:07:05+0100: MoveNum: 121 HASH: 2FFD937456E0B1B7ADA44440A07A7D02
   A B C D E F G H J K L M N
13 . . . O . . X . X . X . .
12 . . X O X X . X O X O X .
11 X X X O O O X O O O O O X
10 . X O O X X O O O . O X1.
 9 X O O O . . X . X O O O X
 8 X X O . O . X . O . O X .
 7 X O O . . . X . X O X . X
 6 . X O X X . . . . O . @ .
 5 . X O O O X X . O . O . X3
 4 O . O X O O X . X O O X O2
 3 . O O . X O O O O X O O .
 2 X O X X . . X O X . X . .
 1 . X . . . . . . . X . . .

koPOSITIONALscoreAREAtaxNONEsui1komi7.5
Time taken: 1.30844
Root visits: 205
New playouts: 205
NN rows: 202
NN batches: 69
NN avg batch size: 2.92754
PV: M6 B13 A12 F2 D3
Tree:
: T 122.37c W 100.00c S  22.64c (+175.4 L +175.9) N     205  --  M6 B13 A12 F2 D3
---White(^)---
M6  : T 124.29c W 100.00c S  23.95c (+176.9 L +177.3) LCB  122.68c P  6.87% WF 278.3 PSV     723 N      35  --  M6 B13 A12 F2 D3
M5  : T 123.91c W 100.00c S  24.03c (+176.9 L +177.0) LCB  121.83c P 17.75% WF 429.9 PSV     425 N      55  --  M5 M6 L6 M2
M2  : T 123.94c W 100.00c S  22.96c (+175.8 L +176.3) LCB  121.38c P  7.71% WF 196.8 PSV     195 N      25  --  M2 B13 A12 M6 M5
N3  : T 123.76c W 100.00c S  23.20c (+175.9 L +176.3) LCB  121.87c P  7.56% WF 252.1 PSV     150 N      32  --  N3 B13 A12 M6 M5
N12 : T 121.09c W 100.00c S  21.64c (+173.8 L +174.7) LCB   47.17c P  2.66% WF  23.1 PSV      12 N       3  --  N12 M2
K2  : T 120.28c W 100.00c S  21.40c (+173.6 L +174.4) LCB  -28.76c P  2.98% WF  15.5 PSV      11 N       2  --  K2 N3
M13 : T 120.94c W 100.00c S  21.47c (+173.7 L +174.5) LCB   47.01c P  2.20% WF  23.1 PSV      10 N       3  --  M13 M2
E13 : T 117.71c W 100.00c S  20.12c (+172.8 L +173.9) LCB  -31.65c P  4.18% WF  15.1 PSV      10 N       2  --  E13 M2
N10 : T 116.32c W 100.00c S  19.01c (+171.9 L +172.9) LCB  -33.26c P  4.39% WF  14.8 PSV       8 N       2  --  N10 B13
K13 : T 119.34c W 100.00c S  20.96c (+173.4 L +174.4) LCB  -29.78c P  2.70% WF  15.4 PSV       8 N       2  --  K13 N3

2026-07-17 03:07:05+0100: = M6
2026-07-17 03:08:20+0100: Controller: play B N3
2026-07-17 03:08:20+0100: = 
2026-07-17 03:08:20+0100: Controller: genmove W
2026-07-17 03:08:22+0100: MoveNum: 123 HASH: 7538473913486BFBBBC8A43F88378230
   A B C D E F G H J K L M N
13 . . . O . . X . X . X . .
12 . . X O X X . X O X O X .
11 X X X O O O X O O O O O X
10 . X O O X X O O O . O X .
 9 X O O O . . X . X O O O X
 8 X X O . O . X . O . O X .
 7 X O O . . . X . X O X . X
 6 . X O X X . . . . O . O2.
 5 . X O O O X X . O . O . X1
 4 O . O X O O X . X O O X .
 3 . O O . X O O O O X O O X3
 2 X O X X . . X O X . X @ .
 1 . X . . . . . . . X . . .

koPOSITIONALscoreAREAtaxNONEsui1komi7.5
Time taken: 2.4697
Root visits: 205
New playouts: 200
NN rows: 189
NN batches: 64
NN avg batch size: 2.95312
PV: M2 E13 N12 N13 G12
Tree:
: T 117.08c W 100.00c S  17.99c (+175.4 L +176.0) N     205  --  M2 E13 N12 N13 G12
---White(^)---
M2  : T 119.32c W 100.00c S  19.81c (+177.1 L +177.3) LCB  116.21c P 11.18% WF 378.8 PSV     372 N      48  --  M2 E13 N12 N13 G12
N6  : T 117.65c W 100.00c S  18.40c (+175.9 L +176.3) LCB  112.74c P  6.55% WF 131.7 PSV      51 N      17  --  N6 M2 N2 N1
N2  : T 117.41c W 100.00c S  18.44c (+175.8 L +176.4) LCB  113.12c P  6.11% WF 161.9 PSV      42 N      21  --  N2 M2 F2 N1
M5  : T 117.31c W 100.00c S  18.22c (+175.7 L +176.3) LCB  112.00c P  5.85% WF 138.7 PSV      39 N      18  --  M5 M2 K2 N6
N12 : T 118.54c W 100.00c S  18.69c (+176.0 L +176.5) LCB  103.60c P  2.60% WF  54.7 PSV      34 N       7  --  N12 M2 N2
F2  : T 117.49c W 100.00c S  18.21c (+175.6 L +176.1) LCB  110.28c P  4.03% WF  92.4 PSV      29 N      12  --  F2 M2 K2 N6
E13 : T 117.18c W 100.00c S  16.57c (+174.3 L +175.1) LCB   95.70c P  3.33% WF  46.0 PSV      21 N       6  --  E13 N6 M2
A12 : T 116.52c W 100.00c S  16.79c (+174.2 L +175.5) LCB   87.66c P  3.22% WF  38.3 PSV      16 N       5  --  A12 M2 N2
K2  : T 114.88c W 100.00c S  16.24c (+174.0 L +174.7) LCB   69.30c P  3.92% WF  30.0 PSV      13 N       4  --  K2 B13
N10 : T 114.23c W 100.00c S  15.32c (+172.9 L +173.6) LCB   40.03c P  4.09% WF  22.7 PSV      12 N       3  --  N10 F2

2026-07-17 03:08:22+0100: = M2
2026-07-17 03:10:08+0100: Controller: play B H8
2026-07-17 03:10:08+0100: = 
2026-07-17 03:10:08+0100: Controller: genmove W
2026-07-17 03:10:09+0100: MoveNum: 125 HASH: A678CEE53EC21278BBB0C4D3488A04E0
   A B C D E F G H J K L M N
13 . . . O . . X . X . X . .
12 . . X O X X . X O X O X .
11 X X X O O O X O O O O O X
10 . X O O X X O O O . O X .
 9 X O O O . . X . X O O O X
 8 X X O . O . X X3O @ O X .
 7 X O O . . . X . X O X . X
 6 . X O X X . . . . O . O .
 5 . X O O O X X . O . O . X
 4 O . O X O O X . X O O X .
 3 . O O . X O O O O X O O X1
 2 X O X X . . X O X . X O2.
 1 . X . . . . . . . X . . .

koPOSITIONALscoreAREAtaxNONEsui1komi7.5
Time taken: 1.69541
Root visits: 206
New playouts: 206
NN rows: 206
NN batches: 70
NN avg batch size: 2.94286
PV: K8 B13 A12 A6
Tree:
: T 124.19c W 100.00c S  24.28c (+176.6 L +176.8) N     206  --  K8 B13 A12 A6
---White(^)---
K8  : T 125.71c W 100.00c S  25.30c (+177.7 L +177.6) LCB  123.99c P  7.62% WF 230.2 PSV     632 N      29  --  K8 B13 A12 A6
H6  : T 124.68c W 100.00c S  24.61c (+177.1 L +177.4) LCB  122.74c P 23.07% WF 298.3 PSV     298 N      38  --  H6 B13 A12 G12 E13
H9  : T 125.43c W 100.00c S  25.02c (+177.4 L +177.4) LCB  123.61c P 12.34% WF 221.9 PSV     221 N      28  --  H9 pass H6
F7  : T 125.54c W 100.00c S  25.25c (+177.4 L +177.6) LCB  123.86c P  5.11% WF 229.7 PSV     212 N      29  --  F7 B13 A12 G12
F6  : T 125.07c W 100.00c S  24.84c (+177.3 L +177.4) LCB  123.15c P  4.66% WF 236.4 PSV      87 N      30  --  F6 K8 H6
J6  : T 122.15c W 100.00c S  22.26c (+173.8 L +174.5) LCB   78.67c P  5.06% WF  30.7 PSV      21 N       4  --  J6 H6
E7  : T 123.20c W 100.00c S  23.42c (+175.5 L +175.8) LCB   93.70c P  2.35% WF  38.5 PSV      13 N       5  --  E7 H6
K13 : T 121.83c W 100.00c S  22.76c (+174.3 L +174.5) LCB  -27.19c P  2.81% WF  15.5 PSV      11 N       2  --  K13 H6
G12 : T 121.66c W 100.00c S  22.89c (+174.6 L +175.0) LCB  -27.41c P  2.68% WF  15.4 PSV      10 N       2  --  G12 H6
E13 : T 120.63c W 100.00c S  21.63c (+173.5 L +174.4) LCB   46.25c P  3.12% WF  21.9 PSV       9 N       3  --  E13 H6

2026-07-17 03:10:09+0100: = K8
2026-07-17 03:11:41+0100: Controller: play B H1
2026-07-17 03:11:41+0100: = 
2026-07-17 03:11:41+0100: Controller: genmove W
2026-07-17 03:11:44+0100: MoveNum: 127 HASH: 50BFC366DB4777BCC5492F50E44B4B2E
   A B C D E F G H J K L M N
13 . . . O . . X . X . X . .
12 . . X O X X . X O X O X .
11 X X X O O O X O O O O O X
10 . X O O X X O O O . O X .
 9 X O O O . . X . X O O O X
 8 X X O . O . X X1O O2O X .
 7 X O O . . . X . X O X . X
 6 @ X O X X . . . . O . O .
 5 . X O O O X X . O . O . X
 4 O . O X O O X . X O O X .
 3 . O O . X O O O O X O O X
 2 X O X X . . X O X . X O .
 1 . X . . . . . X3. X . . .

koPOSITIONALscoreAREAtaxNONEsui1komi7.5
Time taken: 2.21706
Root visits: 206
New playouts: 206
NN rows: 204
NN batches: 69
NN avg batch size: 2.95652
PV: A6 F2 D3 E2
Tree:
: T 116.91c W 100.00c S  17.12c (+177.9 L +178.1) N     206  --  A6 F2 D3 E2
---White(^)---
A6  : T 118.52c W 100.00c S  18.55c (+179.1 L +179.2) LCB  115.95c P  3.68% WF 158.0 PSV     167 N      20  --  A6 F2 D3 E2
A5  : T 118.50c W 100.00c S  18.55c (+179.1 L +179.2) LCB  114.25c P  2.43% WF 141.6 PSV      99 N      18  --  A5 F2 D3 E2
F9  : T 119.14c W 100.00c S  18.88c (+179.3 L +179.2) LCB  111.90c P  2.14% WF  78.8 PSV      78 N      10  --  F9 F2 D3 E13
F6  : T 117.92c W 100.00c S  17.73c (+178.5 L +178.5) LCB  103.38c P  2.77% WF  55.0 PSV      48 N       7  --  F6 F2 E1
B4  : T 118.14c W 100.00c S  18.31c (+178.9 L +178.9) LCB  110.90c P  2.11% WF  78.6 PSV      46 N      10  --  B4 F2 G1 F1
M13 : T 118.16c W 100.00c S  18.37c (+178.9 L +179.1) LCB  107.06c P  1.92% WF  63.2 PSV      43 N       8  --  M13 F2 G1
A12 : T 116.79c W 100.00c S  16.84c (+177.6 L +177.9) LCB  103.80c P  4.88% WF  61.8 PSV      39 N       8  --  A12 F2 D3
F2  : T 116.68c W 100.00c S  16.95c (+177.9 L +178.0) LCB  101.90c P  5.01% WF  61.6 PSV      38 N       8  --  F2 E13 H6
M7  : T 118.11c W 100.00c S  18.06c (+178.9 L +178.6) LCB  105.70c P  1.82% WF  62.7 PSV      38 N       8  --  M7 pass E13
G1  : T 117.60c W 100.00c S  17.25c (+178.0 L +178.3) LCB   99.88c P  2.54% WF  54.3 PSV      33 N       7  --  G1 F2 J1

2026-07-17 03:11:44+0100: = A6
2026-07-17 03:12:30+0100: Controller: play B A5
2026-07-17 03:12:30+0100: = 
2026-07-17 03:12:30+0100: Controller: genmove W
2026-07-17 03:12:32+0100: MoveNum: 129 HASH: 9BA695A1B68481B34C4FF6EF2AC91EDA
   A B C D E F G H J K L M N
13 . . . O . . X . X . X . .
12 . . X O X X . X O X O X .
11 X X X O O O X O O O O O X
10 . X O O X X O O O . O X .
 9 X O O O . . X . X O O O X
 8 X X O . O . X X O O O X .
 7 X O O . . . X . X O X . X
 6 .2X O X X . . . . O . O .
 5 X3X O O O X X . O . O . X
 4 O @ O X O O X . X O O X .
 3 . O O . X O O O O X O O X
 2 X O X X . . X O X . X O .
 1 . X . . . . . X1. X . . .

koPOSITIONALscoreAREAtaxNONEsui1komi7.5
Time taken: 1.51665
Root visits: 206
New playouts: 200
NN rows: 198
NN batches: 67
NN avg batch size: 2.95522
PV: B4 F2 D3 E13
Tree:
: T 119.01c W 100.00c S  19.19c (+177.7 L +177.8) N     206  --  B4 F2 D3 E13
---White(^)---
B4  : T 120.34c W 100.00c S  20.13c (+178.6 L +178.6) LCB  117.65c P  8.55% WF 204.4 PSV     202 N      26  --  B4 F2 D3 E13
N12 : T 120.64c W 100.00c S  20.53c (+179.0 L +178.9) LCB  116.31c P  1.79% WF 126.5 PSV      73 N      16  --  N12 N13 F2
A12 : T 118.97c W 100.00c S  18.98c (+177.3 L +177.8) LCB  109.84c P  6.60% WF  70.4 PSV      54 N       9  --  A12 F2 D3
F2  : T 118.71c W 100.00c S  18.76c (+177.2 L +177.4) LCB  101.79c P  4.61% WF  53.6 PSV      33 N       7  --  F2 G12 E13
H7  : T 121.25c W 100.00c S  21.19c (+179.4 L +179.2) LCB   78.31c P  0.83% WF  31.6 PSV      32 N       4  --  H7 F2 D3
N2  : T 120.09c W 100.00c S  20.01c (+178.3 L +178.4) LCB  110.69c P  1.71% WF  70.8 PSV      30 N       9  --  N2 pass B4
M13 : T 120.11c W 100.00c S  20.28c (+178.5 L +178.6) LCB  100.74c P  1.68% WF  47.3 PSV      30 N       6  --  M13 N13 A12
D3  : T 119.22c W 100.00c S  19.31c (+177.8 L +177.5) LCB   89.55c P  3.10% WF  38.6 PSV      29 N       5  --  D3 H6
F6  : T 119.39c W 100.00c S  19.29c (+177.7 L +177.7) LCB   91.14c P  2.85% WF  39.0 PSV      29 N       5  --  F6 pass A12
G1  : T 119.53c W 100.00c S  19.59c (+178.0 L +178.2) LCB  109.34c P  2.46% WF  78.0 PSV      27 N      10  --  G1 E13 A12

2026-07-17 03:12:32+0100: = B4
2026-07-17 03:13:34+0100: Controller: play B M1
2026-07-17 03:13:34+0100: = 
2026-07-17 03:13:34+0100: Controller: genmove W
2026-07-17 03:13:35+0100: MoveNum: 131 HASH: 5C148628139B62F312E25417065054CD
   A B C D E F G H J K L M N
13 . . . O . . X . X . X . .
12 . . X O X X . X O X O X .
11 X X X O O O X O O O O O X
10 . X O O X X O O O . O X .
 9 X O O O . . X . X O O O X
 8 X X O . O . X X O O O X .
 7 X O O . . . X . X O X . X
 6 . X O X X . . . . O . O .
 5 X1X O O O X X . O . O . X
 4 O O2O X O O X . X O O X .
 3 . O O . X O O O O X O O X
 2 X O X X . @ X O X . X O .
 1 . X . . . . . X . X . X3.

koPOSITIONALscoreAREAtaxNONEsui1komi7.5
Time taken: 0.889302
Root visits: 206
New playouts: 205
NN rows: 204
NN batches: 68
NN avg batch size: 3
PV: F2 E13 H6
Tree:
: T 115.70c W 100.00c S  15.70c (+178.1 L +178.2) N     206  --  F2 E13 H6
---White(^)---
F2  : T 116.59c W 100.00c S  16.06c (+178.4 L +178.5) LCB  113.83c P  6.98% WF 187.2 PSV     186 N      24  --  F2 E13 H6
A6  : T 116.43c W 100.00c S  16.11c (+178.4 L +178.7) LCB  113.16c P  8.84% WF 131.7 PSV     132 N      17  --  A6 F2 D3 N2
N2  : T 116.32c W 100.00c S  16.05c (+178.4 L +178.4) LCB  110.95c P  4.98% WF 123.9 PSV      92 N      16  --  N2 F2 D3 E2
M7  : T 116.83c W 100.00c S  16.73c (+179.1 L +178.9) LCB  107.29c P  1.45% WF  85.6 PSV      63 N      11  --  M7 F2 D3 E2
E13 : T 115.85c W 100.00c S  15.61c (+178.0 L +178.4) LCB  106.92c P  4.56% WF  69.7 PSV      55 N       9  --  E13 F2 D3
H4  : T 118.01c W 100.00c S  17.05c (+179.2 L +179.2) LCB  103.51c P  3.04% WF  54.6 PSV      54 N       7  --  H4 F2 D3
G1  : T 116.17c W 100.00c S  16.46c (+178.7 L +178.8) LCB  111.64c P  2.81% WF 155.5 PSV      44 N      20  --  G1 F2 D3 E2
M5  : T 116.43c W 100.00c S  16.39c (+178.7 L +178.7) LCB  101.72c P  1.87% WF  54.4 PSV      39 N       7  --  M5 F2 D3
N12 : T 116.43c W 100.00c S  16.24c (+178.4 L +178.8) LCB   96.94c P  1.82% WF  46.9 PSV      38 N       6  --  N12 F2 D3
M13 : T 116.09c W 100.00c S  15.85c (+178.2 L +178.3) LCB   88.00c P  2.01% WF  38.9 PSV      29 N       5  --  M13 F2 D3

2026-07-17 03:13:35+0100: = F2
2026-07-17 03:14:39+0100: Controller: play B F1
2026-07-17 03:14:39+0100: = 
2026-07-17 03:14:39+0100: Controller: genmove W
2026-07-17 03:14:41+0100: MoveNum: 133 HASH: 93D0682619073A794FA0F138EEC1F69F
   A B C D E F G H J K L M N
13 . . . O . . X . X . X . .
12 . . X O X X . X O X O X .
11 X X X O O O X O O O O O X
10 . X O O X X O O O . O X .
 9 X O O O . . X . X O O O X
 8 X X O . O . X X O O O X .
 7 X O O . . . X . X O X . X
 6 . X O X X . . . . O . O .
 5 X X O O O X X . O . O . X
 4 O O O X O O X . X O O X .
 3 . O O . X O O O O X O O X
 2 X O X X @ O2X O X . X O .
 1 . X . . . X3. X . X . X1.

koPOSITIONALscoreAREAtaxNONEsui1komi7.5
Time taken: 1.86826
Root visits: 206
New playouts: 206
NN rows: 201
NN batches: 69
NN avg batch size: 2.91304
PV: E2 E13 H6
Tree:
: T 115.81c W 100.00c S  16.01c (+178.5 L +178.3) N     206  --  E2 E13 H6
---White(^)---
E2  : T 117.22c W 100.00c S  17.45c (+179.6 L +179.4) LCB  113.75c P  2.63% WF 133.8 PSV     185 N      17  --  E2 E13 H6
A6  : T 117.36c W 100.00c S  16.53c (+179.0 L +178.7) LCB  112.86c P  6.73% WF 140.3 PSV     139 N      18  --  A6 H6 J6 pass
M7  : T 118.12c W 100.00c S  17.16c (+179.7 L +179.0) LCB  108.53c P  1.70% WF  78.0 PSV      77 N      10  --  M7 B13 A12
E1  : T 116.53c W 100.00c S  16.49c (+178.9 L +178.5) LCB  109.72c P  4.52% WF 116.0 PSV      48 N      15  --  E1 pass A6 E13
A12 : T 116.12c W 100.00c S  15.65c (+178.1 L +178.2) LCB  103.06c P  5.28% WF  62.1 PSV      45 N       8  --  A12 H6 F7
E13 : T 115.86c W 100.00c S  16.08c (+178.7 L +178.2) LCB   97.04c P  5.80% WF  53.3 PSV      44 N       7  --  E13 B13
A3  : T 118.18c W 100.00c S  17.98c (+180.1 L +179.4) LCB   90.05c P  1.14% WF  38.8 PSV      39 N       5  --  A3 pass
M13 : T 117.27c W 100.00c S  17.40c (+179.7 L +179.4) LCB  109.56c P  2.01% WF  86.5 PSV      37 N      11  --  M13 N13 A6
N12 : T 116.93c W 100.00c S  17.17c (+179.4 L +179.3) LCB  105.23c P  2.12% WF  62.8 PSV      29 N       8  --  N12 N13 A6
D3  : T 116.78c W 100.00c S  16.84c (+179.2 L +178.7) LCB  101.46c P  2.09% WF  61.6 PSV      25 N       8  --  D3 B13

2026-07-17 03:14:41+0100: = E2
2026-07-17 03:15:36+0100: Controller: play B D8
2026-07-17 03:15:36+0100: = 
2026-07-17 03:15:36+0100: Controller: genmove W
2026-07-17 03:15:38+0100: MoveNum: 135 HASH: 694C676676399D33D7E5D35EB7EA6E4B
   A B C D E F G H J K L M N
13 . . . O . . X . X . X . .
12 . . X O X X . X O X O X .
11 X X X O O O X O O O O O X
10 . X O O X X O O O . O X .
 9 X O O O . . X . X O O O X
 8 X X O X3O . X X O O O X .
 7 X O O @ . . X . X O X . X
 6 . X O X X . . . . O . O .
 5 X X O O O X X . O . O . X
 4 O O O X O O X . X O O X .
 3 . O O . X O O O O X O O X
 2 X O X X O2O X O X . X O .
 1 . X . . . X1. X . X . X .

koPOSITIONALscoreAREAtaxNONEsui1komi7.5
Time taken: 1.81883
Root visits: 206
New playouts: 206
NN rows: 205
NN batches: 70
NN avg batch size: 2.92857
PV: D7 E13 F9
Tree:
: T 112.35c W 100.00c S  12.27c (+178.2 L +178.0) N     206  --  D7 E13 F9
---White(^)---
D7  : T 114.47c W 100.00c S  13.95c (+179.5 L +179.3) LCB  110.94c P  4.90% WF 228.4 PSV     225 N      29  --  D7 E13 F9
H6  : T 114.32c W 100.00c S  13.39c (+179.1 L +178.7) LCB  108.37c P  3.56% WF 115.8 PSV     115 N      15  --  H6 pass A6 E13
A6  : T 113.05c W 100.00c S  12.40c (+178.3 L +178.1) LCB  107.08c P  6.66% WF 131.7 PSV      69 N      17  --  A6 H6 J6 E13
E7  : T 114.14c W 100.00c S  13.72c (+179.2 L +178.8) LCB   93.68c P  2.64% WF  46.4 PSV      46 N       6  --  E7 pass A6
F9  : T 113.52c W 100.00c S  13.53c (+179.1 L +178.8) LCB  104.15c P  2.83% WF  77.7 PSV      39 N      10  --  F9 pass A6
F6  : T 112.47c W 100.00c S  12.26c (+178.2 L +177.8) LCB   93.45c P  4.70% WF  53.3 PSV      37 N       7  --  F6 pass A6
F7  : T 113.76c W 100.00c S  13.70c (+179.2 L +178.8) LCB  101.07c P  1.95% WF  61.9 PSV      33 N       8  --  F7 pass A6
F8  : T 115.29c W 100.00c S  14.71c (+180.0 L +179.5) LCB   71.32c P  1.82% WF  30.6 PSV      31 N       4  --  F8 pass
N12 : T 113.62c W 100.00c S  12.91c (+178.8 L +178.4) LCB  104.18c P  2.02% WF 109.2 PSV      30 N      14  --  N12 H6 J6 N13
J6  : T 113.04c W 100.00c S  13.03c (+178.7 L +178.3) LCB   92.38c P  2.93% WF  45.9 PSV      30 N       6  --  J6 pass A6

2026-07-17 03:15:38+0100: = D7
2026-07-17 03:16:35+0100: Controller: play B E1
2026-07-17 03:16:35+0100: = 
2026-07-17 03:16:35+0100: Controller: genmove W
2026-07-17 03:16:37+0100: MoveNum: 137 HASH: 87A5ECB35E2031966E8167C7EDE32AC6
   A B C D E F G H J K L M N
13 . . . O . . X . X . X . .
12 . . X O X X . X O X O X .
11 X X X O O O X O O O O O X
10 . X O O X X O O O . O X .
 9 X O O O . . X . X O O O X
 8 X X O .1O . X X O O O X .
 7 X O O O2. . X . X O X . X
 6 @ X O X X . . . . O . O .
 5 X X O O O X X . O . O . X
 4 O O O X O O X . X O O X .
 3 . O O . X O O O O X O O X
 2 X O X X O O X O X . X O .
 1 . X . . X3X . X . X . X .

koPOSITIONALscoreAREAtaxNONEsui1komi7.5
Time taken: 1.63214
Root visits: 206
New playouts: 205
NN rows: 204
NN batches: 70
NN avg batch size: 2.91429
PV: A6 H6 F6 E13
Tree:
: T 112.58c W 100.00c S  12.76c (+178.9 L +178.8) N     206  --  A6 H6 F6 E13
---White(^)---
A6  : T 113.98c W 100.00c S  13.61c (+179.6 L +179.5) LCB  111.31c P  7.38% WF 202.7 PSV     201 N      26  --  A6 H6 F6 E13
C1  : T 114.25c W 100.00c S  14.07c (+180.0 L +179.6) LCB  106.19c P  2.46% WF  93.6 PSV      93 N      12  --  C1 pass A6 D1
D1  : T 113.61c W 100.00c S  13.71c (+179.7 L +179.5) LCB  104.78c P  3.87% WF  78.0 PSV      67 N      10  --  D1 C1 A6
F9  : T 113.82c W 100.00c S  13.76c (+179.7 L +179.3) LCB  107.30c P  2.67% WF 100.0 PSV      58 N      13  --  F9 pass A6 N6
A12 : T 112.67c W 100.00c S  12.54c (+178.7 L +178.8) LCB  102.03c P  5.18% WF  69.4 PSV      47 N       9  --  A12 pass C13
F6  : T 113.04c W 100.00c S  13.04c (+179.2 L +178.9) LCB  102.69c P  4.12% WF  69.2 PSV      46 N       9  --  F6 pass A6
N12 : T 113.83c W 100.00c S  13.96c (+179.9 L +179.5) LCB  104.08c P  2.00% WF  70.2 PSV      44 N       9  --  N12 pass A6
E7  : T 113.74c W 100.00c S  13.62c (+179.6 L +179.3) LCB   98.10c P  2.23% WF  53.8 PSV      44 N       7  --  E7 pass A6
D3  : T 112.60c W 100.00c S  12.65c (+178.9 L +178.7) LCB  102.60c P  4.96% WF  84.3 PSV      43 N      11  --  D3 pass A6 G1
B13 : T 114.16c W 100.00c S  13.86c (+179.8 L +179.7) LCB  103.23c P  2.08% WF  70.1 PSV      39 N       9  --  B13 pass A6

2026-07-17 03:16:37+0100: = A6
2026-07-17 03:17:45+0100: Controller: play B B6
2026-07-17 03:17:45+0100: = 
2026-07-17 03:17:45+0100: Controller: genmove W
2026-07-17 03:17:46+0100: MoveNum: 139 HASH: 28E1ECAD3FA771BD895D3453C5F75904
   A B C D E F G H J K L M N
13 . . . O . . X . X . X . .
12 . . X O X X . X O X O X .
11 X X X O O O X O O O O O X
10 . X O O X X O O O . O X .
 9 X O O O . . X . X O O O X
 8 X X O . O . X X O O O X .
 7 X O O O . . X . X O X . X
 6 O2X3O X X . . . . O . O .
 5 . @ O O O X X . O . O . X
 4 O O O X O O X . X O O X .
 3 . O O . X O O O O X O O X
 2 X O X X O O X O X . X O .
 1 . X . . X1X . X . X . X .

koPOSITIONALscoreAREAtaxNONEsui1komi7.5
Time taken: 1.65438
Root visits: 206
New playouts: 206
NN rows: 202
NN batches: 69
NN avg batch size: 2.92754
PV: B5 E13 G12
Tree:
: T 118.49c W 100.00c S  18.56c (+178.8 L +178.8) N     206  --  B5 E13 G12
---White(^)---
B5  : T 119.31c W 100.00c S  19.09c (+179.3 L +179.4) LCB  115.06c P  8.13% WF 195.7 PSV     233 N      25  --  B5 E13 G12
A10 : T 118.81c W 100.00c S  18.41c (+178.7 L +179.0) LCB  113.80c P 12.92% WF 163.4 PSV     164 N      21  --  A10 N6 N2
N12 : T 119.81c W 100.00c S  19.92c (+180.0 L +179.8) LCB  112.27c P  1.93% WF  79.0 PSV      79 N      10  --  N12 A5 M13
A5  : T 119.02c W 100.00c S  19.03c (+179.2 L +179.1) LCB  110.75c P  5.83% WF  78.0 PSV      78 N      10  --  A5 pass E13
M13 : T 119.82c W 100.00c S  19.99c (+180.1 L +180.0) LCB  110.71c P  1.81% WF  71.3 PSV      71 N       9  --  M13 N13 B5
C1  : T 119.82c W 100.00c S  19.86c (+179.8 L +179.6) LCB  108.68c P  1.69% WF  63.1 PSV      63 N       8  --  C1 A5 A1
D3  : T 119.08c W 100.00c S  19.27c (+179.4 L +179.4) LCB  113.16c P  2.58% WF 117.0 PSV      46 N      15  --  D3 A5 B5 E13
D1  : T 119.21c W 100.00c S  19.27c (+179.5 L +179.4) LCB  113.70c P  2.02% WF 125.4 PSV      42 N      16  --  D1 A5 G1 E13
H4  : T 119.96c W 100.00c S  19.50c (+179.7 L +179.0) LCB   92.05c P  2.52% WF  38.9 PSV      39 N       5  --  H4 A5
H9  : T 120.52c W 100.00c S  20.18c (+180.1 L +179.7) LCB   92.68c P  1.73% WF  39.2 PSV      39 N       5  --  H9 A5

2026-07-17 03:17:46+0100: = B5
2026-07-17 03:19:31+0100: Controller: play B E7
2026-07-17 03:19:31+0100: = 
2026-07-17 03:19:31+0100: Controller: genmove W
2026-07-17 03:19:33+0100: MoveNum: 141 HASH: 25F966F33C8993E1DF0BA2362BF6BC32
   A B C D E F G H J K L M N
13 . . . O . . X . X . X . .
12 . . X O X X . X O X O X .
11 X X X O O O X O O O O O X
10 . X O O X X O O O . O X .
 9 X O O O . . X . X O O O X
 8 X X O . O . X X O O O X .
 7 X O O O X3. X . X O X . X
 6 O .1O X X @ . . . O . O .
 5 . O2O O O X X . O . O . X
 4 O O O X O O X . X O O X .
 3 . O O . X O O O O X O O X
 2 X O X X O O X O X . X O .
 1 . X . . X X . X . X . X .

koPOSITIONALscoreAREAtaxNONEsui1komi7.5
Time taken: 1.48902
Root visits: 206
New playouts: 206
NN rows: 205
NN batches: 69
NN avg batch size: 2.97101
PV: F6 F7 H6 E13 G12
Tree:
: T 112.61c W 100.00c S  12.90c (+177.2 L +177.3) N     206  --  F6 F7 H6 E13 G12
---White(^)---
F6  : T 114.39c W 100.00c S  14.42c (+178.2 L +178.3) LCB  111.83c P  7.47% WF 241.5 PSV     308 N      31  --  F6 F7 H6 E13 G12
F8  : T 114.73c W 100.00c S  14.39c (+178.3 L +178.3) LCB  111.23c P  4.51% WF 236.2 PSV     233 N      30  --  F8 E13 F9
J6  : T 114.98c W 100.00c S  14.55c (+178.5 L +178.3) LCB  111.75c P  4.22% WF 236.0 PSV     233 N      30  --  J6 N6 N2 E13
A10 : T 113.80c W 100.00c S  13.20c (+177.4 L +177.6) LCB  106.91c P  8.45% WF 139.6 PSV     137 N      18  --  A10 H6 F7
H6  : T 112.92c W 100.00c S  13.44c (+177.6 L +177.8) LCB  107.85c P  8.02% WF 169.5 PSV      75 N      22  --  H6 E13 G12 B13
H5  : T 117.28c W 100.00c S  16.21c (+179.9 L +179.4) LCB   99.97c P  2.03% WF  55.5 PSV      55 N       7  --  H5 H6 F7
D1  : T 113.24c W 100.00c S  13.27c (+177.6 L +177.6) LCB   64.47c P  1.48% WF  31.0 PSV      16 N       4  --  D1 H6
E9  : T 112.99c W 100.00c S  13.09c (+177.4 L +177.1) LCB   79.87c P  1.51% WF  38.2 PSV      14 N       5  --  E9 H6
F7  : T 107.65c W 100.00c S  10.49c (+175.2 L +176.0) LCB  -41.70c P  5.21% WF  15.0 PSV      13 N       2  --  F7 F6
A12 : T 108.80c W 100.00c S   9.64c (+174.7 L +175.0) LCB   30.63c P  3.87% WF  22.7 PSV      12 N       3  --  A12 H6

2026-07-17 03:19:33+0100: = F6
2026-07-17 03:20:32+0100: Controller: play B L6
2026-07-17 03:20:32+0100: = 
2026-07-17 03:20:32+0100: Controller: genmove W
2026-07-17 03:20:36+0100: MoveNum: 143 HASH: 31AF9AC856155F58BA6B5D590B245083
   A B C D E F G H J K L M N
13 . . . O . . X . X . X . .
12 . . X O X X . X O X O X .
11 X X X O O O X O O O O O X
10 . X O O X X O O O . O X .
 9 X O O O . . X . X O O O X
 8 X X O . O . X X O O O X .
 7 X O O O X1. X . X O X . X
 6 O . O X X O2. . . O X3O .
 5 . O O O O X X . O . O @ X
 4 O O O X O O X . X O O X .
 3 . O O . X O O O O X O O X
 2 X O X X O O X O X . X O .
 1 . X . . X X . X . X . X .

koPOSITIONALscoreAREAtaxNONEsui1komi7.5
Time taken: 3.48082
Root visits: 206
New playouts: 206
NN rows: 205
NN batches: 69
NN avg batch size: 2.97101
PV: M5 E13 F7 K13
Tree:
: T 117.38c W 100.00c S  17.24c (+177.6 L +177.5) N     206  --  M5 E13 F7 K13
---White(^)---
M5  : T 119.24c W 100.00c S  18.70c (+178.8 L +178.4) LCB  116.74c P  6.08% WF 307.1 PSV     541 N      39  --  M5 E13 F7 K13
M7  : T 118.95c W 100.00c S  18.60c (+178.8 L +178.4) LCB  116.19c P  9.38% WF 411.2 PSV     407 N      53  --  M7 pass F7 B13
N2  : T 119.36c W 100.00c S  18.37c (+178.4 L +178.1) LCB  115.98c P  3.47% WF 210.4 PSV     208 N      27  --  N2 M7 M5 E13
N12 : T 119.19c W 100.00c S  18.74c (+178.8 L +178.6) LCB  108.96c P  2.41% WF  70.4 PSV      70 N       9  --  N12 M7 M5
H4  : T 117.87c W 100.00c S  16.96c (+177.3 L +177.3) LCB  110.02c P  4.03% WF  91.9 PSV      48 N      12  --  H4 M7 M5 N6
N6  : T 117.75c W 100.00c S  17.00c (+177.4 L +177.1) LCB  107.39c P  3.16% WF  91.6 PSV      35 N      12  --  N6 B13 A12 pass
K2  : T 116.05c W 100.00c S  16.48c (+176.9 L +177.1) LCB   70.55c P  3.41% WF  30.1 PSV      18 N       4  --  K2 B13
G1  : T 116.33c W 100.00c S  16.66c (+177.2 L +177.3) LCB   70.39c P  2.49% WF  30.2 PSV      14 N       4  --  G1 B13
F7  : T 108.67c W 100.00c S  12.72c (+173.9 L +175.0) LCB  -41.04c P  8.71% WF  14.7 PSV      14 N       2  --  F7 M7
G6  : T 115.55c W 100.00c S  15.81c (+176.2 L +176.4) LCB   40.24c P  2.53% WF  22.6 PSV      12 N       3  --  G6 M7

2026-07-17 03:20:36+0100: = M5
2026-07-17 03:21:12+0100: Controller: play B N2
2026-07-17 03:21:12+0100: = 
2026-07-17 03:21:12+0100: Controller: genmove W
2026-07-17 03:21:16+0100: MoveNum: 145 HASH: 3D661204F82F5B2493D4B364EBA7CFE2
   A B C D E F G H J K L M N
13 . . . O . . X . X . X . .
12 . . X O X X . X O X O X .
11 X X X O O O X O O O O O X
10 . X O O X X O O O . O X .
 9 X O O O . . X . X O O O X
 8 X X O . O . X X O O O X .
 7 X O O O X . X . X O X @ X
 6 O . O X X O . . . O X1O .
 5 . O O O O X X . O . O O2X
 4 O O O X O O X . X O O X .
 3 . O O . X O O O O X O O X
 2 X O X X O O X O X . X O X3
 1 . X . . X X . X . X . X .

koPOSITIONALscoreAREAtaxNONEsui1komi7.5
Time taken: 3.86519
Root visits: 206
New playouts: 205
NN rows: 201
NN batches: 68
NN avg batch size: 2.95588
PV: M7 pass F7 pass A10
Tree:
: T 118.02c W 100.00c S  17.82c (+178.4 L +178.4) N     206  --  M7 pass F7 pass A10
---White(^)---
M7  : T 119.72c W 100.00c S  19.23c (+179.7 L +179.3) LCB  116.96c P  6.55% WF 284.5 PSV     281 N      36  --  M7 pass F7 pass A10
F7  : T 117.60c W 100.00c S  17.56c (+178.2 L +178.3) LCB  114.08c P 10.02% WF 154.7 PSV      66 N      20  --  F7 pass M7 pass A10
A10 : T 118.23c W 100.00c S  18.02c (+178.5 L +178.7) LCB  113.81c P  5.57% WF 116.9 PSV      49 N      15  --  A10 M7 H4 N6
N12 : T 119.73c W 100.00c S  19.53c (+179.6 L +179.4) LCB  100.13c P  2.03% WF  47.0 PSV      47 N       6  --  N12 N13 F7
H4  : T 118.52c W 100.00c S  17.93c (+178.7 L +178.5) LCB  113.94c P  3.90% WF 132.4 PSV      40 N      17  --  H4 pass F7
E13 : T 118.48c W 100.00c S  18.36c (+179.0 L +178.9) LCB  113.37c P  3.46% WF 109.2 PSV      35 N      14  --  E13 M7 F7
D3  : T 119.02c W 100.00c S  18.49c (+178.9 L +179.1) LCB  114.96c P  1.98% WF 124.9 PSV      30 N      16  --  D3 M7 H4
N6  : T 116.71c W 100.00c S  16.12c (+177.1 L +176.8) LCB  102.19c P  6.22% WF  68.0 PSV      30 N       9  --  N6 B13 A12
A12 : T 118.12c W 100.00c S  17.88c (+178.3 L +178.5) LCB  106.05c P  3.48% WF  62.1 PSV      29 N       8  --  A12 M7 H4
F9  : T 118.76c W 100.00c S  18.67c (+179.1 L +179.1) LCB  109.33c P  2.19% WF  70.3 PSV      27 N       9  --  F9 M7 H4

2026-07-17 03:21:16+0100: = M7
2026-07-17 03:21:37+0100: Controller: play B L7
2026-07-17 03:21:37+0100: = 
2026-07-17 03:21:37+0100: Controller: genmove W
2026-07-17 03:21:41+0100: MoveNum: 147 HASH: 9548ADAE734FE3F74749449A82A54F70
   A B C D E F G H J K L M N
13 . . . O . . X . X . X . .
12 . . X O X X . X O X O X .
11 X X X O O O X O O O O O X
10 . X O O X X O O O . O X .
 9 X O O O . . X . X O O O X
 8 X X O . O . X X O O O X .
 7 X O O O X . X . X O X3O2X
 6 O . O X X O . . . O @ O .
 5 . O O O O X X . O . O O X
 4 O O O X O O X . X O O X .
 3 . O O . X O O O O X O O X
 2 X O X X O O X O X . X O X1
 1 . X . . X X . X . X . X .

koPOSITIONALscoreAREAtaxNONEsui1komi7.5
Time taken: 3.66448
Root visits: 205
New playouts: 205
NN rows: 202
NN batches: 69
NN avg batch size: 2.92754
PV: L6 N6 F7 N4
Tree:
: T 112.32c W 100.00c S  12.00c (+181.1 L +180.5) N     205  --  L6 N6 F7 N4
---White(^)---
L6  : T 114.10c W 100.00c S  13.26c (+182.1 L +181.4) LCB  109.92c P  4.69% WF 258.5 PSV     255 N      33  --  L6 N6 F7 N4
N8  : T 114.10c W 100.00c S  12.51c (+181.5 L +180.5) LCB  107.91c P  6.09% WF 131.9 PSV     131 N      17  --  N8 A12 B13 M8
D3  : T 114.47c W 100.00c S  14.11c (+182.8 L +182.0) LCB  106.59c P  2.06% WF 101.9 PSV     101 N      13  --  D3 N6 F7
A10 : T 113.24c W 100.00c S  12.61c (+181.6 L +180.9) LCB  106.91c P  6.27% WF 170.9 PSV      99 N      22  --  A10 N6 F7 pass
F7  : T 112.28c W 100.00c S  11.72c (+180.9 L +180.5) LCB  106.80c P  8.26% WF 146.7 PSV      73 N      19  --  F7 N6 N8 B13
A12 : T 113.17c W 100.00c S  13.13c (+182.0 L +181.1) LCB  104.88c P  3.73% WF 101.3 PSV      56 N      13  --  A12 N6 F7
E13 : T 113.42c W 100.00c S  13.29c (+182.2 L +181.3) LCB  105.46c P  2.96% WF 108.5 PSV      55 N      14  --  E13 B13 A12 N6
N6  : T 112.15c W 100.00c S  11.35c (+180.6 L +179.5) LCB  100.91c P  6.51% WF  91.0 PSV      54 N      12  --  N6 B13 A12 pass
F9  : T 114.41c W 100.00c S  12.63c (+181.7 L +180.9) LCB   91.05c P  2.19% WF  46.8 PSV      47 N       6  --  F9 B13 A12
H4  : T 113.35c W 100.00c S  13.55c (+182.4 L +181.7) LCB  100.62c P  2.57% WF  77.7 PSV      44 N      10  --  H4 N6 F7

2026-07-17 03:21:41+0100: = L6
2026-07-17 03:22:19+0100: Controller: play B C13
2026-07-17 03:22:19+0100: = 
2026-07-17 03:22:19+0100: Controller: genmove W
2026-07-17 03:22:22+0100: MoveNum: 149 HASH: 1744BE07BB310437E972CAFFFD069F0D
   A B C D E F G H J K L M N
13 . . X3O . . X . X . X . .
12 . . X O X X . X O X O X .
11 X X X O O O X O O O O O X
10 @ X O O X X O O O . O X .
 9 X O O O . . X . X O O O X
 8 X X O . O . X X O O O X .
 7 X O O O X . X . X O .1O X
 6 O . O X X O . . . O O2O .
 5 . O O O O X X . O . O O X
 4 O O O X O O X . X O O X .
 3 . O O . X O O O O X O O X
 2 X O X X O O X O X . X O X
 1 . X . . X X . X . X . X .

koPOSITIONALscoreAREAtaxNONEsui1komi7.5
Time taken: 3.89205
Root visits: 206
New playouts: 206
NN rows: 206
NN batches: 70
NN avg batch size: 2.94286
PV: D3 B12 A13 pass
Tree:
: T 113.15c W 100.00c S  12.66c (+180.0 L +179.3) N     206  --  D3 B12 A13 pass
---White(^)---
D3  : T 116.80c W 100.00c S  15.95c (+182.5 L +181.3) LCB  110.53c P  2.24% WF 110.2 PSV     300 N      14  --  D3 B12 A13 pass
A10 : T 113.70c W 100.00c S  12.86c (+180.1 L +179.5) LCB  110.36c P 10.76% WF 277.5 PSV     276 N      36  --  A10 A9 A8 pass
H4  : T 115.10c W 100.00c S  14.05c (+181.1 L +180.2) LCB  108.76c P  2.70% WF 132.3 PSV     131 N      17  --  H4 A13 B12 pass
F9  : T 115.15c W 100.00c S  13.92c (+180.9 L +180.1) LCB  108.43c P  2.63% WF 116.7 PSV     116 N      15  --  F9 B12 A13 pass
F7  : T 113.00c W 100.00c S  12.65c (+179.9 L +179.3) LCB  107.66c P  8.23% WF 138.5 PSV     109 N      18  --  F7 A10 B13 pass
G6  : T 114.04c W 100.00c S  13.02c (+180.2 L +179.5) LCB  104.26c P  2.63% WF  84.8 PSV      85 N      11  --  G6 B12 A13 pass
E13 : T 112.88c W 100.00c S  12.17c (+179.6 L +179.0) LCB  101.68c P  5.04% WF  83.7 PSV      61 N      11  --  E13 B12 A13 pass
J6  : T 113.22c W 100.00c S  13.35c (+180.6 L +179.7) LCB  105.76c P  3.00% WF 123.0 PSV      46 N      16  --  J6 E13 F7
H6  : T 114.62c W 100.00c S  14.34c (+181.4 L +180.4) LCB   89.39c P  2.04% WF  46.3 PSV      46 N       6  --  H6 B12
N6  : T 112.27c W 100.00c S  11.44c (+179.0 L +178.4) LCB   94.83c P  4.21% WF  60.6 PSV      37 N       8  --  N6 B12 A13

2026-07-17 03:22:22+0100: = A10
2026-07-17 03:22:56+0100: Controller: play B A9
2026-07-17 03:22:56+0100: = 
2026-07-17 03:22:56+0100: Controller: genmove W
2026-07-17 03:22:58+0100: MoveNum: 151 HASH: CF467BC3644C1BDA8F83A36AFF0EA82E
   A B C D E F G H J K L M N
13 . . X1O . . X . X . X . .
12 . . X O X X . X O X O X .
11 X X X O O O X O O O O O X
10 .2X O O X X O O O . O X .
 9 X3O O O . . X . X O O O X
 8 @ . O . O . X X O O O X .
 7 . O O O X . X . X O . O X
 6 O . O X X O . . . O O O .
 5 . O O O O X X . O . O O X
 4 O O O X O O X . X O O X .
 3 . O O . X O O O O X O O X
 2 X O X X O O X O X . X O X
 1 . X . . X X . X . X . X .

koPOSITIONALscoreAREAtaxNONEsui1komi7.5
Time taken: 2.00922
Root visits: 206
New playouts: 196
NN rows: 196
NN batches: 66
NN avg batch size: 2.9697
PV: A8 pass F7 pass
Tree:
: T 120.39c W 100.00c S  20.02c (+178.7 L +178.4) N     206  --  A8 pass F7 pass
---White(^)---
A8  : T 121.27c W 100.00c S  20.68c (+179.1 L +178.8) LCB  118.66c P 13.51% WF 219.4 PSV     218 N      28  --  A8 pass F7 pass
D1  : T 122.83c W 100.00c S  22.12c (+180.7 L +179.9) LCB  115.53c P  1.68% WF  87.0 PSV      86 N      11  --  D1 B12 A13 A8
F7  : T 119.79c W 100.00c S  19.32c (+178.1 L +177.9) LCB  111.03c P  8.60% WF  84.5 PSV      59 N      11  --  F7 A8 A12
N12 : T 121.69c W 100.00c S  20.40c (+179.2 L +178.7) LCB  100.58c P  1.91% WF  46.7 PSV      47 N       6  --  N12 B12 A13
M13 : T 121.57c W 100.00c S  21.39c (+180.0 L +179.3) LCB   98.73c P  1.86% WF  46.6 PSV      41 N       6  --  M13 B12
H4  : T 121.10c W 100.00c S  20.55c (+179.4 L +178.8) LCB  115.34c P  2.58% WF 101.5 PSV      36 N      13  --  H4 pass F7
A12 : T 120.12c W 100.00c S  19.80c (+178.2 L +178.3) LCB  109.47c P  4.48% WF  69.1 PSV      35 N       9  --  A12 B12 A13
D3  : T 121.23c W 100.00c S  20.66c (+179.4 L +179.0) LCB  111.08c P  2.24% WF  77.6 PSV      34 N      10  --  D3 B12 A13
E13 : T 120.24c W 100.00c S  19.22c (+178.1 L +177.9) LCB  103.56c P  4.18% WF  53.3 PSV      34 N       7  --  E13 B12 A13
B12 : T 120.25c W 100.00c S  19.99c (+178.4 L +178.4) LCB  106.84c P  3.89% WF  61.4 PSV      32 N       8  --  B12 B13 A12

2026-07-17 03:22:58+0100: = A8
2026-07-17 03:23:35+0100: Controller: play B B13
2026-07-17 03:23:35+0100: = 
2026-07-17 03:23:35+0100: Controller: genmove W
2026-07-17 03:23:37+0100: MoveNum: 153 HASH: F6BA36BCAB1A3545BF9E3D31BB6ABA2B
   A B C D E F G H J K L M N
13 . X3X O . . X . X . X . .
12 @ . X O X X . X O X O X .
11 X X X O O O X O O O O O X
10 . X O O X X O O O . O X .
 9 X1O O O . . X . X O O O X
 8 O2. O . O . X X O O O X .
 7 . O O O X . X . X O . O X
 6 O . O X X O . . . O O O .
 5 . O O O O X X . O . O O X
 4 O O O X O O X . X O O X .
 3 . O O . X O O O O X O O X
 2 X O X X O O X O X . X O X
 1 . X . . X X . X . X . X .

koPOSITIONALscoreAREAtaxNONEsui1komi7.5
Time taken: 1.77362
Root visits: 206
New playouts: 206
NN rows: 204
NN batches: 69
NN avg batch size: 2.95652
PV: A12 pass F7 pass A10
Tree:
: T 127.61c W 100.00c S  27.61c (+178.8 L +178.4) N     206  --  A12 pass F7 pass A10
---White(^)---
A12 : T 128.25c W 100.00c S  28.21c (+179.4 L +179.0) LCB  127.66c P 97.21% WF 1553.3 PSV    1549 N     194  --  A12 pass F7 pass A10
A10 : T 105.27c W 100.00c S   6.88c (+158.9 L +158.6) LCB  -43.89c P  0.27% WF   8.9 PSV       0 N       2  --  A10 A12
F7  : T 102.56c W 100.00c S   3.76c (+156.7 L +156.8) LCB  -46.46c P  0.11% WF   5.1 PSV       0 N       2  --  F7 A12
K2  : T 101.68c W 100.00c S   1.68c (+155.1 L +153.6) LCB -248.32c P  0.13% WF   4.4 PSV       0 N       1  --  K2
N6  : T 101.98c W 100.00c S   1.98c (+155.4 L +153.8) LCB -248.02c P  0.13% WF   4.4 PSV       0 N       1  --  N6
G1  : T 101.92c W 100.00c S   1.92c (+155.2 L +153.4) LCB -248.08c P  0.13% WF   4.2 PSV       0 N       1  --  G1
K13 : T 101.28c W 100.00c S   1.28c (+154.8 L +153.1) LCB -248.72c P  0.11% WF   3.8 PSV       0 N       1  --  K13
D3  : T 103.50c W 100.00c S   3.50c (+156.4 L +154.9) LCB -246.50c P  0.11% WF   3.9 PSV       0 N       1  --  D3
N4  : T 101.41c W 100.00c S   1.41c (+154.9 L +153.3) LCB -248.59c P  0.11% WF   3.8 PSV       0 N       1  --  N4

2026-07-17 03:23:37+0100: = A12
2026-07-17 03:24:14+0100: Controller: play B J6
2026-07-17 03:24:14+0100: = 
2026-07-17 03:24:14+0100: Controller: genmove W
2026-07-17 03:24:16+0100: MoveNum: 155 HASH: DC2DB3F8914BE35C801BD5FD5AD917D5
   A B C D E F G H J K L M N
13 . X1X O . . X . X . X . .
12 O2. X O X X . X O X O X .
11 X X X O O O X O O O O O X
10 . X O O X X O O O . O X .
 9 X O O O . . X . X O O O X
 8 O . O . O . X X O O O X .
 7 . O O O X @ X . X O . O X
 6 O . O X X O . . X3O O O .
 5 . O O O O X X . O . O O X
 4 O O O X O O X . X O O X .
 3 . O O . X O O O O X O O X
 2 X O X X O O X O X . X O X
 1 . X . . X X . X . X . X .

koPOSITIONALscoreAREAtaxNONEsui1komi7.5
Time taken: 1.57504
Root visits: 205
New playouts: 199
NN rows: 199
NN batches: 68
NN avg batch size: 2.92647
PV: F7 G1 D3 pass
Tree:
: T 118.16c W 100.00c S  18.38c (+178.1 L +177.8) N     205  --  F7 G1 D3 pass
---White(^)---
F7  : T 120.52c W 100.00c S  20.21c (+179.7 L +179.2) LCB  118.57c P 17.18% WF 736.1 PSV     723 N      92  --  F7 G1 D3 pass
H6  : T 119.59c W 100.00c S  19.32c (+179.1 L +178.4) LCB  116.52c P 14.25% WF 480.5 PSV     195 N      61  --  H6 pass H7 pass K2
H5  : T 115.61c W 100.00c S  16.09c (+176.0 L +176.1) LCB   66.97c P  4.10% WF  30.0 PSV      14 N       4  --  H5 F7
G6  : T 110.69c W 100.00c S  13.50c (+173.6 L +174.7) LCB  -39.35c P  5.43% WF  14.3 PSV      10 N       2  --  G6 H6
A10 : T 109.51c W 100.00c S  12.35c (+172.8 L +173.6) LCB  -40.00c P  4.72% WF  14.5 PSV       7 N       2  --  A10 F7
N12 : T 114.87c W 100.00c S  14.87c (+174.9 L +175.3) LCB -235.13c P  2.03% WF   7.7 PSV       6 N       1  --  N12
D1  : T 116.40c W 100.00c S  16.66c (+176.4 L +176.5) LCB   40.20c P  1.39% WF  22.7 PSV       5 N       3  --  D1 F7
H4  : T 105.67c W 100.00c S  10.51c (+171.4 L +172.4) LCB  -44.42c P  4.11% WF  14.1 PSV       5 N       2  --  H4 F7
H7  : T 115.20c W 100.00c S  15.20c (+175.4 L +175.3) LCB -234.80c P  1.71% WF   7.6 PSV       5 N       1  --  H7
M13 : T 115.56c W 100.00c S  15.56c (+175.6 L +175.8) LCB -234.44c P  1.62% WF   7.7 PSV       5 N       1  --  M13

2026-07-17 03:24:16+0100: = F7
2026-07-17 03:25:00+0100: Controller: play B E7
2026-07-17 03:25:00+0100: = 
2026-07-17 03:25:00+0100: Controller: genmove W
2026-07-17 03:25:01+0100: MoveNum: 157 HASH: C9916DE254001774F22B66D4EC8EFFE5
   A B C D E F G H J K L M N
13 . X X O . . X . X . X . .
12 O . X O X X . X O X O X .
11 X X X O O O X O O O O O X
10 . X O O X X O O O . O X .
 9 X O O O . . X . X O O O X
 8 O . O . O . X X O O O X .
 7 . O O O X3O2X . X O . O X
 6 O . O . @ O . . X1O O O .
 5 . O O O O X X . O . O O X
 4 O O O X O O X . X O O X .
 3 . O O . X O O O O X O O X
 2 X O X X O O X O X . X O X
 1 . X . . X X . X . X . X .

koPOSITIONALscoreAREAtaxNONEsui1komi7.5
Time taken: 1.70987
Root visits: 206
New playouts: 206
NN rows: 205
NN batches: 71
NN avg batch size: 2.88732
PV: E6 N6 N4 N8
Tree:
: T 115.36c W 100.00c S  14.82c (+180.9 L +180.2) N     206  --  E6 N6 N4 N8
---White(^)---
E6  : T 116.74c W 100.00c S  16.36c (+182.0 L +181.4) LCB  112.27c P  6.25% WF 268.1 PSV     265 N      34  --  E6 N6 N4 N8
K2  : T 116.52c W 100.00c S  16.18c (+181.9 L +181.1) LCB  109.22c P  4.47% WF 149.5 PSV     128 N      19  --  K2 E6 J1
N6  : T 116.60c W 100.00c S  15.90c (+181.7 L +180.7) LCB  107.82c P  4.63% WF 102.3 PSV     102 N      13  --  N6 pass N4
A10 : T 115.33c W 100.00c S  14.76c (+180.8 L +180.1) LCB  109.04c P  6.53% WF 163.2 PSV      67 N      21  --  A10 pass K2
G12 : T 115.75c W 100.00c S  15.36c (+181.4 L +180.5) LCB  108.15c P  3.92% WF 132.8 PSV      52 N      17  --  G12 pass A10
N4  : T 120.22c W 100.00c S  18.92c (+184.0 L +182.7) LCB   99.80c P  4.20% WF  48.1 PSV      47 N       6  --  N4 N6
G6  : T 115.07c W 100.00c S  14.35c (+180.6 L +179.8) LCB  106.76c P  4.04% WF 132.0 PSV      36 N      17  --  G6 pass E6
D3  : T 115.31c W 100.00c S  14.76c (+180.8 L +180.2) LCB  106.13c P  3.59% WF  93.5 PSV      36 N      12  --  D3 pass E6
H4  : T 115.46c W 100.00c S  15.27c (+181.1 L +180.4) LCB  108.74c P  3.08% WF 108.9 PSV      34 N      14  --  H4 N6 E13
E13 : T 114.49c W 100.00c S  13.77c (+180.2 L +179.5) LCB  100.68c P  4.41% WF  69.6 PSV      31 N       9  --  E13 pass E6

2026-07-17 03:25:01+0100: = E6
2026-07-17 03:26:04+0100: Controller: play B H5
2026-07-17 03:26:04+0100: = 
2026-07-17 03:26:04+0100: Controller: genmove W
2026-07-17 03:26:05+0100: MoveNum: 159 HASH: 23B155B0AC6D0337E15738C605B01244
   A B C D E F G H J K L M N
13 . X X O . . X . X . X . .
12 O . X O X X . X O X O X .
11 X X X O O O X O O O O O X
10 . X O O X X O O O . O X .
 9 X O O O . . X . X O O O X
 8 O . O . O . X X O O O X .
 7 . O O O .1O X . X O . O X
 6 O . O . O2O . . X O O O .
 5 . O O O O X X X3O . O O X
 4 O O O X O O X . X O O X @
 3 . O O . X O O O O X O O X
 2 X O X X O O X O X . X O X
 1 . X . . X X . X . X . X .

koPOSITIONALscoreAREAtaxNONEsui1komi7.5
Time taken: 1.60285
Root visits: 205
New playouts: 205
NN rows: 204
NN batches: 70
NN avg batch size: 2.91429
PV: N4 K5
Tree:
: T 113.05c W 100.00c S  12.59c (+181.6 L +180.9) N     205  --  N4 K5
---White(^)---
N4  : T 117.64c W 100.00c S  17.04c (+184.6 L +183.5) LCB  112.16c P  4.07% WF 104.2 PSV     440 N      13  --  N4 K5
A10 : T 113.09c W 100.00c S  12.77c (+181.7 L +181.1) LCB  107.71c P  5.21% WF 179.2 PSV     179 N      23  --  A10 N6 A9 N8
N6  : T 114.41c W 100.00c S  13.92c (+182.6 L +181.7) LCB  106.75c P  4.49% WF 125.7 PSV     125 N      16  --  N6 K5 N4
D3  : T 114.68c W 100.00c S  14.40c (+182.9 L +182.2) LCB  106.70c P  3.38% WF 110.3 PSV     110 N      14  --  D3 G1 D1
E13 : T 115.74c W 100.00c S  15.79c (+184.1 L +182.9) LCB  107.42c P  3.75% WF 102.9 PSV     102 N      13  --  E13 G1 K2
G12 : T 112.80c W 100.00c S  12.43c (+181.5 L +180.8) LCB  106.18c P  4.15% WF 178.5 PSV      93 N      23  --  G12 K5 A10
G6  : T 112.07c W 100.00c S  11.32c (+180.6 L +180.0) LCB  103.60c P  7.31% WF 131.3 PSV      88 N      17  --  G6 pass H4
K2  : T 112.39c W 100.00c S  12.15c (+181.2 L +180.6) LCB  105.83c P  5.44% WF 177.8 PSV      82 N      23  --  K2 M13 J1 E13
H9  : T 116.85c W 100.00c S  16.15c (+184.1 L +183.0) LCB  109.20c P  3.47% WF  79.3 PSV      78 N      10  --  H9 N4
F9  : T 112.62c W 100.00c S  12.38c (+181.4 L +180.7) LCB  107.01c P  4.03% WF 162.7 PSV      74 N      21  --  F9 N6 H4

2026-07-17 03:26:05+0100: = N4
2026-07-17 03:26:32+0100: Controller: play B K5
2026-07-17 03:26:32+0100: = 
2026-07-17 03:26:32+0100: Controller: genmove W
2026-07-17 03:26:34+0100: MoveNum: 161 HASH: BBF64732623C0DED75CFCA74F2FE6AEE
   A B C D E F G H J K L M N
13 . X X O . . X . X . X . .
12 O . X O X X . X O X O X .
11 X X X O O O X O O O O O X
10 . X O O X X O O O . O X .
 9 X O O O . . X . X O O O X
 8 O . O . O . X X O O O X .
 7 . O O O . O X . X O . O X
 6 O . O . O O . . X O O O .
 5 . O O O O X X X1. X3O O X
 4 O O O X O O X . X O O . O2
 3 . O O . X O O O O X O O X
 2 X O X X O O X O X @ X O X
 1 . X . . X X . X . X . X .

koPOSITIONALscoreAREAtaxNONEsui1komi7.5
Time taken: 1.85159
Root visits: 205
New playouts: 204
NN rows: 194
NN batches: 66
NN avg batch size: 2.93939
PV: K2 M4 L1 J1
Tree:
: T 118.43c W 100.00c S  18.21c (+179.8 L +179.4) N     205  --  K2 M4 L1 J1
---White(^)---
K2  : T 119.95c W 100.00c S  19.78c (+181.1 L +180.5) LCB  116.34c P  4.68% WF 222.1 PSV     220 N      28  --  K2 M4 L1 J1
N8  : T 119.65c W 100.00c S  19.46c (+181.0 L +180.4) LCB  112.68c P  3.40% WF 102.6 PSV      88 N      13  --  N8 M4 N6
N1  : T 117.95c W 100.00c S  17.84c (+179.4 L +178.9) LCB  113.48c P  9.48% WF 140.3 PSV      68 N      18  --  N1 N2 J5
G6  : T 118.44c W 100.00c S  18.21c (+179.9 L +179.4) LCB  112.84c P  6.19% WF 140.6 PSV      56 N      18  --  G6 M4 A10
N10 : T 119.24c W 100.00c S  19.00c (+180.5 L +180.0) LCB  111.64c P  3.46% WF  94.4 PSV      54 N      12  --  N10 M4 N12
N6  : T 117.22c W 100.00c S  17.05c (+178.7 L +178.3) LCB  109.52c P  9.19% WF  85.1 PSV      50 N      11  --  N6 pass K2
F9  : T 118.90c W 100.00c S  18.72c (+180.1 L +179.6) LCB  113.56c P  3.86% WF 125.6 PSV      46 N      16  --  F9 M4 G12
A10 : T 118.45c W 100.00c S  18.33c (+179.9 L +179.7) LCB  113.46c P  4.54% WF 125.1 PSV      41 N      16  --  A10 M4 G12
E13 : T 120.95c W 100.00c S  19.92c (+180.9 L +180.5) LCB   92.81c P  3.90% WF  39.6 PSV      40 N       5  --  E13 M4
H9  : T 118.57c W 100.00c S  18.11c (+179.6 L +179.2) LCB  112.11c P  3.88% WF 109.2 PSV      37 N      14  --  H9 pass N6

2026-07-17 03:26:34+0100: = K2
2026-07-17 03:26:55+0100: Controller: play B F8
2026-07-17 03:26:55+0100: = 
2026-07-17 03:26:55+0100: Controller: genmove W
2026-07-17 03:26:57+0100: MoveNum: 163 HASH: FCAF1CA888C1B2B4C01ED052E279335D
   A B C D E F G H J K L M N
13 . X X O . . X . X . X . .
12 O . X O X X . X O X O X .
11 X X X O O O X O O O O O X
10 . X O O X X O O O . O X .
 9 X O O O . . X . X O O O X
 8 O . O . O X3X X O O O X .
 7 . O O O . O X . X O . O X
 6 O . O . O O . . X O O O .
 5 . O O O O X X X . X1O O X
 4 O O O X O O X . X O O . O
 3 . O O . X O O O O . O O X
 2 X O X X O O X O X O2X O X
 1 . X . . X X @ X . X . X .

koPOSITIONALscoreAREAtaxNONEsui1komi7.5
Time taken: 1.5475
Root visits: 206
New playouts: 206
NN rows: 205
NN batches: 70
NN avg batch size: 2.92857
PV: G1 M4 J1
Tree:
: T 115.61c W 100.00c S  15.23c (+180.5 L +179.8) N     206  --  G1 M4 J1
---White(^)---
G1  : T 121.23c W 100.00c S  21.07c (+185.2 L +183.6) LCB  113.15c P  2.97% WF  89.4 PSV     326 N      11  --  G1 M4 J1
J1  : T 117.20c W 100.00c S  16.93c (+182.0 L +180.7) LCB  111.23c P  6.67% WF 213.4 PSV     211 N      27  --  J1 M4 G1 pass
G6  : T 115.49c W 100.00c S  15.05c (+180.4 L +179.8) LCB  107.08c P  6.24% WF 116.4 PSV      51 N      15  --  G6 M4 A10
N1  : T 115.40c W 100.00c S  14.86c (+180.3 L +179.3) LCB  107.97c P  6.21% WF 147.7 PSV      49 N      19  --  N1 pass L1
K3  : T 115.78c W 100.00c S  15.34c (+180.7 L +179.7) LCB  108.81c P  5.12% WF 163.9 PSV      48 N      21  --  K3 pass G6
L1  : T 115.60c W 100.00c S  15.46c (+180.8 L +179.8) LCB  108.52c P  5.60% WF 156.0 PSV      48 N      20  --  L1 M4 J1
F9  : T 115.60c W 100.00c S  15.11c (+180.3 L +179.7) LCB  108.28c P  5.43% WF 116.5 PSV      47 N      15  --  F9 M4 L1
N6  : T 115.24c W 100.00c S  14.66c (+179.9 L +179.3) LCB  106.60c P  5.61% WF  93.0 PSV      42 N      12  --  N6 pass A10
A10 : T 115.73c W 100.00c S  15.67c (+180.7 L +180.4) LCB  107.14c P  3.96% WF  93.8 PSV      36 N      12  --  A10 M4 J1
J5  : T 115.63c W 100.00c S  15.40c (+180.5 L +180.0) LCB  109.17c P  3.99% WF 132.6 PSV      35 N      17  --  J5 K3 G12

2026-07-17 03:26:57+0100: = G1
2026-07-17 03:27:23+0100: Controller: play B K3
2026-07-17 03:27:23+0100: = 
2026-07-17 03:27:23+0100: Controller: genmove W
2026-07-17 03:27:25+0100: MoveNum: 165 HASH: 121EF3B04E0A5E130C8834CB88F0FDCB
   A B C D E F G H J K L M N
13 . X X O . . X . X . X . .
12 O . X O X X . X O X O X .
11 X X X O O O X O O O O O X
10 . X O O X X O O O . O X .
 9 X O O O . . X . X O O O X
 8 O . O . O X1X X O O O X .
 7 . O O O . O X . X O . O X
 6 O . O . O O . . X O O O .
 5 . O O O O X X X . X O O X
 4 O O O X O O X . X O O . O
 3 . O O . X O O O O X3O O X
 2 X O X X O O . O X . X O X
 1 . X . . X X O2X @ X . X .

koPOSITIONALscoreAREAtaxNONEsui1komi7.5
Time taken: 1.9495
Root visits: 206
New playouts: 205
NN rows: 195
NN batches: 66
NN avg batch size: 2.95455
PV: J1 K2 L1 M4 A10
Tree:
: T 112.65c W 100.00c S  12.43c (+180.2 L +179.7) N     206  --  J1 K2 L1 M4 A10
---White(^)---
J1  : T 113.46c W 100.00c S  13.28c (+180.9 L +180.0) LCB  108.79c P  6.43% WF 258.7 PSV     257 N      33  --  J1 K2 L1 M4 A10
G6  : T 112.66c W 100.00c S  12.32c (+180.1 L +179.6) LCB  105.01c P  5.47% WF 100.9 PSV      78 N      13  --  G6 G2 N6
J5  : T 112.53c W 100.00c S  12.36c (+180.2 L +179.8) LCB  105.58c P  5.68% WF 116.7 PSV      73 N      15  --  J5 G2 K2
D1  : T 112.43c W 100.00c S  12.44c (+180.2 L +179.7) LCB  105.51c P  5.66% WF 101.4 PSV      68 N      13  --  D1 K2 J1
F9  : T 112.64c W 100.00c S  12.38c (+180.1 L +179.6) LCB  105.01c P  4.82% WF  93.0 PSV      67 N      12  --  F9 K2 J1
N10 : T 114.92c W 100.00c S  14.56c (+181.7 L +181.2) LCB  102.50c P  3.30% WF  63.3 PSV      63 N       8  --  N10 G2 N12
H9  : T 115.53c W 100.00c S  14.79c (+181.8 L +181.0) LCB  104.02c P  3.81% WF  63.0 PSV      62 N       8  --  H9 M4
G2  : T 112.81c W 100.00c S  12.60c (+180.4 L +179.4) LCB  103.43c P  3.58% WF 101.0 PSV      58 N      13  --  G2 M4 A10
N1  : T 112.13c W 100.00c S  11.81c (+179.7 L +179.2) LCB  102.34c P  5.74% WF  85.2 PSV      57 N      11  --  N1 N2 K2
N6  : T 112.15c W 100.00c S  11.97c (+179.8 L +179.5) LCB  106.35c P  5.27% WF 108.4 PSV      53 N      14  --  N6 G2 D3

2026-07-17 03:27:25+0100: = J1
2026-07-17 03:27:38+0100: Controller: play B M13
2026-07-17 03:27:38+0100: = 
2026-07-17 03:27:38+0100: Controller: genmove W
2026-07-17 03:27:39+0100: MoveNum: 167 HASH: 47E440331ABE94050D0C118F63D72BD4
   A B C D E F G H J K L M N
13 . X X O @ . X . X . X X3.
12 O . X O X X . X O X O X .
11 X X X O O O X O O O O O X
10 . X O O X X O O O . O X .
 9 X O O O . . X . X O O O X
 8 O . O . O X X X O O O X .
 7 . O O O . O X . X O . O X
 6 O . O . O O . . X O O O .
 5 . O O O O X X X . X O O X
 4 O O O X O O X . X O O . O
 3 . O O . X O O O O X1O O X
 2 X O X X O O . O X . X O X
 1 . X . . X X O . O2X . X .

koPOSITIONALscoreAREAtaxNONEsui1komi7.5
Time taken: 1.77219
Root visits: 206
New playouts: 205
NN rows: 205
NN batches: 69
NN avg batch size: 2.97101
PV: E13 H1 K2 G2 J1 M4
Tree:
: T 114.00c W 100.00c S  13.83c (+179.3 L +178.8) N     206  --  E13 H1 K2 G2 J1 M4
---White(^)---
E13 : T 115.33c W 100.00c S  15.14c (+180.5 L +179.6) LCB  112.28c P 10.62% WF 566.7 PSV     561 N      75  --  E13 H1 K2 G2 J1 M4
N12 : T 115.26c W 100.00c S  14.90c (+180.2 L +179.6) LCB  111.47c P 10.00% WF 298.6 PSV     297 N      38  --  N12 N13 K2 pass
K13 : T 114.13c W 100.00c S  13.73c (+179.2 L +178.8) LCB  110.11c P  6.10% WF 208.8 PSV      70 N      27  --  K13 N12 N10
G12 : T 113.83c W 100.00c S  13.74c (+179.3 L +178.7) LCB  107.42c P  5.70% WF 123.6 PSV      55 N      16  --  G12 M4 H13
N10 : T 114.36c W 100.00c S  13.57c (+178.9 L +178.7) LCB  107.59c P  3.92% WF  92.7 PSV      53 N      12  --  N10 N12 G12
K2  : T 108.95c W 100.00c S  10.00c (+176.2 L +176.5) LCB   34.84c P  7.35% WF  22.3 PSV      19 N       3  --  K2 E13
N1  : T 109.07c W 100.00c S   8.89c (+175.4 L +175.5) LCB  -39.94c P  5.22% WF  14.9 PSV      14 N       2  --  N1 E13
D1  : T 109.96c W 100.00c S   9.84c (+176.1 L +176.2) LCB   35.78c P  3.67% WF  22.2 PSV      11 N       3  --  D1 E13
N6  : T 109.68c W 100.00c S   9.93c (+176.2 L +176.3) LCB  -39.34c P  3.93% WF  14.9 PSV      11 N       2  --  N6 N12
N8  : T 110.82c W 100.00c S  10.96c (+176.9 L +177.0) LCB  -38.18c P  2.93% WF  15.1 PSV      10 N       2  --  N8 E13

2026-07-17 03:27:39+0100: = E13
2026-07-17 03:27:51+0100: Controller: play B H1
2026-07-17 03:27:51+0100: = 
2026-07-17 03:27:51+0100: Controller: genmove W
2026-07-17 03:27:53+0100: MoveNum: 169 HASH: 0CA4F6039E26CA88EE0F0B65A9774958
   A B C D E F G H J K L M N
13 . X X O O2. X . X . X X1.
12 O . X O X X . X O X O X .
11 X X X O O O X O O O O O X
10 . X O O X X O O O . O X .
 9 X O O O . . X . X O O O X
 8 O . O . O X X X O O O X .
 7 . O O O . O X . X O . O X
 6 O . O . O O . . X O O O .
 5 . O O O O X X X . X O O X
 4 O O O X O O X . X O O . O
 3 . O O . X O O O O X O O X
 2 X O X X O O . O X @ X O X
 1 . X . . X X O X3. X . X .

koPOSITIONALscoreAREAtaxNONEsui1komi7.5
Time taken: 1.25828
Root visits: 206
New playouts: 160
NN rows: 158
NN batches: 54
NN avg batch size: 2.92593
PV: K2 M4 J1 pass
Tree:
: T 121.97c W 100.00c S  21.83c (+180.0 L +179.4) N     206  --  K2 M4 J1 pass
---White(^)---
K2  : T 122.89c W 100.00c S  22.69c (+180.9 L +180.1) LCB  119.89c P  9.21% WF 300.4 PSV     298 N      38  --  K2 M4 J1 pass
G2  : T 123.16c W 100.00c S  23.18c (+181.3 L +180.0) LCB  112.26c P  3.60% WF  71.3 PSV      71 N       9  --  G2 M4 N6
N8  : T 123.53c W 100.00c S  23.28c (+181.3 L +180.4) LCB  113.45c P  3.09% WF  71.6 PSV      71 N       9  --  N8 G2 N10
N1  : T 121.62c W 100.00c S  21.45c (+179.5 L +178.9) LCB  115.74c P  7.27% WF 109.7 PSV      68 N      14  --  N1 G2 D3
D1  : T 121.70c W 100.00c S  21.69c (+179.8 L +179.2) LCB  115.68c P  5.46% WF 102.2 PSV      54 N      13  --  D1 J1 K2
G12 : T 121.98c W 100.00c S  21.93c (+180.1 L +179.6) LCB  115.66c P  4.49% WF 102.3 PSV      52 N      13  --  G12 M4 F13
J5  : T 124.96c W 100.00c S  24.14c (+182.3 L +181.2) LCB  104.71c P  3.54% WF  48.1 PSV      48 N       6  --  J5 G2
H9  : T 123.55c W 100.00c S  22.92c (+180.5 L +179.8) LCB  103.74c P  3.26% WF  47.6 PSV      48 N       6  --  H9 M4
A10 : T 121.71c W 100.00c S  21.79c (+180.0 L +179.6) LCB  115.27c P  4.69% WF 102.2 PSV      46 N      13  --  A10 M4 J1
N6  : T 121.35c W 100.00c S  21.16c (+179.0 L +178.6) LCB  111.74c P  5.18% WF  70.4 PSV      42 N       9  --  N6 G2 N1

2026-07-17 03:27:53+0100: = K2
2026-07-17 03:28:16+0100: Controller: play B G2
2026-07-17 03:28:16+0100: = 
2026-07-17 03:28:16+0100: Controller: genmove W
2026-07-17 03:28:18+0100: MoveNum: 171 HASH: E215191B58ED262F2299EFFCC3FE87CE
   A B C D E F G H J K L M N
13 . X X O O . X . X . X X .
12 O . X O X X . X O X O X .
11 X X X O O O X O O O O O X
10 . X O O X X O O O . O X .
 9 X O O O . . X . X O O O X
 8 O . O . O X X X O O O X .
 7 . O O O . O X . X O . O X
 6 O . O . O O . . X O O O .
 5 . O O O O X X X . X O O X
 4 O O O X O O X . X O O . O
 3 . O O . X O O O O . O O X
 2 X O X X O O X3O X O2X O X
 1 . X . . X X . X1@ X . X .

koPOSITIONALscoreAREAtaxNONEsui1komi7.5
Time taken: 1.50399
Root visits: 206
New playouts: 194
NN rows: 185
NN batches: 62
NN avg batch size: 2.98387
PV: J1 M4 L1 pass
Tree:
: T 122.06c W 100.00c S  22.00c (+180.1 L +179.6) N     206  --  J1 M4 L1 pass
---White(^)---
J1  : T 122.74c W 100.00c S  22.63c (+180.9 L +179.9) LCB  119.02c P 10.13% WF 213.6 PSV     212 N      27  --  J1 M4 L1 pass
L1  : T 122.77c W 100.00c S  22.58c (+181.0 L +180.1) LCB  118.07c P  7.12% WF 158.3 PSV     156 N      20  --  L1 M4 J1 N6
K3  : T 121.83c W 100.00c S  21.84c (+180.3 L +179.5) LCB  115.33c P  5.49% WF 102.0 PSV      53 N      13  --  K3 M4 A10
D3  : T 121.99c W 100.00c S  21.91c (+179.9 L +179.5) LCB  115.47c P  4.66% WF  94.4 PSV      50 N      12  --  D3 M4 K3
K13 : T 122.28c W 100.00c S  22.42c (+180.7 L +180.3) LCB  116.31c P  3.76% WF 102.6 PSV      49 N      13  --  K13 M4 G1
N1  : T 121.37c W 100.00c S  21.42c (+179.4 L +179.0) LCB  111.51c P  6.42% WF  70.5 PSV      49 N       9  --  N1 N2 J1
N8  : T 125.05c W 100.00c S  24.48c (+182.2 L +181.6) LCB  105.45c P  2.58% WF  48.2 PSV      48 N       6  --  N8 M4
G12 : T 122.44c W 100.00c S  22.49c (+180.6 L +180.1) LCB  116.47c P  2.84% WF  94.9 PSV      43 N      12  --  G12 G1 J1
G6  : T 121.73c W 100.00c S  21.84c (+180.0 L +179.4) LCB  113.97c P  4.73% WF  86.3 PSV      43 N      11  --  G6 G1 K3
N6  : T 121.33c W 100.00c S  21.26c (+178.9 L +178.9) LCB  110.01c P  5.61% WF  62.6 PSV      42 N       8  --  N6 K3 G1

2026-07-17 03:28:18+0100: = J1
2026-07-17 03:28:32+0100: Controller: play B G6
2026-07-17 03:28:32+0100: = 
2026-07-17 03:28:32+0100: Controller: genmove W
2026-07-17 03:28:33+0100: MoveNum: 173 HASH: E0E866291FD14B41D6B1762FE5A8BF75
   A B C D E F G H J K L M N
13 . X X O O . X . X . X X .
12 O . X O X X . X O X O X .
11 X X X O O O X O O O O O X
10 . X O O X X O O O . O X .
 9 X O O O . . X . X O O O X
 8 O . O . O X X X O O O X .
 7 . O O O . O X . X O . O X
 6 O . O . O O X3. X O O O .
 5 . O O O O X X X . X O O X
 4 O O O X O O X . X O O . O
 3 . O O . X O O O O . O O X
 2 X O X X O O X1O . O X O X
 1 . X . . X X @ X O2X . X .

koPOSITIONALscoreAREAtaxNONEsui1komi7.5
Time taken: 1.41728
Root visits: 206
New playouts: 205
NN rows: 201
NN batches: 69
NN avg batch size: 2.91304
PV: G1 M4 A10 N6
Tree:
: T 114.69c W 100.00c S  14.27c (+180.2 L +179.2) N     206  --  G1 M4 A10 N6
---White(^)---
G1  : T 114.69c W 100.00c S  14.39c (+180.2 L +179.3) LCB  110.18c P  8.65% WF 203.0 PSV     240 N      26  --  G1 M4 A10 N6
F9  : T 115.16c W 100.00c S  14.74c (+180.7 L +179.6) LCB  109.37c P  5.82% WF 195.5 PSV     195 N      25  --  F9 M4 L1 pass
N1  : T 116.02c W 100.00c S  15.47c (+181.3 L +179.9) LCB  109.41c P  4.39% WF 149.7 PSV     149 N      19  --  N1 pass L1
H4  : T 114.69c W 100.00c S  14.14c (+180.3 L +179.0) LCB  107.65c P  5.89% WF 163.0 PSV     139 N      21  --  H4 pass J5
H9  : T 114.66c W 100.00c S  14.17c (+180.2 L +179.2) LCB  107.26c P  4.91% WF 116.7 PSV     112 N      15  --  H9 pass L1
L1  : T 114.35c W 100.00c S  14.18c (+180.0 L +179.2) LCB  109.32c P  6.79% WF 124.5 PSV     111 N      16  --  L1 pass G1
J2  : T 116.93c W 100.00c S  16.66c (+181.9 L +180.3) LCB  109.81c P  4.08% WF 102.8 PSV     102 N      13  --  J2 M4 L1
A10 : T 114.63c W 100.00c S  14.46c (+180.2 L +179.7) LCB  108.83c P  4.43% WF 117.1 PSV      97 N      15  --  A10 J2 L1
J5  : T 114.22c W 100.00c S  13.93c (+179.7 L +179.0) LCB  108.47c P  6.18% WF 108.6 PSV      91 N      14  --  J5 M4 G1
H7  : T 114.49c W 100.00c S  14.11c (+180.2 L +179.2) LCB  106.83c P  4.79% WF 124.5 PSV      90 N      16  --  H7 pass L1

2026-07-17 03:28:33+0100: = G1
2026-07-17 03:28:41+0100: Controller: play B M4
2026-07-17 03:28:41+0100: = 
2026-07-17 03:28:41+0100: Controller: genmove W
2026-07-17 03:28:43+0100: MoveNum: 175 HASH: B96C893AEB0F81B739866C1A342F421A
   A B C D E F G H J K L M N
13 . X X O O . X . X @ X X .
12 O . X O X X . X O X O X .
11 X X X O O O X O O O O O X
10 . X O O X X O O O . O X .
 9 X O O O . . X . X O O O X
 8 O . O . O X X X O O O X .
 7 . O O O . O X . X O . O X
 6 O . O . O O X1. X O O O .
 5 . O O O O X X X . X O O X
 4 O O O X O O X . X O O X3.
 3 . O O . X O O O O . O O X
 2 X O X X O O . O . O X O X
 1 . X . . X X O2. O X . X .

koPOSITIONALscoreAREAtaxNONEsui1komi7.5
Time taken: 1.9696
Root visits: 203
New playouts: 191
NN rows: 186
NN batches: 65
NN avg batch size: 2.86154
PV: K13 N4 K12
Tree:
: T 123.63c W 100.00c S  23.42c (+181.0 L +179.8) N     203  --  K13 N4 K12
---White(^)---
K13 : T 124.01c W 100.00c S  24.10c (+181.7 L +180.6) LCB  118.76c P  4.12% WF 118.9 PSV     151 N      15  --  K13 N4 K12
D1  : T 123.96c W 100.00c S  23.95c (+181.5 L +180.2) LCB  118.59c P  4.21% WF 110.9 PSV     111 N      14  --  D1 pass L1
D3  : T 124.05c W 100.00c S  23.89c (+181.5 L +180.0) LCB  118.19c P  3.65% WF 110.9 PSV     111 N      14  --  D3 pass L1
N6  : T 123.64c W 100.00c S  23.37c (+181.0 L +179.7) LCB  116.90c P  6.41% WF 102.6 PSV     103 N      13  --  N6 pass F9
J5  : T 123.36c W 100.00c S  23.16c (+180.8 L +179.8) LCB  116.06c P  6.00% WF  94.4 PSV      81 N      12  --  J5 pass A10
N8  : T 123.76c W 100.00c S  23.56c (+181.3 L +180.1) LCB  116.13c P  3.97% WF  94.8 PSV      80 N      12  --  N8 pass A10
N12 : T 124.46c W 100.00c S  24.14c (+181.4 L +180.2) LCB  116.20c P  4.03% WF  79.4 PSV      79 N      10  --  N12 pass A10
G12 : T 124.03c W 100.00c S  23.78c (+181.5 L +180.1) LCB  115.12c P  3.51% WF  79.1 PSV      79 N      10  --  G12 pass F13
F13 : T 125.84c W 100.00c S  25.58c (+183.4 L +181.4) LCB  117.68c P  2.76% WF  80.1 PSV      79 N      10  --  F13 pass G12
H7  : T 123.68c W 100.00c S  23.36c (+180.7 L +179.4) LCB  113.39c P  4.26% WF  71.0 PSV      72 N       9  --  H7 pass F9

2026-07-17 03:28:43+0100: = K13
2026-07-17 03:28:53+0100: Controller: play B B12
2026-07-17 03:28:53+0100: = 
2026-07-17 03:28:53+0100: Controller: genmove W
2026-07-17 03:28:55+0100: MoveNum: 177 HASH: EF11B4CC9011384F6F5F2D4686A139C7
   A B C D E F G H J K L M N
13 . X X O O . X . X O2X X .
12 O X3X O X X @ X O . O X .
11 X X X O O O X O O O O O X
10 . X O O X X O O O . O X .
 9 X O O O . . X . X O O O X
 8 O . O . O X X X O O O X .
 7 . O O O . O X . X O . O X
 6 O . O . O O X . X O O O .
 5 . O O O O X X X . X O O X
 4 O O O X O O X . X O O X1.
 3 . O O . X O O O O . O O X
 2 X O X X O O . O . O X O X
 1 . X . . X X O . O X . X .

koPOSITIONALscoreAREAtaxNONEsui1komi7.5
Time taken: 1.81727
Root visits: 206
New playouts: 206
NN rows: 199
NN batches: 70
NN avg batch size: 2.84286
PV: G12 pass H13
Tree:
: T 114.53c W 100.00c S  14.12c (+181.2 L +180.3) N     206  --  G12 pass H13
---White(^)---
G12 : T 115.06c W 100.00c S  14.80c (+181.6 L +181.0) LCB  110.34c P  3.34% WF 133.4 PSV     183 N      17  --  G12 pass H13
N6  : T 114.86c W 100.00c S  14.49c (+181.4 L +180.5) LCB  107.82c P  4.69% WF 109.6 PSV     110 N      14  --  N6 pass N4
D3  : T 115.95c W 100.00c S  15.46c (+182.3 L +181.0) LCB  108.16c P  3.63% WF 110.5 PSV     110 N      14  --  D3 pass D1
F9  : T 114.74c W 100.00c S  14.34c (+181.5 L +180.3) LCB  108.14c P  4.55% WF 132.9 PSV     105 N      17  --  F9 pass E9
H9  : T 114.88c W 100.00c S  14.31c (+181.5 L +180.4) LCB  106.39c P  4.12% WF 101.7 PSV     102 N      13  --  H9 pass J5
H7  : T 114.94c W 100.00c S  14.42c (+181.5 L +180.4) LCB  106.33c P  3.67% WF 102.0 PSV     102 N      13  --  H7 pass J5
D1  : T 115.49c W 100.00c S  14.92c (+181.9 L +180.8) LCB  107.48c P  3.66% WF 102.2 PSV     102 N      13  --  D1 pass D3
H13 : T 114.60c W 100.00c S  14.30c (+181.1 L +180.3) LCB  107.96c P  5.03% WF  93.6 PSV      94 N      12  --  H13 pass G12
N12 : T 114.40c W 100.00c S  13.94c (+181.0 L +180.4) LCB  107.70c P  5.73% WF 109.1 PSV      91 N      14  --  N12 pass N10
J5  : T 114.70c W 100.00c S  14.23c (+181.2 L +180.4) LCB  106.39c P  5.09% WF  86.0 PSV      86 N      11  --  J5 pass A10

2026-07-17 03:28:55+0100: = G12
2026-07-17 03:29:03+0100: Controller: play B K12
2026-07-17 03:29:03+0100: = 
2026-07-17 03:29:03+0100: Controller: genmove W
2026-07-17 03:29:04+0100: MoveNum: 179 HASH: FD0A32ACB6AF22F19B82C944D317B2C4
   A B C D E F G H J K L M N
13 . X X O O @ X . X . X X .
12 O X1X O X X O2X O X3O X .
11 X X X O O O . O O O O O X
10 . X O O X X O O O . O X .
 9 X O O O . . X . X O O O X
 8 O . O . O X X X O O O X .
 7 . O O O . O X . X O . O X
 6 O . O . O O X . X O O O .
 5 . O O O O X X X . X O O X
 4 O O O X O O X . X O O X .
 3 . O O . X O O O O . O O X
 2 X O X X O O . O . O X O X
 1 . X . . X X O . O X . X .

koPOSITIONALscoreAREAtaxNONEsui1komi7.5
Time taken: 1.60957
Root visits: 204
New playouts: 200
NN rows: 191
NN batches: 65
NN avg batch size: 2.93846
PV: J5 K13 F13
Tree:
: T 121.01c W 100.00c S  20.96c (+180.8 L +180.2) N     204  --  J5 K13 F13
---White(^)---
J5  : T 121.53c W 100.00c S  21.71c (+181.5 L +181.0) LCB  115.97c P  3.49% WF 103.2 PSV     166 N      13  --  J5 K13 F13
F13 : T 120.55c W 100.00c S  20.69c (+180.8 L +180.0) LCB  115.96c P 11.60% WF 165.0 PSV     166 N      21  --  F13 pass A10 pass
H13 : T 120.84c W 100.00c S  20.86c (+180.9 L +180.3) LCB  115.83c P  8.71% WF 126.0 PSV     127 N      16  --  H13 pass K13
G11 : T 121.25c W 100.00c S  21.11c (+181.1 L +180.2) LCB  115.42c P  5.81% WF 110.5 PSV     111 N      14  --  G11 pass F9
A10 : T 120.67c W 100.00c S  20.64c (+180.4 L +180.3) LCB  115.46c P  7.83% WF  94.1 PSV      95 N      12  --  A10 pass F13
N12 : T 120.82c W 100.00c S  20.87c (+180.6 L +180.1) LCB  113.66c P  5.06% WF  86.6 PSV      87 N      11  --  N12 N13 A10
F9  : T 121.12c W 100.00c S  20.96c (+180.7 L +180.0) LCB  113.91c P  4.85% WF  86.8 PSV      87 N      11  --  F9 pass A10
N8  : T 121.33c W 100.00c S  21.40c (+181.3 L +180.7) LCB  113.93c P  3.27% WF  86.9 PSV      87 N      11  --  N8 G11 K13
N4  : T 121.20c W 100.00c S  21.43c (+181.4 L +181.0) LCB  113.39c P  4.46% WF  79.1 PSV      79 N      10  --  N4 G11 K13
D1  : T 121.81c W 100.00c S  21.78c (+181.5 L +180.7) LCB  114.08c P  2.24% WF  79.4 PSV      79 N      10  --  D1 pass A10

2026-07-17 03:29:04+0100: = F13
2026-07-17 03:29:11+0100: Controller: play B F12
2026-07-17 03:29:11+0100: = 
2026-07-17 03:29:11+0100: Controller: genmove W
2026-07-17 03:29:13+0100: MoveNum: 181 HASH: 6A44A5A07CFEC08EE96B96AAE6AF6CAE
   A B C D E F G H J K L M N
13 . X X O O O2X @ X . X X .
12 O X X O . X3O X O X1O X .
11 X X X O O O . O O O O O X
10 . X O O X X O O O . O X .
 9 X O O O . . X . X O O O X
 8 O . O . O X X X O O O X .
 7 . O O O . O X . X O . O X
 6 O . O . O O X . X O O O .
 5 . O O O O X X X . X O O X
 4 O O O X O O X . X O O X .
 3 . O O . X O O O O . O O X
 2 X O X X O O . O . O X O X
 1 . X . . X X O . O X . X .

koPOSITIONALscoreAREAtaxNONEsui1komi7.5
Time taken: 1.72039
Root visits: 205
New playouts: 205
NN rows: 201
NN batches: 69
NN avg batch size: 2.91304
PV: H13 pass A10 pass
Tree:
: T 120.06c W 100.00c S  19.89c (+181.2 L +180.5) N     205  --  H13 pass A10 pass
---White(^)---
H13 : T 120.20c W 100.00c S  20.13c (+181.2 L +180.9) LCB  116.33c P 11.62% WF 197.6 PSV     288 N      25  --  H13 pass A10 pass
E12 : T 120.47c W 100.00c S  20.27c (+181.9 L +181.0) LCB  115.00c P  6.30% WF 205.8 PSV     205 N      26  --  E12 pass D3
G11 : T 120.05c W 100.00c S  19.82c (+181.2 L +180.7) LCB  114.61c P  6.91% WF 126.1 PSV     125 N      16  --  G11 pass A10
J5  : T 120.42c W 100.00c S  20.30c (+181.5 L +180.7) LCB  113.89c P  4.07% WF 102.8 PSV     103 N      13  --  J5 G11 A10
N12 : T 120.33c W 100.00c S  20.14c (+181.3 L +180.7) LCB  113.09c P  4.09% WF  94.8 PSV      95 N      12  --  N12 G11 A10
F9  : T 120.11c W 100.00c S  19.89c (+181.1 L +180.2) LCB  112.24c P  5.47% WF  86.6 PSV      87 N      11  --  F9 G11 E9
N8  : T 120.56c W 100.00c S  20.41c (+181.5 L +180.6) LCB  112.69c P  3.01% WF  86.9 PSV      87 N      11  --  N8 G11 K13
K13 : T 119.81c W 100.00c S  19.83c (+181.2 L +180.7) LCB  110.88c P  5.57% WF  78.7 PSV      79 N      10  --  K13 G11 H13
H7  : T 120.51c W 100.00c S  20.31c (+181.3 L +180.5) LCB  110.34c P  2.88% WF  71.2 PSV      72 N       9  --  H7 G11 J5
H9  : T 120.28c W 100.00c S  20.13c (+181.3 L +180.4) LCB  110.14c P  3.73% WF  70.9 PSV      71 N       9  --  H9 G11 A10

2026-07-17 03:29:13+0100: = H13
2026-07-17 03:29:19+0100: Controller: play B E9
2026-07-17 03:29:19+0100: = 
2026-07-17 03:29:19+0100: Controller: genmove W
2026-07-17 03:29:21+0100: MoveNum: 183 HASH: 4943BCC1D45C2967AA1ABF78473104E9
   A B C D E F G H J K L M N
13 . X X O O O . O2X . X X .
12 O X X O . X1O . O X O X .
11 X X X O O O . O O O O O X
10 . X O O X X O O O . O X .
 9 X O O O X3. X . X O O O X
 8 O . O . O X X X O O O X .
 7 . O O O . O X . X O . O X
 6 O . O . O O X . X O O O .
 5 . O O O O X X X @ X O O X
 4 O O O X O O X . X O O X .
 3 . O O . X O O O O . O O X
 2 X O X X O O . O . O X O X
 1 . X . . X X O . O X . X .

koPOSITIONALscoreAREAtaxNONEsui1komi7.5
Time taken: 1.69791
Root visits: 206
New playouts: 206
NN rows: 201
NN batches: 69
NN avg batch size: 2.91304
PV: J5 pass K13
Tree:
: T 120.09c W 100.00c S  19.85c (+181.8 L +180.9) N     206  --  J5 pass K13
---White(^)---
J5  : T 120.40c W 100.00c S  20.18c (+182.0 L +181.1) LCB  116.38c P  5.85% WF 134.3 PSV     305 N      17  --  J5 pass K13
F9  : T 119.58c W 100.00c S  19.50c (+181.9 L +181.0) LCB  114.57c P 13.41% WF 188.5 PSV     189 N      24  --  F9 pass A10 pass
H4  : T 120.69c W 100.00c S  20.42c (+182.4 L +181.2) LCB  116.11c P  4.96% WF 134.4 PSV     134 N      17  --  H4 pass J5
D1  : T 120.77c W 100.00c S  20.51c (+182.4 L +181.3) LCB  116.24c P  3.62% WF 126.7 PSV     127 N      16  --  D1 pass D3
D3  : T 120.69c W 100.00c S  20.45c (+182.4 L +181.2) LCB  115.97c P  3.27% WF 126.6 PSV     127 N      16  --  D3 pass F9
H9  : T 120.52c W 100.00c S  20.26c (+182.2 L +181.0) LCB  115.73c P  5.33% WF 118.4 PSV     119 N      15  --  H9 pass K13
N8  : T 120.59c W 100.00c S  20.35c (+182.2 L +181.3) LCB  115.88c P  3.68% WF 118.6 PSV     119 N      15  --  N8 pass A10
N12 : T 120.49c W 100.00c S  20.22c (+182.0 L +181.1) LCB  114.85c P  4.41% WF 102.8 PSV     103 N      13  --  N12 N13 K13
N4  : T 121.16c W 100.00c S  20.95c (+182.3 L +181.1) LCB  116.35c P  3.23% WF 103.1 PSV     103 N      13  --  N4 A10 F9
K13 : T 119.84c W 100.00c S  19.73c (+181.5 L +180.9) LCB  114.26c P  7.67% WF  94.3 PSV      95 N      12  --  K13 pass A10

2026-07-17 03:29:21+0100: = J5
2026-07-17 03:29:28+0100: Controller: play B A13
2026-07-17 03:29:28+0100: = 
2026-07-17 03:29:28+0100: Controller: genmove W
2026-07-17 03:29:29+0100: MoveNum: 185 HASH: 1177F3D012751AF83C8B0C7F4E372C4E
   A B C D E F G H J K L M N
13 X3X X O O O . O X @ X X .
12 . X X O . X O . O X O X .
11 X X X O O O . O O O O O X
10 . X O O X X O O O . O X .
 9 X O O O X1. X . X O O O X
 8 O . O . O X X X O O O X .
 7 . O O O . O X . X O . O X
 6 O . O . O O X . X O O O .
 5 . O O O O X X X O2. O O X
 4 O O O X O O X . X O O X .
 3 . O O . X O O O O . O O X
 2 X O X X O O . O . O X O X
 1 . X . . X X O . O X . X .

koPOSITIONALscoreAREAtaxNONEsui1komi7.5
Time taken: 1.32795
Root visits: 204
New playouts: 204
NN rows: 198
NN batches: 68
NN avg batch size: 2.91176
PV: K13 pass A10
Tree:
: T 118.93c W 100.00c S  18.69c (+180.0 L +179.2) N     204  --  K13 pass A10
---White(^)---
K13 : T 119.17c W 100.00c S  18.97c (+180.1 L +179.3) LCB  115.61c P  4.86% WF 141.6 PSV     266 N      18  --  K13 pass A10
F9  : T 118.76c W 100.00c S  18.73c (+180.2 L +179.3) LCB  114.58c P 10.81% WF 188.4 PSV     189 N      24  --  F9 pass H4 pass
K5  : T 119.23c W 100.00c S  18.98c (+180.4 L +179.6) LCB  115.43c P  5.32% WF 181.1 PSV     181 N      23  --  K5 pass A10
H4  : T 118.39c W 100.00c S  18.22c (+179.6 L +179.2) LCB  114.92c P 13.90% WF 148.6 PSV     150 N      19  --  H4 pass F9 pass
H7  : T 119.26c W 100.00c S  19.05c (+180.4 L +179.4) LCB  114.04c P  4.07% WF 126.2 PSV     126 N      16  --  H7 K5 A10
H9  : T 119.18c W 100.00c S  18.91c (+180.2 L +179.2) LCB  114.54c P  4.76% WF 118.0 PSV     118 N      15  --  H9 pass H4
D3  : T 120.47c W 100.00c S  20.24c (+181.2 L +179.8) LCB  114.88c P  3.31% WF 111.3 PSV     111 N      14  --  D3 pass H4
D1  : T 120.52c W 100.00c S  20.28c (+181.1 L +179.7) LCB  114.45c P  2.84% WF  95.3 PSV      95 N      12  --  D1 pass F9
N10 : T 119.46c W 100.00c S  19.18c (+180.1 L +179.0) LCB  112.61c P  2.86% WF  86.7 PSV      87 N      11  --  N10 pass F9
N8  : T 119.85c W 100.00c S  19.60c (+180.3 L +179.1) LCB  112.41c P  2.93% WF  78.9 PSV      79 N      10  --  N8 H4

2026-07-17 03:29:29+0100: = K13
2026-07-17 03:29:37+0100: Controller: play B K5
2026-07-17 03:29:37+0100: = 
2026-07-17 03:29:37+0100: Controller: genmove W
2026-07-17 03:29:38+0100: MoveNum: 187 HASH: F5B248632B3D67A99C374AFD4AE78F67
   A B C D E F G H J K L M N
13 X1X X O O O . O . O2X X .
12 . X X O . X O . O . O X @
11 X X X O O O . O O O O O X
10 . X O O X X O O O . O X .
 9 X O O O X . X . X O O O X
 8 O . O . O X X X O O O X .
 7 . O O O . O X . X O . O X
 6 O . O . O O X . X O O O .
 5 . O O O O X X X . X3O O X
 4 O O O X O O X . X O O X .
 3 . O O . X O O O O . O O X
 2 X O X X O O . O . O X O X
 1 . X . . X X O . O X . X .

koPOSITIONALscoreAREAtaxNONEsui1komi7.5
Time taken: 1.16936
Root visits: 206
New playouts: 204
NN rows: 198
NN batches: 68
NN avg batch size: 2.91176
PV: N12 pass A10
Tree:
: T 121.19c W 100.00c S  21.12c (+179.3 L +178.7) N     206  --  N12 pass A10
---White(^)---
N12 : T 121.65c W 100.00c S  21.49c (+179.5 L +179.0) LCB  119.33c P  6.52% WF 174.1 PSV     368 N      22  --  N12 pass A10
F9  : T 121.16c W 100.00c S  21.22c (+179.6 L +178.9) LCB  117.98c P 13.80% WF 213.0 PSV     213 N      27  --  F9 pass J5 pass
H7  : T 121.79c W 100.00c S  21.56c (+179.7 L +178.7) LCB  117.93c P  4.98% WF 142.6 PSV     143 N      18  --  H7 pass F9
H4  : T 121.10c W 100.00c S  20.94c (+179.3 L +178.5) LCB  117.57c P  9.10% WF 141.7 PSV     133 N      18  --  H4 pass J5
D3  : T 121.74c W 100.00c S  21.65c (+179.9 L +179.1) LCB  118.16c P  3.28% WF 142.6 PSV     119 N      18  --  D3 pass D1
N10 : T 121.67c W 100.00c S  21.61c (+179.8 L +179.3) LCB  118.52c P  3.74% WF 142.5 PSV     116 N      18  --  N10 pass N8
A10 : T 120.95c W 100.00c S  20.73c (+178.8 L +178.8) LCB  115.57c P  8.21% WF  94.2 PSV      95 N      12  --  A10 pass A12
N4  : T 121.63c W 100.00c S  21.46c (+179.5 L +179.0) LCB  116.29c P  3.27% WF  94.8 PSV      95 N      12  --  N4 pass A10
H9  : T 121.01c W 100.00c S  20.84c (+178.6 L +177.9) LCB  113.61c P  6.38% WF  78.6 PSV      79 N      10  --  H9 pass F9
N8  : T 121.45c W 100.00c S  21.56c (+179.7 L +179.2) LCB  113.70c P  3.53% WF  79.0 PSV      76 N      10  --  N8 pass N10

2026-07-17 03:29:38+0100: = N12
2026-07-17 03:29:46+0100: Controller: play B N13
2026-07-17 03:29:46+0100: = 
2026-07-17 03:29:46+0100: Controller: genmove W
2026-07-17 03:29:48+0100: MoveNum: 189 HASH: A869930FEF59FCB2029C190E0BAF2B16
   A B C D E F G H J K L M N
13 X X X O O O . O . O X X X3
12 . X X O . X O . O . O X .2
11 X X X O O O . O O O O O X
10 . X O O X X O O O . O X .
 9 X O O O X @ X . X O O O X
 8 O . O . O X X X O O O X .
 7 . O O O . O X . X O . O X
 6 O . O . O O X . X O O O .
 5 . O O O O X X X . X1O O X
 4 O O O X O O X . X O O X .
 3 . O O . X O O O O . O O X
 2 X O X X O O . O . O X O X
 1 . X . . X X O . O X . X .

koPOSITIONALscoreAREAtaxNONEsui1komi7.5
Time taken: 2.18132
Root visits: 205
New playouts: 203
NN rows: 193
NN batches: 67
NN avg batch size: 2.8806
PV: F9 pass H4 pass
Tree:
: T 121.02c W 100.00c S  20.85c (+178.7 L +178.3) N     205  --  F9 pass H4 pass
---White(^)---
F9  : T 121.42c W 100.00c S  21.26c (+179.2 L +178.6) LCB  118.85c P 10.67% WF 253.3 PSV     253 N      32  --  F9 pass H4 pass
J5  : T 121.23c W 100.00c S  21.11c (+178.8 L +178.4) LCB  118.20c P  9.01% WF 157.9 PSV     158 N      20  --  J5 pass A10
N12 : T 121.67c W 100.00c S  21.53c (+179.3 L +178.8) LCB  118.06c P  4.41% WF 158.6 PSV     158 N      20  --  N12 pass F9 pass
D1  : T 121.73c W 100.00c S  21.62c (+179.3 L +178.7) LCB  117.47c P  3.21% WF 118.7 PSV     119 N      15  --  D1 pass A10
H7  : T 121.47c W 100.00c S  21.19c (+179.0 L +178.4) LCB  115.87c P  4.37% WF 102.8 PSV     103 N      13  --  H7 pass F9
H9  : T 121.16c W 100.00c S  21.00c (+178.9 L +178.4) LCB  115.61c P  5.99% WF 102.4 PSV     102 N      13  --  H9 pass F9
H4  : T 120.87c W 100.00c S  20.78c (+178.9 L +178.4) LCB  115.53c P  7.03% WF 110.1 PSV      91 N      14  --  H4 pass J5
N6  : T 121.33c W 100.00c S  21.08c (+179.0 L +178.7) LCB  116.01c P  4.04% WF 102.7 PSV      85 N      13  --  N6 pass N4
D3  : T 121.42c W 100.00c S  21.27c (+179.2 L +178.6) LCB  116.77c P  3.52% WF 118.6 PSV      83 N      15  --  D3 pass A10
N4  : T 121.23c W 100.00c S  20.99c (+178.4 L +178.1) LCB  113.80c P  3.47% WF  78.7 PSV      64 N      10  --  N4 pass F9

2026-07-17 03:29:48+0100: = F9
2026-07-17 03:29:55+0100: Controller: play B F10
2026-07-17 03:29:55+0100: = 
2026-07-17 03:29:55+0100: Controller: genmove W
2026-07-17 03:29:57+0100: MoveNum: 191 HASH: E3E3B634DE934DCDD246679467E46EF2
   A B C D E F G H J K L M N
13 X X X O O O . O . O X X X1
12 . X X O . X O . O . O X .
11 X X X O O O . O O O O O X
10 . X O O . X3O O O . O X .
 9 X O O O . O2X . X O O O X
 8 O . O . O X X X O O O X .
 7 . O O O . O X . X O . O X
 6 O . O . O O X . X O O O .
 5 . O O O O X X X @ X O O X
 4 O O O X O O X . X O O X .
 3 . O O . X O O O O . O O X
 2 X O X X O O . O . O X O X
 1 . X . . X X O . O X . X .

koPOSITIONALscoreAREAtaxNONEsui1komi7.5
Time taken: 2.10045
Root visits: 206
New playouts: 206
NN rows: 198
NN batches: 68
NN avg batch size: 2.91176
PV: J5 pass A10
Tree:
: T 120.09c W 100.00c S  19.81c (+179.6 L +179.2) N     206  --  J5 pass A10
---White(^)---
J5  : T 120.56c W 100.00c S  20.38c (+179.9 L +179.4) LCB  117.44c P  6.93% WF 166.4 PSV     305 N      21  --  J5 pass A10
E10 : T 120.40c W 100.00c S  20.18c (+179.9 L +179.7) LCB  116.58c P 10.78% WF 221.7 PSV     221 N      28  --  E10 pass H9 pass
H4  : T 120.63c W 100.00c S  20.25c (+180.0 L +179.5) LCB  117.05c P  5.90% WF 174.3 PSV     170 N      22  --  H4 pass J5
E9  : T 120.18c W 100.00c S  20.03c (+179.7 L +179.6) LCB  116.85c P  8.05% WF 212.8 PSV     129 N      27  --  E9 pass A10 pass
N12 : T 120.49c W 100.00c S  20.21c (+180.0 L +179.4) LCB  116.10c P  5.21% WF 134.6 PSV     121 N      17  --  N12 pass N10
H7  : T 120.93c W 100.00c S  20.52c (+180.0 L +179.2) LCB  115.82c P  4.32% WF 119.1 PSV     119 N      15  --  H7 pass J5
H9  : T 119.82c W 100.00c S  19.75c (+179.5 L +179.1) LCB  111.52c P  6.56% WF  78.6 PSV      78 N      10  --  H9 pass E9
N8  : T 120.47c W 100.00c S  20.38c (+179.9 L +179.4) LCB  114.06c P  3.41% WF  94.9 PSV      77 N      12  --  N8 pass E9
A10 : T 119.58c W 100.00c S  19.16c (+178.8 L +179.0) LCB  108.44c P  6.76% WF  62.7 PSV      64 N       8  --  A10 E9 A12
N4  : T 120.18c W 100.00c S  19.97c (+179.5 L +179.1) LCB  108.41c P  3.26% WF  63.1 PSV      52 N       8  --  N4 E9 E10

2026-07-17 03:29:57+0100: = J5
2026-07-17 03:30:05+0100: Controller: play B E9
2026-07-17 03:30:05+0100: = 
2026-07-17 03:30:05+0100: Controller: genmove W
2026-07-17 03:30:06+0100: MoveNum: 193 HASH: 578B01E25F0EACEDA085F7E0E86EB9BB
   A B C D E F G H J K L M N
13 X X X O O O . O . O X X X
12 . X X O . X O . O . O X .
11 X X X O O O . O O O O O X
10 . X O O . X1O O O . O X .
 9 X O O O X3. X . X O O O X
 8 O . O . O X X X O O O X .
 7 . O O O . O X . X O . O X
 6 O . O . O O X . X O O O .
 5 . O O O O X X X O2. O O X
 4 O O O X O O X @ X O O X .
 3 . O O . X O O O O . O O X
 2 X O X X O O . O . O X O X
 1 . X . . X X O . O X . X .

koPOSITIONALscoreAREAtaxNONEsui1komi7.5
Time taken: 1.65331
Root visits: 205
New playouts: 203
NN rows: 196
NN batches: 67
NN avg batch size: 2.92537
PV: H4 pass N12
Tree:
: T 121.01c W 100.00c S  20.81c (+179.2 L +178.9) N     205  --  H4 pass N12
---White(^)---
H4  : T 121.09c W 100.00c S  20.93c (+179.3 L +179.4) LCB  119.42c P 14.52% WF 244.8 PSV     278 N      31  --  H4 pass N12
H9  : T 121.45c W 100.00c S  21.25c (+179.6 L +179.4) LCB  118.85c P  7.70% WF 197.9 PSV     198 N      25  --  H9 K5 A10
D3  : T 121.84c W 100.00c S  21.65c (+179.9 L +179.4) LCB  119.23c P  3.42% WF 198.7 PSV     198 N      25  --  D3 H4 K5
K5  : T 121.53c W 100.00c S  21.34c (+179.7 L +179.4) LCB  118.45c P  5.92% WF 182.2 PSV     182 N      23  --  K5 pass A10
N12 : T 121.57c W 100.00c S  21.41c (+179.6 L +179.2) LCB  118.56c P  4.33% WF 166.6 PSV     152 N      21  --  N12 H4 K5
N6  : T 121.97c W 100.00c S  21.75c (+179.8 L +179.3) LCB  118.13c P  3.22% WF 127.2 PSV     127 N      16  --  N6 pass H4
H7  : T 121.32c W 100.00c S  21.13c (+179.3 L +179.0) LCB  115.84c P  4.75% WF 102.9 PSV     103 N      13  --  H7 K5 H9
E10 : T 120.47c W 100.00c S  20.30c (+178.5 L +178.4) LCB  112.85c P  8.51% WF  78.5 PSV      79 N      10  --  E10 K5 F9
A10 : T 119.65c W 100.00c S  19.36c (+177.7 L +178.1) LCB  100.17c P  7.12% WF  46.6 PSV      47 N       6  --  A10 K5 A12
L1  : T 120.35c W 100.00c S  20.08c (+178.2 L +178.2) LCB   92.44c P  4.03% WF  39.2 PSV      37 N       5  --  L1 pass

2026-07-17 03:30:06+0100: = H4
2026-07-17 03:30:12+0100: Controller: play B H9
2026-07-17 03:30:12+0100: = 
2026-07-17 03:30:12+0100: Controller: genmove W
2026-07-17 03:30:14+0100: MoveNum: 195 HASH: 2B941DDFE11B8B337CA49FF0772ACF88
   A B C D E F G H J K L M N
13 X X X O O O . O . O X X X
12 . X X O . X O . O . O X @
11 X X X O O O . O O O O O X
10 . X O O . X O O O . O X .
 9 X O O O X1. X X3X O O O X
 8 O . O . O X X X O O O X .
 7 . O O O . O X . X O . O X
 6 O . O . O O X . X O O O .
 5 . O O O O X X X O . O O X
 4 O O O X O O X O2. O O X .
 3 . O O . X O O O O . O O X
 2 X O X X O O . O . O X O X
 1 . X . . X X O . O X . X .

koPOSITIONALscoreAREAtaxNONEsui1komi7.5
Time taken: 2.12402
Root visits: 205
New playouts: 204
NN rows: 200
NN batches: 68
NN avg batch size: 2.94118
PV: N12 pass H7
Tree:
: T 120.09c W 100.00c S  19.85c (+179.1 L +179.3) N     205  --  N12 pass H7
---White(^)---
N12 : T 120.68c W 100.00c S  20.50c (+179.6 L +179.8) LCB  118.97c P  5.09% WF 206.4 PSV     360 N      26  --  N12 pass H7
D1  : T 120.82c W 100.00c S  20.60c (+179.7 L +179.8) LCB  118.95c P  4.30% WF 190.7 PSV     190 N      24  --  D1 N12 A10
E10 : T 120.04c W 100.00c S  19.80c (+179.1 L +179.1) LCB  117.49c P 12.02% WF 181.3 PSV     180 N      23  --  E10 pass F9
D3  : T 120.62c W 100.00c S  20.43c (+179.6 L +179.7) LCB  118.77c P  5.11% WF 190.3 PSV     178 N      24  --  D3 D1 A10
H6  : T 120.29c W 100.00c S  19.94c (+179.3 L +179.6) LCB  118.02c P 10.52% WF 174.0 PSV     174 N      22  --  H6 H7 L1
H7  : T 119.94c W 100.00c S  19.59c (+179.0 L +179.2) LCB  117.71c P 11.35% WF 189.1 PSV     154 N      24  --  H7 pass A10
N10 : T 120.61c W 100.00c S  20.29c (+179.1 L +179.4) LCB  115.47c P  3.59% WF  95.0 PSV      95 N      12  --  N10 A10 A12
A10 : T 118.85c W 100.00c S  18.85c (+177.8 L +178.6) LCB  107.81c P  8.59% WF  62.3 PSV      59 N       8  --  A10 pass
N8  : T 120.04c W 100.00c S  19.83c (+178.6 L +179.0) LCB  111.16c P  3.73% WF  70.8 PSV      55 N       9  --  N8 A10
N6  : T 119.70c W 100.00c S  19.47c (+178.5 L +178.9) LCB  100.01c P  4.61% WF  47.1 PSV      48 N       6  --  N6 A10

2026-07-17 03:30:14+0100: = N12
2026-07-17 03:30:23+0100: Controller: play B M12
2026-07-17 03:30:23+0100: = 
2026-07-17 03:30:23+0100: Controller: genmove W
2026-07-17 03:30:25+0100: MoveNum: 197 HASH: 36778D11776D31AE4DB5655BE6FA55D9
   A B C D E F G H J K L M N
13 X X X O O O . O . O . . .
12 . X X O . X O . O . O X3O2
11 X X X O O O . O O O O O X
10 . X O O . X O O O . O X @
 9 X O O O X . X X1X O O O X
 8 O . O . O X X X O O O X .
 7 . O O O . O X . X O . O X
 6 O . O . O O X . X O O O .
 5 . O O O O X X X O . O O X
 4 O O O X O O X O . O O X .
 3 . O O . X O O O O . O O X
 2 X O X X O O . O . O X O X
 1 . X . . X X O . O X . X .

koPOSITIONALscoreAREAtaxNONEsui1komi7.5
Time taken: 1.79448
Root visits: 205
New playouts: 202
NN rows: 200
NN batches: 68
NN avg batch size: 2.94118
PV: N10 M13 N8
Tree:
: T 123.09c W 100.00c S  22.97c (+179.8 L +179.9) N     205  --  N10 M13 N8
---White(^)---
N10 : T 123.64c W 100.00c S  23.55c (+180.4 L +180.6) LCB  122.24c P 10.26% WF 231.3 PSV     359 N      29  --  N10 M13 N8
M13 : T 123.47c W 100.00c S  23.37c (+180.3 L +180.7) LCB  120.96c P 10.58% WF 214.9 PSV     191 N      27  --  M13 pass A10
D1  : T 123.79c W 100.00c S  23.64c (+180.3 L +180.4) LCB  120.02c P  3.51% WF 119.6 PSV     101 N      15  --  D1 N13 D3
H7  : T 123.23c W 100.00c S  23.16c (+179.9 L +180.0) LCB  118.56c P  6.65% WF 103.1 PSV      94 N      13  --  H7 H6 E10
E10 : T 122.99c W 100.00c S  22.90c (+179.6 L +179.4) LCB  118.61c P  7.84% WF 110.8 PSV      90 N      14  --  E10 N13 F9
N8  : T 123.61c W 100.00c S  23.43c (+180.0 L +180.2) LCB  118.31c P  4.13% WF  95.5 PSV      89 N      12  --  N8 N13 N6
D3  : T 123.52c W 100.00c S  23.44c (+179.9 L +180.0) LCB  119.17c P  4.61% WF 111.4 PSV      88 N      14  --  D3 N13 D1
N6  : T 123.57c W 100.00c S  23.41c (+179.9 L +180.3) LCB  116.23c P  4.13% WF  79.6 PSV      80 N      10  --  N6 N13 N8
N4  : T 123.44c W 100.00c S  23.31c (+180.0 L +180.1) LCB  117.12c P  4.42% WF  87.4 PSV      77 N      11  --  N4 N13 A10
H6  : T 123.01c W 100.00c S  23.02c (+180.1 L +179.8) LCB  117.51c P  6.13% WF 102.9 PSV      72 N      13  --  H6 N13 H7

2026-07-17 03:30:25+0100: = N10
2026-07-17 03:30:31+0100: Controller: play B L13
2026-07-17 03:30:31+0100: = 
2026-07-17 03:30:31+0100: Controller: genmove W
2026-07-17 03:30:33+0100: MoveNum: 199 HASH: CD5D66798F4DDA4F25159C53212AFA41
   A B C D E F G H J K L M N
13 X X X O O O . O . O X3. .
12 . X X O . X O . O . O X1O
11 X X X O O O . O O O O O .
10 . X O O . X O O O . O . O2
 9 X O O O X . X X X O O O X
 8 O . O . O X X X O O O X .
 7 . O O O . O X . X O . O X
 6 O . O . O O X . X O O O .
 5 . O O O O X X X O . O O X
 4 O O O X O O X O . O O X .
 3 . O O . X O O O O . O O X
 2 X O X X O O . O . O X O X
 1 . X . @ X X O . O X . X .

koPOSITIONALscoreAREAtaxNONEsui1komi7.5
Time taken: 1.81193
Root visits: 206
New playouts: 206
NN rows: 202
NN batches: 69
NN avg batch size: 2.92754
PV: D1 pass D3
Tree:
: T 121.44c W 100.00c S  21.26c (+180.3 L +180.5) N     206  --  D1 pass D3
---White(^)---
D1  : T 121.97c W 100.00c S  21.77c (+180.9 L +181.1) LCB  119.39c P  5.10% WF 167.2 PSV     208 N      21  --  D1 pass D3
M13 : T 121.73c W 100.00c S  21.40c (+180.2 L +181.0) LCB  118.28c P  8.31% WF 135.0 PSV     135 N      17  --  M13 pass L1
H7  : T 121.81c W 100.00c S  21.65c (+180.7 L +180.9) LCB  118.28c P  6.42% WF 127.1 PSV     127 N      16  --  H7 M13 A10
E10 : T 121.77c W 100.00c S  21.55c (+180.3 L +180.3) LCB  118.31c P  6.37% WF 127.1 PSV     127 N      16  --  E10 pass F9
D3  : T 121.75c W 100.00c S  21.78c (+180.6 L +180.8) LCB  118.05c P  6.17% WF 119.2 PSV     119 N      15  --  D3 D1 C1
N6  : T 121.90c W 100.00c S  21.61c (+180.5 L +180.9) LCB  117.27c P  5.03% WF 103.3 PSV     104 N      13  --  N6 A10 A12
A3  : T 122.25c W 100.00c S  22.11c (+180.8 L +181.0) LCB  117.42c P  2.35% WF 103.6 PSV     104 N      13  --  A3 A10 A12
A10 : T 121.32c W 100.00c S  21.23c (+179.9 L +180.6) LCB  117.05c P  8.45% WF 102.8 PSV     103 N      13  --  A10 pass A12
H6  : T 121.52c W 100.00c S  21.42c (+180.6 L +180.7) LCB  118.31c P  6.13% WF 134.8 PSV     102 N      17  --  H6 H7 E10
N4  : T 121.64c W 100.00c S  21.74c (+180.5 L +180.8) LCB  116.75c P  4.34% WF 103.1 PSV      83 N      13  --  N4 M13 A10

2026-07-17 03:30:33+0100: = D1
2026-07-17 03:30:41+0100: Controller: play B E1
2026-07-17 03:30:41+0100: = 
2026-07-17 03:30:41+0100: Controller: genmove W
2026-07-17 03:30:43+0100: MoveNum: 201 HASH: 16CB6E473E79335B2CBD9F45DA501E13
   A B C D E F G H J K L M N
13 X X X O O O . O . O X1. .
12 . X X O . X O . O . O X O
11 X X X O O O . O O O O O .
10 . X O O . X O O O . O . O
 9 X O O O X . X X X O O O X
 8 O . O . O X X X O O O X .
 7 . O O O . O X @ X O . O X
 6 O . O . O O X . X O O O .
 5 . O O O O X X X O . O O X
 4 O O O X O O X O . O O X .
 3 . O O . X O O O O . O O X
 2 X O X X O O . O . O X O X
 1 . X . O2X3. O . O X . X .

koPOSITIONALscoreAREAtaxNONEsui1komi7.5
Time taken: 2.12868
Root visits: 206
New playouts: 205
NN rows: 202
NN batches: 69
NN avg batch size: 2.92754
PV: H7 C1 D3
Tree:
: T 120.09c W 100.00c S  19.83c (+179.7 L +180.0) N     206  --  H7 C1 D3
---White(^)---
H7  : T 120.67c W 100.00c S  20.53c (+180.3 L +180.5) LCB  118.15c P  5.57% WF 167.1 PSV     251 N      21  --  H7 C1 D3
F1  : T 120.03c W 100.00c S  19.80c (+179.6 L +180.0) LCB  116.96c P 11.44% WF 150.2 PSV     151 N      19  --  F1 pass A10
D3  : T 120.32c W 100.00c S  20.17c (+180.0 L +180.3) LCB  117.73c P  8.54% WF 150.7 PSV     151 N      19  --  D3 C1 N8
A10 : T 121.07c W 100.00c S  20.59c (+180.1 L +180.7) LCB  118.05c P  7.67% WF 127.5 PSV     127 N      16  --  A10 pass A12
H6  : T 120.52c W 100.00c S  20.45c (+180.5 L +180.5) LCB  117.13c P  5.25% WF 143.0 PSV     123 N      18  --  H6 pass A10
N4  : T 120.57c W 100.00c S  20.29c (+180.1 L +180.3) LCB  117.28c P  4.86% WF 142.9 PSV     122 N      18  --  N4 pass A10
E10 : T 120.21c W 100.00c S  19.95c (+179.9 L +180.0) LCB  116.15c P  6.05% WF 126.7 PSV      96 N      16  --  E10 pass F9
M13 : T 120.14c W 100.00c S  19.73c (+179.3 L +180.0) LCB  114.16c P  6.38% WF  87.1 PSV      88 N      11  --  M13 A10 A12
N6  : T 120.34c W 100.00c S  20.20c (+179.9 L +180.3) LCB  114.02c P  4.35% WF  87.2 PSV      79 N      11  --  N6 C1 A10
N8  : T 119.93c W 100.00c S  19.76c (+179.5 L +180.0) LCB  113.89c P  6.38% WF  86.9 PSV      78 N      11  --  N8 pass A10

2026-07-17 03:30:43+0100: = H7
2026-07-17 03:30:50+0100: Controller: play B H6
2026-07-17 03:30:50+0100: = 
2026-07-17 03:30:50+0100: Controller: genmove W
2026-07-17 03:30:52+0100: MoveNum: 203 HASH: FCB5EF48C881CF151CD51FFA4A93B19F
   A B C D E F G H J K L M N
13 X X X O O O . O . O X . .
12 . X X O . X O . O . O X O
11 X X X O O O . O O O O O .
10 . X O O @ X O O O . O . O
 9 X O O O X . X X X O O O X
 8 O . O . O X X X O O O X .
 7 . O O O . O X .2X O . O X
 6 O . O . O O X X3X O O O .
 5 . O O O O X X X O . O O X
 4 O O O X O O X O . O O X .
 3 . O O . X O O O O . O O X
 2 X O X X O O . O . O X O X
 1 . X . O X1. O . O X . X .

koPOSITIONALscoreAREAtaxNONEsui1komi7.5
Time taken: 1.44701
Root visits: 205
New playouts: 201
NN rows: 200
NN batches: 68
NN avg batch size: 2.94118
PV: D3 C1 E10
Tree:
: T 121.42c W 100.00c S  21.20c (+179.6 L +179.9) N     205  --  D3 C1 E10
---White(^)---
D3  : T 121.90c W 100.00c S  21.77c (+180.2 L +180.5) LCB  120.50c P  8.18% WF 214.8 PSV     356 N      27  --  D3 C1 E10
E10 : T 122.01c W 100.00c S  21.58c (+180.3 L +180.4) LCB  120.31c P 16.39% WF 302.6 PSV     301 N      38  --  E10 H7 F9 C1
F1  : T 121.78c W 100.00c S  21.64c (+179.9 L +180.2) LCB  120.25c P  9.06% WF 206.6 PSV     131 N      26  --  F1 L1 D3
N4  : T 121.84c W 100.00c S  21.57c (+179.4 L +179.9) LCB  118.28c P  4.40% WF 119.0 PSV      67 N      15  --  N4 pass E10
A10 : T 120.90c W 100.00c S  20.81c (+178.5 L +179.4) LCB  115.83c P  8.47% WF  94.3 PSV      66 N      12  --  A10 pass A12
N6  : T 121.76c W 100.00c S  21.55c (+179.7 L +180.1) LCB  116.65c P  4.34% WF  95.2 PSV      61 N      12  --  N6 N4 E10
L1  : T 121.15c W 100.00c S  21.08c (+179.0 L +179.5) LCB  114.01c P  6.31% WF  79.0 PSV      57 N      10  --  L1 pass E10
M13 : T 121.00c W 100.00c S  20.93c (+178.6 L +179.5) LCB  112.21c P  6.31% WF  70.8 PSV      52 N       9  --  M13 A10
N8  : T 120.94c W 100.00c S  20.79c (+178.5 L +179.2) LCB  111.97c P  6.45% WF  70.8 PSV      51 N       9  --  N8 A12
A3  : T 121.72c W 100.00c S  21.61c (+179.7 L +180.0) LCB  117.93c P  3.09% WF 118.9 PSV      42 N      15  --  A3 pass A10

2026-07-17 03:30:52+0100: = E10
2026-07-17 03:30:56+0100: Controller: play B N13
2026-07-17 03:30:56+0100: = 
2026-07-17 03:30:56+0100: Controller: genmove W
2026-07-17 03:30:58+0100: MoveNum: 205 HASH: 2BAD9B8DA9276A7366A4631E58D0431A
   A B C D E F G H J K L M N
13 X X X O O O . O . O X @ X3
12 . X X O . X O . O . O X O
11 X X X O O O . O O O O O .
10 . X O O O2X O O O . O . O
 9 X O O O X . X X X O O O X
 8 O . O . O X X X O O O X .
 7 . O O O . O X . X O . O X
 6 O . O . O O X X1X O O O .
 5 . O O O O X X X O . O O X
 4 O O O X O O X O . O O X .
 3 . O O . X O O O O . O O X
 2 X O X X O O . O . O X O X
 1 . X . O X . O . O X . X .

koPOSITIONALscoreAREAtaxNONEsui1komi7.5
Time taken: 1.84361
Root visits: 206
New playouts: 205
NN rows: 205
NN batches: 69
NN avg batch size: 2.97101
PV: M13 pass F1
Tree:
: T 118.96c W 100.00c S  18.67c (+178.9 L +179.0) N     206  --  M13 pass F1
---White(^)---
M13 : T 119.60c W 100.00c S  19.20c (+179.5 L +180.0) LCB  118.16c P 11.23% WF 254.0 PSV     277 N      32  --  M13 pass F1
D3  : T 119.60c W 100.00c S  19.47c (+179.6 L +179.5) LCB  117.75c P  6.96% WF 230.3 PSV     157 N      29  --  D3 N11 F9 M10
F1  : T 119.65c W 100.00c S  19.36c (+179.5 L +179.4) LCB  117.20c P  4.96% WF 198.4 PSV     120 N      25  --  F1 N11 A10
E12 : T 119.94c W 100.00c S  19.70c (+179.4 L +179.4) LCB  114.03c P  2.99% WF  95.3 PSV      95 N      12  --  E12 N11 F9
F9  : T 117.67c W 100.00c S  17.35c (+177.4 L +177.8) LCB  113.19c P 15.71% WF 108.8 PSV      93 N      14  --  F9 N11 H7
N4  : T 119.49c W 100.00c S  19.26c (+179.2 L +179.1) LCB  116.04c P  4.11% WF 142.6 PSV      80 N      18  --  N4 N11 A10
A3  : T 120.87c W 100.00c S  20.36c (+180.0 L +179.8) LCB  113.08c P  2.76% WF  80.0 PSV      80 N      10  --  A3 M13 F9
L1  : T 118.98c W 100.00c S  18.81c (+178.6 L +178.7) LCB  112.53c P  5.81% WF  86.8 PSV      69 N      11  --  L1 N11 F9
N8  : T 118.61c W 100.00c S  18.41c (+178.4 L +178.7) LCB  110.90c P  6.80% WF  78.6 PSV      63 N      10  --  N8 N11 F9
A10 : T 117.99c W 100.00c S  17.76c (+177.7 L +178.3) LCB  108.73c P  8.90% WF  70.4 PSV      60 N       9  --  A10 N11 A12

2026-07-17 03:30:58+0100: = M13
2026-07-17 03:31:02+0100: Controller: play B C1
2026-07-17 03:31:02+0100: = 
2026-07-17 03:31:02+0100: Controller: genmove W
2026-07-17 03:31:04+0100: MoveNum: 207 HASH: BDA71CEBA870479AEF6210B1E8C6A969
   A B C D E F G H J K L M N
13 X X X O O O . O . O . O2.1
12 . X X O . X O . O . O . O
11 X X X O O O . O O O O O .
10 . X O O O X O O O . O . O
 9 X O O O X . X X X O O O X
 8 O . O . O X X X O O O X .
 7 . O O O . O X . X O . O X
 6 O . O . O O X X X O O O .
 5 . O O O O X X X O . O O X
 4 O O O X O O X O . O O X .
 3 . O O @ X O O O O . O O X
 2 X O X X O O . O . O X O X
 1 . X X3. X . O . O X . X .

koPOSITIONALscoreAREAtaxNONEsui1komi7.5
Time taken: 1.93466
Root visits: 206
New playouts: 203
NN rows: 204
NN batches: 69
NN avg batch size: 2.95652
PV: D3 pass F9
Tree:
: T 120.25c W 100.00c S  19.95c (+178.6 L +179.1) N     206  --  D3 pass F9
---White(^)---
D3  : T 121.22c W 100.00c S  20.87c (+179.6 L +180.0) LCB  120.10c P 10.84% WF 359.4 PSV     371 N      45  --  D3 pass F9
A10 : T 121.38c W 100.00c S  20.86c (+179.5 L +180.1) LCB  120.09c P  9.73% WF 295.6 PSV     294 N      37  --  A10 D3 A12 N4
F9  : T 119.79c W 100.00c S  19.22c (+177.7 L +178.6) LCB  116.41c P 15.84% WF 125.5 PSV     126 N      16  --  F9 pass H7
N4  : T 120.66c W 100.00c S  20.44c (+179.0 L +179.4) LCB  119.33c P  5.60% WF 237.9 PSV      82 N      30  --  N4 A12 A10
N8  : T 119.45c W 100.00c S  19.28c (+177.4 L +178.1) LCB  114.34c P  7.55% WF  94.1 PSV      51 N      12  --  N8 F9 H7
A3  : T 119.66c W 100.00c S  19.52c (+177.6 L +178.3) LCB  112.37c P  5.22% WF  78.6 PSV      39 N      10  --  A3 F9 H7
L1  : T 118.70c W 100.00c S  18.70c (+176.8 L +177.8) LCB  109.73c P  7.79% WF  70.2 PSV      39 N       9  --  L1 A12
N6  : T 118.94c W 100.00c S  18.84c (+177.1 L +177.9) LCB   99.56c P  5.45% WF  46.8 PSV      30 N       6  --  N6 F9
F1  : T 118.84c W 100.00c S  18.81c (+177.1 L +177.9) LCB   99.23c P  4.83% WF  46.8 PSV      25 N       6  --  F1 F9
E12 : T 119.60c W 100.00c S  19.54c (+177.6 L +178.5) LCB  108.49c P  3.21% WF  62.8 PSV      23 N       8  --  E12 F9

2026-07-17 03:31:04+0100: = D3
2026-07-17 03:31:07+0100: Controller: play B A3
2026-07-17 03:31:07+0100: = 
2026-07-17 03:31:07+0100: Controller: genmove W
2026-07-17 03:31:08+0100: MoveNum: 209 HASH: D71AD68600703000D795C0B679DCA5A0
   A B C D E F G H J K L M N
13 X X X O O O . O . O . O .
12 . X X O . X O . O . O . O
11 X X X O O O . O O O O O .
10 . X O O O X O O O . O . O
 9 X O O O X . X X X O O O X
 8 O . O . O X X X O O O X .
 7 . O O O . O X . X O . O X
 6 O . O . O O X X X O O O .
 5 . O O O O X X X O . O O X
 4 O O O . O O X O . O O X .
 3 X3O O O2. O O O O . O O X
 2 X O X X O O . O . O X O X
 1 @ X X1. X . O . O X . X .

koPOSITIONALscoreAREAtaxNONEsui1komi7.5
Time taken: 1.6291
Root visits: 204
New playouts: 202
NN rows: 202
NN batches: 68
NN avg batch size: 2.97059
PV: A1 pass A10
Tree:
: T 119.60c W 100.00c S  19.22c (+178.7 L +179.3) N     204  --  A1 pass A10
---White(^)---
A1  : T 120.56c W 100.00c S  20.12c (+179.6 L +180.2) LCB  119.45c P 12.18% WF 335.0 PSV     443 N      42  --  A1 pass A10
F9  : T 120.43c W 100.00c S  19.55c (+179.0 L +179.8) LCB  118.46c P 14.35% WF 238.5 PSV     238 N      30  --  F9 L1 H7
N8  : T 120.30c W 100.00c S  19.53c (+179.0 L +179.7) LCB  118.59c P  8.61% WF 222.5 PSV     160 N      28  --  N8 pass A10
N4  : T 120.29c W 100.00c S  19.90c (+179.4 L +179.9) LCB  119.30c P  5.63% WF 270.4 PSV     103 N      34  --  N4 pass A10
A10 : T 117.10c W 100.00c S  17.22c (+176.4 L +177.5) LCB  102.39c P 11.00% WF  54.2 PSV      41 N       7  --  A10 F9
F1  : T 118.00c W 100.00c S  18.10c (+177.1 L +178.0) LCB  111.65c P  7.35% WF  85.7 PSV      35 N      11  --  F1 A12
L1  : T 117.30c W 100.00c S  17.70c (+176.9 L +177.9) LCB   97.72c P  7.77% WF  46.6 PSV      30 N       6  --  L1 F9
N6  : T 117.57c W 100.00c S  17.83c (+177.0 L +178.1) LCB  102.95c P  6.71% WF  54.3 PSV      28 N       7  --  N6 A10
E12 : T 117.98c W 100.00c S  17.88c (+177.1 L +177.8) LCB   90.12c P  3.18% WF  39.0 PSV      15 N       5  --  E12 F9
E7  : T 119.28c W 100.00c S  19.06c (+178.2 L +178.7) LCB   75.91c P  0.95% WF  31.5 PSV       5 N       4  --  E7 pass

2026-07-17 03:31:08+0100: = A1
2026-07-17 03:31:12+0100: Controller: play B F1
2026-07-17 03:31:12+0100: = 
2026-07-17 03:31:12+0100: Controller: genmove W
2026-07-17 03:31:14+0100: MoveNum: 211 HASH: 401B020CBEF74EEBCF47798D20746980
   A B C D E F G H J K L M N
13 X X X O O O . O . O . O .
12 . X X O . X O . O . O . O
11 X X X O O O . O O O O O .
10 . X O O O X O O O . O . O
 9 X O O O X . X X X O O O X
 8 O . O . O X X X O O O X .
 7 . O O O . O X . X O . O X
 6 O . O . O O X X X O O O .
 5 . O O O O X X X O . O O X
 4 O O O . O O X O . O O X .
 3 .1O O O . O O O O . O O X
 2 . O X X O O . O . O X O X
 1 O2X X @ X X3O . O X . X .

koPOSITIONALscoreAREAtaxNONEsui1komi7.5
Time taken: 2.13943
Root visits: 206
New playouts: 204
NN rows: 205
NN batches: 69
NN avg batch size: 2.97101
PV: D1 pass F9 A10
Tree:
: T 121.24c W 100.00c S  21.03c (+178.8 L +179.4) N     206  --  D1 pass F9 A10
---White(^)---
D1  : T 121.92c W 100.00c S  21.80c (+179.4 L +179.8) LCB  120.80c P 16.31% WF 438.8 PSV     437 N      55  --  D1 pass F9 A10
A10 : T 121.91c W 100.00c S  21.50c (+179.2 L +180.0) LCB  120.43c P 10.53% WF 334.6 PSV     278 N      42  --  A10 A2 A12 D1
N4  : T 121.84c W 100.00c S  21.53c (+179.3 L +179.8) LCB  120.77c P  5.73% WF 270.6 PSV     134 N      34  --  N4 A2 A10
F9  : T 119.89c W 100.00c S  19.59c (+177.1 L +178.4) LCB  110.76c P 13.91% WF  69.4 PSV      71 N       9  --  F9 A10 H7
L1  : T 120.12c W 100.00c S  20.18c (+177.4 L +178.4) LCB  111.30c P  8.09% WF  70.6 PSV      52 N       9  --  L1 A2 D1
N8  : T 120.26c W 100.00c S  20.26c (+177.3 L +178.3) LCB  111.39c P  7.32% WF  70.6 PSV      50 N       9  --  N8 A10
A2  : T 120.61c W 100.00c S  20.65c (+177.6 L +178.7) LCB  113.20c P  4.83% WF  78.7 PSV      39 N      10  --  A2 A12
N6  : T 119.72c W 100.00c S  19.79c (+177.1 L +178.1) LCB  100.38c P  5.56% WF  46.9 PSV      30 N       6  --  N6 N4
E12 : T 119.98c W 100.00c S  19.87c (+177.6 L +178.2) LCB   46.18c P  3.05% WF  23.6 PSV      18 N       3  --  E12 A2
J4  : T 120.97c W 100.00c S  21.14c (+179.0 L +179.8) LCB  -28.50c P  0.94% WF  15.8 PSV       7 N       2  --  J4 A2

2026-07-17 03:31:14+0100: = D1
2026-07-17 03:31:19+0100: Controller: play B A2
2026-07-17 03:31:19+0100: = 
2026-07-17 03:31:19+0100: Controller: genmove W
2026-07-17 03:31:21+0100: MoveNum: 213 HASH: D7F5FA9C3805A7375DDAB76908EF7EC1
   A B C D E F G H J K L M N
13 X X X O O O . O . O . O .
12 . X X O . X O . O . O . O
11 X X X O O O . O O O O O .
10 . X O O O X O O O . O . O
 9 X O O O X . X X X O O O X
 8 O . O . O X X X O O O X .
 7 . O O O . O X . X O . O X
 6 O . O . O O X X X O O O .
 5 . O O O O X X X O . O O X
 4 O O O . O O X O . O O X .
 3 @ O O O . O O O O . O O X
 2 X3O . . O O . O . O X O X
 1 O . . O2. .1O . O X . X .

koPOSITIONALscoreAREAtaxNONEsui1komi7.5
Time taken: 1.81166
Root visits: 206
New playouts: 205
NN rows: 206
NN batches: 70
NN avg batch size: 2.94286
PV: A3 L1 N8
Tree:
: T 121.81c W 100.00c S  21.50c (+179.9 L +180.4) N     206  --  A3 L1 N8
---White(^)---
A3  : T 122.63c W 100.00c S  22.32c (+180.9 L +181.4) LCB  121.68c P  9.91% WF 327.7 PSV     355 N      41  --  A3 L1 N8
A10 : T 122.94c W 100.00c S  22.40c (+180.9 L +181.5) LCB  121.55c P 10.25% WF 312.6 PSV     310 N      39  --  A10 pass A12 pass
N8  : T 122.36c W 100.00c S  21.78c (+180.2 L +180.7) LCB  120.73c P  7.18% WF 222.9 PSV     149 N      28  --  N8 F9 N6
N4  : T 122.27c W 100.00c S  22.12c (+180.4 L +180.7) LCB  120.89c P  5.10% WF 215.0 PSV      94 N      27  --  N4 L1 N6
F9  : T 119.67c W 100.00c S  19.76c (+177.6 L +178.4) LCB  110.59c P 13.21% WF  70.0 PSV      59 N       9  --  F9 A10
L1  : T 120.56c W 100.00c S  20.55c (+178.2 L +178.7) LCB  111.69c P  8.13% WF  70.6 PSV      49 N       9  --  L1 A12
N6  : T 120.60c W 100.00c S  20.58c (+178.4 L +178.9) LCB  101.17c P  5.39% WF  47.1 PSV      33 N       6  --  N6 A10
B1  : T 120.56c W 100.00c S  20.64c (+178.3 L +179.0) LCB  101.05c P  5.06% WF  47.1 PSV      30 N       6  --  B1 A10
E12 : T 121.21c W 100.00c S  21.04c (+178.7 L +179.1) LCB  106.86c P  2.98% WF  55.2 PSV      24 N       7  --  E12 F9
D2  : T 120.84c W 100.00c S  20.72c (+178.5 L +179.3) LCB   78.06c P  3.11% WF  31.5 PSV      21 N       4  --  D2 L1

2026-07-17 03:31:21+0100: = A3
2026-07-17 03:31:25+0100: Controller: play B B1
2026-07-17 03:31:25+0100: = 
2026-07-17 03:31:25+0100: Controller: genmove W
2026-07-17 03:31:28+0100: MoveNum: 215 HASH: 4B8D7798A92DFAC98A7A73D43ECCB39C
   A B C D E F G H J K L M N
13 X X X O O O . O . O . O .
12 . X X O . X O . O . O . O
11 X X X O O O . O O O O O .
10 @ X O O O X O O O . O . O
 9 X O O O X . X X X O O O X
 8 O . O . O X X X O O O X .
 7 . O O O . O X . X O . O X
 6 O . O . O O X X X O O O .
 5 . O O O O X X X O . O O X
 4 O O O . O O X O . O O X .
 3 O2O O O . O O O O . O O X
 2 .1O . . O O . O . O X O X
 1 O X3. O . . O . O X . X .

koPOSITIONALscoreAREAtaxNONEsui1komi7.5
Time taken: 2.35224
Root visits: 205
New playouts: 202
NN rows: 203
NN batches: 69
NN avg batch size: 2.94203
PV: A10 pass A12 pass
Tree:
: T 120.93c W 100.00c S  20.57c (+179.3 L +179.8) N     205  --  A10 pass A12 pass
---White(^)---
A10 : T 122.14c W 100.00c S  21.62c (+180.3 L +181.0) LCB  120.64c P  9.43% WF 304.5 PSV     348 N      38  --  A10 pass A12 pass
F9  : T 121.43c W 100.00c S  20.53c (+179.1 L +179.9) LCB  119.17c P 12.73% WF 174.7 PSV     163 N      22  --  F9 pass H7
C1  : T 121.38c W 100.00c S  21.13c (+180.0 L +180.9) LCB  119.80c P 12.42% WF 294.3 PSV     152 N      37  --  C1 L1 A10 N1
N4  : T 121.68c W 100.00c S  21.42c (+180.0 L +180.4) LCB  120.55c P  4.94% WF 263.3 PSV      80 N      33  --  N4 A12 A10
N8  : T 120.38c W 100.00c S  19.98c (+178.2 L +178.9) LCB  115.09c P  7.16% WF  94.2 PSV      48 N      12  --  N8 F9 H7
A2  : T 120.08c W 100.00c S  19.86c (+178.1 L +178.9) LCB  111.05c P  5.96% WF  70.6 PSV      35 N       9  --  A2 F9 H7
L1  : T 119.25c W 100.00c S  19.32c (+177.4 L +178.0) LCB  104.85c P  7.25% WF  54.7 PSV      32 N       7  --  L1 A10
N6  : T 119.65c W 100.00c S  19.65c (+177.8 L +178.4) LCB  105.31c P  5.64% WF  54.8 PSV      29 N       7  --  N6 A10
E12 : T 120.11c W 100.00c S  19.92c (+178.0 L +178.5) LCB  105.71c P  2.89% WF  55.0 PSV      17 N       7  --  E12 F9
E1  : T 119.30c W 100.00c S  18.97c (+177.5 L +178.1) LCB   45.49c P  2.77% WF  23.5 PSV      12 N       3  --  E1 C1

2026-07-17 03:31:28+0100: = A10
2026-07-17 03:31:32+0100: Controller: play B A2
2026-07-17 03:31:32+0100: = 
2026-07-17 03:31:32+0100: Controller: genmove W
2026-07-17 03:31:34+0100: MoveNum: 217 HASH: D8BA161BBEBEF5B7C79A5AA681198C08
   A B C D E F G H J K L M N
13 X X X O O O . O . O . O .
12 @ X X O . X O . O . O . O
11 X X X O O O . O O O O O .
10 O2X O O O X O O O . O . O
 9 . O O O X . X X X O O O X
 8 O . O . O X X X O O O X .
 7 . O O O . O X . X O . O X
 6 O . O . O O X X X O O O .
 5 . O O O O X X X O . O O X
 4 O O O . O O X O . O O X .
 3 O O O O . O O O O . O O X
 2 X3O . . O O . O . O X O X
 1 . X1. O . . O . O X . X .

koPOSITIONALscoreAREAtaxNONEsui1komi7.5
Time taken: 1.59817
Root visits: 206
New playouts: 200
NN rows: 197
NN batches: 66
NN avg batch size: 2.98485
PV: A12 pass N4 pass
Tree:
: T 121.46c W 100.00c S  21.29c (+179.3 L +180.0) N     206  --  A12 pass N4 pass
---White(^)---
A12 : T 122.61c W 100.00c S  22.36c (+180.2 L +180.8) LCB  121.22c P 16.97% WF 682.4 PSV     676 N      85  --  A12 pass N4 pass
A9  : T 122.41c W 100.00c S  22.04c (+180.3 L +181.1) LCB  120.56c P  9.03% WF 319.3 PSV     239 N      40  --  A9 pass F9 N4
F9  : T 119.03c W 100.00c S  18.94c (+177.0 L +178.0) LCB  109.37c P 13.88% WF  69.7 PSV      55 N       9  --  F9 pass H7
N4  : T 121.69c W 100.00c S  21.37c (+179.5 L +180.0) LCB  119.60c P  4.14% WF 166.2 PSV      50 N      21  --  N4 A9 N1
C1  : T 120.28c W 100.00c S  20.02c (+177.9 L +178.5) LCB  108.73c P  5.40% WF  62.6 PSV      31 N       8  --  C1 A9 F9
L1  : T 119.10c W 100.00c S  19.08c (+177.0 L +177.8) LCB   99.22c P  6.79% WF  46.6 PSV      27 N       6  --  L1 A9 F9
N8  : T 118.49c W 100.00c S  18.94c (+176.8 L +177.6) LCB   75.59c P  6.58% WF  31.1 PSV      23 N       4  --  N8 pass
N6  : T 119.16c W 100.00c S  19.56c (+177.3 L +178.3) LCB   76.33c P  4.66% WF  31.2 PSV      19 N       4  --  N6 pass
E12 : T 118.84c W 100.00c S  19.08c (+177.2 L +177.9) LCB  -30.10c P  3.20% WF  15.6 PSV      12 N       2  --  E12 A9
D2  : T 116.41c W 100.00c S  17.46c (+176.1 L +177.0) LCB  -32.58c P  2.96% WF  15.4 PSV       7 N       2  --  D2 A9

2026-07-17 03:31:34+0100: = A12
2026-07-17 03:31:40+0100: Controller: play B B12
2026-07-17 03:31:40+0100: = 
2026-07-17 03:31:40+0100: Controller: genmove W
2026-07-17 03:31:41+0100: MoveNum: 219 HASH: 9E7516A5BC8256E93C5D676F5C18674F
   A B C D E F G H J K L M N
13 . @ . O O O . O . O . O .
12 O2X3. O . X O . O . O . O
11 . . . O O O . O O O O O .
10 O . O O O X O O O . O . O
 9 . O O O X . X X X O O O X
 8 O . O . O X X X O O O X .
 7 . O O O . O X . X O . O X
 6 O . O . O O X X X O O O .
 5 . O O O O X X X O . O O X
 4 O O O . O O X O . O O X .
 3 O O O O . O O O O . O O X
 2 X1O . . O O . O . O X O X
 1 . X . O . . O . O X . X .

koPOSITIONALscoreAREAtaxNONEsui1komi7.5
Time taken: 1.6714
Root visits: 206
New playouts: 202
NN rows: 199
NN batches: 68
NN avg batch size: 2.92647
PV: B13 pass F9
Tree:
: T 121.23c W 100.00c S  20.69c (+181.0 L +181.6) N     206  --  B13 pass F9
---White(^)---
B13 : T 122.93c W 100.00c S  21.87c (+182.1 L +182.9) LCB  121.10c P  4.51% WF 266.0 PSV     598 N      33  --  B13 pass F9
B11 : T 122.19c W 100.00c S  21.44c (+181.6 L +182.6) LCB  120.25c P  7.09% WF 344.4 PSV     342 N      43  --  B11 pass F9 L1
C1  : T 122.12c W 100.00c S  21.47c (+181.7 L +182.2) LCB  120.53c P  4.55% WF 231.7 PSV     183 N      29  --  C1 pass F9
N8  : T 121.72c W 100.00c S  20.90c (+181.3 L +182.0) LCB  119.94c P  7.28% WF 223.1 PSV     145 N      28  --  N8 pass F9
N4  : T 121.14c W 100.00c S  20.73c (+180.8 L +181.4) LCB  119.21c P  4.56% WF 166.4 PSV      52 N      21  --  N4 pass F9
F9  : T 117.87c W 100.00c S  18.36c (+178.8 L +179.7) LCB   97.90c P 11.95% WF  46.5 PSV      40 N       6  --  F9 pass H7
A11 : T 119.41c W 100.00c S  19.34c (+179.1 L +179.6) LCB   99.92c P  5.51% WF  47.1 PSV      28 N       6  --  A11 pass
L1  : T 118.65c W 100.00c S  18.68c (+178.6 L +179.1) LCB   99.11c P  6.58% WF  46.8 PSV      26 N       6  --  L1 F9
N6  : T 118.46c W 100.00c S  18.72c (+179.1 L +179.5) LCB   44.60c P  5.25% WF  23.4 PSV      20 N       3  --  N6 pass
A1  : T 118.22c W 100.00c S  18.25c (+178.5 L +179.0) LCB   44.40c P  4.25% WF  23.4 PSV      15 N       3  --  A1 B11

2026-07-17 03:31:41+0100: = B13
2026-07-17 03:31:51+0100: Controller: play B A11
2026-07-17 03:31:51+0100: = 
2026-07-17 03:31:51+0100: Controller: genmove W
2026-07-17 03:31:52+0100: MoveNum: 221 HASH: 0F15720A5DB7C9271B0EB3C4D6E3664A
   A B C D E F G H J K L M N
13 . O2. O O O . O . O . O .
12 O X1@ O . X O . O . O . O
11 X3. . O O O . O O O O O .
10 O . O O O X O O O . O . O
 9 . O O O X . X X X O O O X
 8 O . O . O X X X O O O X .
 7 . O O O . O X . X O . O X
 6 O . O . O O X X X O O O .
 5 . O O O O X X X O . O O X
 4 O O O . O O X O . O O X .
 3 O O O O . O O O O . O O X
 2 X O . . O O . O . O X O X
 1 . X . O . . O . O X . X .

koPOSITIONALscoreAREAtaxNONEsui1komi7.5
Time taken: 1.98514
Root visits: 206
New playouts: 204
NN rows: 201
NN batches: 68
NN avg batch size: 2.95588
PV: C12 pass F9
Tree:
: T 120.98c W 100.00c S  20.72c (+181.1 L +181.6) N     206  --  C12 pass F9
---White(^)---
C12 : T 122.14c W 100.00c S  21.56c (+182.1 L +182.8) LCB  120.33c P  3.94% WF 240.5 PSV     765 N      30  --  C12 pass F9
B11 : T 121.54c W 100.00c S  21.32c (+181.6 L +182.5) LCB  119.82c P 13.77% WF 511.4 PSV     509 N      64  --  B11 L1 N8 F9
C1  : T 121.78c W 100.00c S  21.36c (+181.8 L +182.1) LCB  120.19c P  4.07% WF 231.8 PSV     231 N      29  --  C1 A13 F9
F9  : T 120.62c W 100.00c S  19.80c (+180.3 L +180.7) LCB  116.17c P 13.35% WF 110.7 PSV     112 N      14  --  F9 B11 H7
N4  : T 120.78c W 100.00c S  20.74c (+180.9 L +181.2) LCB  118.15c P  5.21% WF 142.6 PSV      68 N      18  --  N4 A13 F9
N8  : T 119.54c W 100.00c S  19.66c (+179.4 L +179.5) LCB  105.10c P  6.56% WF  55.0 PSV      42 N       7  --  N8 F9
L1  : T 119.31c W 100.00c S  19.39c (+179.3 L +179.3) LCB   91.61c P  5.62% WF  39.3 PSV      33 N       5  --  L1 A13
A1  : T 119.84c W 100.00c S  19.83c (+179.6 L +179.6) LCB   92.13c P  3.57% WF  39.4 PSV      26 N       5  --  A1 A13
N6  : T 118.94c W 100.00c S  19.25c (+179.4 L +179.6) LCB   76.04c P  4.74% WF  31.4 PSV      24 N       4  --  N6 A13
A13 : T 119.12c W 100.00c S  19.08c (+179.4 L +179.3) LCB   45.32c P  2.95% WF  23.5 PSV      16 N       3  --  A13 B11

2026-07-17 03:31:52+0100: = C12
2026-07-17 03:31:57+0100: Controller: play B A13
2026-07-17 03:31:57+0100: = 
2026-07-17 03:31:57+0100: Controller: genmove W
2026-07-17 03:32:00+0100: MoveNum: 223 HASH: 2B174FFB676E45B8CD1A4C90CC03E5D5
   A B C D E F G H J K L M N
13 X3O . O O O . O . O . O .
12 . X O2O . X O . O . O . O
11 X1. . O O O . O O O O O .
10 O . O O O X O O O . O . O
 9 . O O O X . X X X O O O X
 8 O . O . O X X X O O O X .
 7 . O O O . O X . X O . O X
 6 O . O . O O X X X O O O .
 5 . O O O O X X X O . O O X
 4 O O O . O O X O . O O X .
 3 O O O O . O O O O . O O X
 2 X O . . O O . O . O X O X
 1 . X @ O . . O . O X . X .

koPOSITIONALscoreAREAtaxNONEsui1komi7.5
Time taken: 2.23414
Root visits: 206
New playouts: 201
NN rows: 195
NN batches: 67
NN avg batch size: 2.91045
PV: C1 B11 F9
Tree:
: T 120.60c W 100.00c S  20.27c (+180.7 L +181.2) N     206  --  C1 B11 F9
---White(^)---
C1  : T 121.90c W 100.00c S  21.41c (+181.8 L +182.4) LCB  120.27c P  3.69% WF 232.7 PSV     322 N      29  --  C1 B11 F9
F9  : T 121.72c W 100.00c S  21.00c (+181.5 L +182.2) LCB  119.88c P 13.69% WF 240.3 PSV     238 N      30  --  F9 pass H7 pass
B11 : T 120.82c W 100.00c S  20.41c (+181.0 L +181.9) LCB  118.23c P 10.48% WF 238.4 PSV      91 N      30  --  B11 pass A12 L1
N8  : T 120.80c W 100.00c S  20.53c (+181.0 L +181.6) LCB  118.62c P  6.93% WF 238.2 PSV      59 N      30  --  N8 pass F9 pass
N4  : T 120.98c W 100.00c S  20.57c (+181.0 L +181.5) LCB  118.95c P  4.48% WF 175.0 PSV      42 N      22  --  N4 B11 A12
C13 : T 119.17c W 100.00c S  19.24c (+179.0 L +179.5) LCB  104.61c P  6.48% WF  55.0 PSV      29 N       7  --  C13 F9
L1  : T 118.43c W 100.00c S  18.71c (+178.7 L +179.2) LCB   90.48c P  7.71% WF  39.1 PSV      28 N       5  --  L1 F9
A1  : T 119.65c W 100.00c S  19.63c (+179.4 L +179.7) LCB  100.05c P  4.78% WF  47.3 PSV      25 N       6  --  A1 C13
N6  : T 119.09c W 100.00c S  19.20c (+179.2 L +179.5) LCB   91.15c P  5.07% WF  39.3 PSV      22 N       5  --  N6 C13
B10 : T 118.74c W 100.00c S  18.72c (+179.1 L +179.5) LCB   44.67c P  3.24% WF  23.6 PSV      13 N       3  --  B10 C13

2026-07-17 03:32:00+0100: = C1
2026-07-17 03:32:04+0100: Controller: play B C13
2026-07-17 03:32:04+0100: = 
2026-07-17 03:32:04+0100: Controller: genmove W
2026-07-17 03:32:06+0100: MoveNum: 225 HASH: A8EBE67686013DCD1A46007D6399C5A5
   A B C D E F G H J K L M N
13 X1. X3O O O . O . O . O .
12 . X O O . X O . O . O . O
11 X . . O O O . O O O O O .
10 O . O O O X O O O . O . O
 9 . O O O X . X X X O O O X
 8 O . O . O X X X O O O X .
 7 . O O O . O X . X O . O X
 6 O . O . O O X X X O O O .
 5 . O O O O X X X O . O O X
 4 O O O . O O X O . O O X @
 3 O O O O . O O O O . O O X
 2 X O . . O O . O . O X O X
 1 . X O2O . . O . O X . X .

koPOSITIONALscoreAREAtaxNONEsui1komi7.5
Time taken: 2.09117
Root visits: 206
New playouts: 202
NN rows: 190
NN batches: 64
NN avg batch size: 2.96875
PV: N4 B11 F9
Tree:
: T 121.83c W 100.00c S  21.42c (+181.0 L +181.6) N     206  --  N4 B11 F9
---White(^)---
N4  : T 122.34c W 100.00c S  22.03c (+181.6 L +182.1) LCB  121.22c P  4.77% WF 247.1 PSV     397 N      31  --  N4 B11 F9
F9  : T 122.46c W 100.00c S  21.74c (+181.5 L +182.1) LCB  120.97c P 15.93% WF 311.3 PSV     310 N      39  --  F9 B11 H7 pass
B11 : T 122.57c W 100.00c S  21.82c (+181.5 L +182.2) LCB  120.82c P 10.73% WF 255.6 PSV     243 N      32  --  B11 pass F9 L1
L1  : T 122.32c W 100.00c S  21.83c (+181.4 L +182.0) LCB  120.85c P  7.56% WF 255.0 PSV     125 N      32  --  L1 B11 F9
N8  : T 121.99c W 100.00c S  21.63c (+181.3 L +181.9) LCB  119.71c P  7.44% WF 238.3 PSV      90 N      30  --  N8 pass F9 pass
A1  : T 119.59c W 100.00c S  19.78c (+178.8 L +179.2) LCB  100.08c P  8.54% WF  46.9 PSV      35 N       6  --  A1 B13
N6  : T 120.31c W 100.00c S  20.37c (+179.3 L +179.4) LCB   92.61c P  4.65% WF  39.3 PSV      24 N       5  --  N6 pass
E12 : T 119.95c W 100.00c S  19.79c (+179.0 L +179.1) LCB   46.15c P  3.01% WF  23.6 PSV      14 N       3  --  E12 B13
D2  : T 118.76c W 100.00c S  19.14c (+178.9 L +179.5) LCB  -30.19c P  3.63% WF  15.6 PSV      12 N       2  --  D2 B11
B10 : T 119.47c W 100.00c S  20.13c (+179.6 L +179.9) LCB  -29.49c P  3.12% WF  15.7 PSV      12 N       2  --  B10 pass

2026-07-17 03:32:06+0100: = N4
2026-07-17 03:32:10+0100: Controller: play B C2
2026-07-17 03:32:10+0100: = 
2026-07-17 03:32:10+0100: Controller: genmove W
2026-07-17 03:32:12+0100: MoveNum: 227 HASH: 5D4B224297344B2CBA3BC4E6D80DF909
   A B C D E F G H J K L M N
13 X . X1O O O . O . O . O .
12 . X O O . X O . O . O . O
11 X . . O O O . O O O O O .
10 O . O O O X O O O . O . O
 9 . O O O X . X X X O O O X
 8 O . O . O X X X O O O X .
 7 . O O O . O X . X O . O X
 6 O . O . O O X X X O O O .
 5 . O O O O X X X O . O O X
 4 O O O . O O X O . O O . O2
 3 O O O O . O O O O . O O X
 2 X O X3. O O . O . O X O X
 1 . X O O . . O . O X . X @

koPOSITIONALscoreAREAtaxNONEsui1komi7.5
Time taken: 1.50684
Root visits: 206
New playouts: 205
NN rows: 203
NN batches: 68
NN avg batch size: 2.98529
PV: N1 B11 F9
Tree:
: T 122.81c W 100.00c S  22.41c (+181.7 L +182.4) N     206  --  N1 B11 F9
---White(^)---
N1  : T 123.81c W 100.00c S  23.46c (+182.8 L +183.3) LCB  122.68c P  6.23% WF 280.6 PSV     390 N      35  --  N1 B11 F9
B11 : T 123.58c W 100.00c S  23.15c (+182.4 L +183.2) LCB  122.59c P  6.83% WF 256.1 PSV     180 N      32  --  B11 M4 F9
F9  : T 122.92c W 100.00c S  22.24c (+181.6 L +182.3) LCB  121.43c P 12.72% WF 214.5 PSV     157 N      27  --  F9 B11 H7
N8  : T 123.46c W 100.00c S  22.95c (+182.2 L +182.9) LCB  122.20c P  6.28% WF 231.8 PSV     138 N      29  --  N8 B11 F9
A1  : T 123.15c W 100.00c S  22.68c (+182.1 L +183.1) LCB  121.88c P  7.77% WF 239.0 PSV     117 N      30  --  A1 pass B11
N6  : T 120.84c W 100.00c S  20.93c (+179.4 L +180.1) LCB  101.36c P  8.82% WF  47.0 PSV      40 N       6  --  N6 F9
D2  : T 121.36c W 100.00c S  21.12c (+179.5 L +180.2) LCB  102.03c P  7.02% WF  47.2 PSV      38 N       6  --  D2 M4
E12 : T 122.87c W 100.00c S  22.61c (+180.8 L +180.9) LCB  111.85c P  2.54% WF  63.6 PSV      30 N       8  --  E12 F9
L1  : T 121.41c W 100.00c S  21.40c (+179.8 L +180.4) LCB   93.65c P  4.99% WF  39.4 PSV      27 N       5  --  L1 F9
M4  : T 121.61c W 100.00c S  21.59c (+180.2 L +180.7) LCB   78.83c P  3.38% WF  31.6 PSV      20 N       4  --  M4 L1

2026-07-17 03:32:12+0100: = N1
2026-07-17 03:32:16+0100: Controller: play B E1
2026-07-17 03:32:16+0100: = 
2026-07-17 03:32:16+0100: Controller: genmove W
2026-07-17 03:32:17+0100: MoveNum: 229 HASH: 573985C0648CA5B25D7BB7E5561E78E8
   A B C D E F G H J K L M N
13 X . X O O O . O . O . O .
12 . X O O . X O . O . O . O
11 X . . O O O . O O O O O .
10 O . O O O X O O O . O . O
 9 . O O O X . X X X O O O X
 8 O . O . O X X X O O O X .
 7 . O O O . O X . X O . O X
 6 O . O . O O X X X O O O .
 5 . O O O O X X X O . O O X
 4 O O O . O O X O . O O . O
 3 O O O O . O O O O . O O .
 2 X O X1. O O . O . O X O .
 1 . X O O X3@ O . O X . X O2

koPOSITIONALscoreAREAtaxNONEsui1komi7.5
Time taken: 1.41049
Root visits: 206
New playouts: 204
NN rows: 205
NN batches: 69
NN avg batch size: 2.97101
PV: F1 B11 F9
Tree:
: T 120.83c W 100.00c S  20.52c (+181.6 L +182.2) N     206  --  F1 B11 F9
---White(^)---
F1  : T 121.63c W 100.00c S  21.18c (+182.3 L +183.2) LCB  120.30c P  9.10% WF 303.7 PSV     341 N      38  --  F1 B11 F9
D2  : T 121.38c W 100.00c S  21.10c (+182.2 L +183.1) LCB  119.53c P  7.73% WF 263.2 PSV     166 N      33  --  D2 B11 F9 B13
L1  : T 121.53c W 100.00c S  20.87c (+181.8 L +182.3) LCB  118.78c P  7.63% WF 159.7 PSV     160 N      20  --  L1 D2 F9
A1  : T 120.98c W 100.00c S  20.74c (+181.7 L +182.6) LCB  118.03c P 10.45% WF 238.5 PSV     145 N      30  --  A1 B11 L1 F9
B13 : T 121.44c W 100.00c S  21.24c (+182.2 L +182.7) LCB  120.07c P  4.14% WF 223.4 PSV      97 N      28  --  B13 D2 F9
F9  : T 119.72c W 100.00c S  19.50c (+180.2 L +180.5) LCB  114.56c P 12.26% WF  94.5 PSV      80 N      12  --  F9 D2 H7 pass
B11 : T 120.67c W 100.00c S  20.40c (+180.6 L +181.1) LCB  113.45c P  5.62% WF  79.4 PSV      61 N      10  --  B11 D2 F9
N6  : T 119.39c W 100.00c S  19.01c (+179.8 L +180.4) LCB  104.72c P  5.87% WF  55.0 PSV      33 N       7  --  N6 D2 F9
N8  : T 119.64c W 100.00c S  19.68c (+180.2 L +180.4) LCB   91.86c P  5.21% WF  39.3 PSV      32 N       5  --  N8 F9
E12 : T 119.13c W 100.00c S  19.05c (+180.2 L +180.7) LCB  -29.80c P  2.33% WF  15.7 PSV      12 N       2  --  E12 D2

2026-07-17 03:32:17+0100: = F1
2026-07-17 03:32:20+0100: Controller: play B N3
2026-07-17 03:32:20+0100: = 
2026-07-17 03:32:20+0100: Controller: genmove W
2026-07-17 03:32:23+0100: MoveNum: 231 HASH: 2BA03DF04A2FB6CB6B8E9C47F4D741D4
   A B C D E F G H J K L M N
13 X . X O O O . O . O . O .
12 . X O O . X O . O . O . O
11 X . . O O O . O O O O O .
10 O . O O O X O O O . O . O
 9 . O O O X . X X X O O O X
 8 O . O . O X X X O O O X .
 7 . O O O . O X . X O . O X
 6 O . O . O O X X X O O O @
 5 . O O O O X X X O . O O X
 4 O O O . O O X O . O O . O
 3 O O O O . O O O O . O O X3
 2 X O X . O O . O . O X O .
 1 . X O O .1O2O . O X . X O

koPOSITIONALscoreAREAtaxNONEsui1komi7.5
Time taken: 2.42099
Root visits: 206
New playouts: 206
NN rows: 202
NN batches: 69
NN avg batch size: 2.92754
PV: N6 B11 F9
Tree:
: T 121.78c W 100.00c S  21.44c (+181.0 L +181.9) N     206  --  N6 B11 F9
---White(^)---
N6  : T 123.00c W 100.00c S  22.34c (+182.1 L +183.2) LCB  121.68c P  9.71% WF 304.5 PSV     593 N      38  --  N6 B11 F9
B11 : T 122.47c W 100.00c S  22.14c (+181.7 L +182.8) LCB  120.89c P  5.98% WF 319.5 PSV     318 N      40  --  B11 M4 A12 N4
N8  : T 122.98c W 100.00c S  22.16c (+181.7 L +182.7) LCB  121.53c P  6.80% WF 272.7 PSV     271 N      34  --  N8 M4 F9
B13 : T 122.66c W 100.00c S  22.32c (+181.6 L +182.4) LCB  121.25c P  4.59% WF 223.8 PSV     223 N      28  --  B13 M4 F9
F9  : T 118.90c W 100.00c S  19.25c (+178.3 L +179.2) LCB  104.12c P 12.15% WF  54.5 PSV      49 N       7  --  F9 M4
L1  : T 119.37c W 100.00c S  19.51c (+178.2 L +179.1) LCB  104.95c P  9.29% WF  54.7 PSV      42 N       7  --  L1 F9
N2  : T 118.59c W 100.00c S  19.03c (+178.1 L +179.3) LCB   90.48c P  8.30% WF  38.9 PSV      31 N       5  --  N2 F9
A1  : T 119.77c W 100.00c S  19.83c (+178.7 L +179.6) LCB   92.00c P  5.01% WF  39.2 PSV      26 N       5  --  A1 F9
D2  : T 120.27c W 100.00c S  20.25c (+178.9 L +179.7) LCB  100.83c P  3.68% WF  47.2 PSV      23 N       6  --  D2 F9
M4  : T 118.58c W 100.00c S  18.98c (+178.5 L +179.3) LCB   44.48c P  4.91% WF  23.3 PSV      18 N       3  --  M4 F9

2026-07-17 03:32:23+0100: = N6
2026-07-17 03:32:25+0100: Controller: play B B10
2026-07-17 03:32:25+0100: = 
2026-07-17 03:32:25+0100: Controller: genmove W
2026-07-17 03:32:27+0100: MoveNum: 233 HASH: 636FD51C87C5E5313FFA90CE23FF9F88
   A B C D E F G H J K L M N
13 X @ X O O O . O . O . O .
12 . X O O . X O . O . O . O
11 X . . O O O . O O O O O .
10 O X3O O O X O O O . O . O
 9 . O O O X . X X X O O O X
 8 O . O . O X X X O O O X .
 7 . O O O . O X . X O . O X
 6 O . O . O O X X X O O O O2
 5 . O O O O X X X O . O O .
 4 O O O . O O X O . O O . O
 3 O O O O . O O O O . O O X1
 2 X O X . O O . O . O X O .
 1 . X O O . O O . O X . X O

koPOSITIONALscoreAREAtaxNONEsui1komi7.5
Time taken: 1.25747
Root visits: 206
New playouts: 203
NN rows: 199
NN batches: 67
NN avg batch size: 2.97015
PV: B13 pass L1 B11
Tree:
: T 117.76c W 100.00c S  18.29c (+179.2 L +180.4) N     206  --  B13 pass L1 B11
---White(^)---
B13 : T 118.79c W 100.00c S  19.01c (+179.9 L +181.2) LCB  115.39c P  6.67% WF 327.2 PSV     410 N      41  --  B13 pass L1 B11
F9  : T 118.18c W 100.00c S  18.26c (+179.2 L +180.4) LCB  113.99c P 14.00% WF 268.8 PSV     252 N      34  --  F9 pass H7 pass
B11 : T 118.19c W 100.00c S  19.31c (+180.2 L +182.0) LCB  113.35c P 14.01% WF 238.5 PSV     239 N      30  --  B11 F9 H7 pass
A9  : T 118.47c W 100.00c S  18.94c (+179.9 L +181.3) LCB  114.40c P  7.80% WF 270.8 PSV     201 N      34  --  A9 F9 H7 pass
L1  : T 114.78c W 100.00c S  15.56c (+176.5 L +177.6) LCB   86.65c P  9.32% WF  38.8 PSV      37 N       5  --  L1 F9
N8  : T 116.18c W 100.00c S  16.56c (+177.1 L +178.0) LCB   96.52c P  5.99% WF  47.0 PSV      35 N       6  --  N8 F9
N2  : T 114.46c W 100.00c S  16.04c (+177.1 L +178.4) LCB   40.38c P  6.89% WF  23.3 PSV      24 N       3  --  N2 A9
A1  : T 115.70c W 100.00c S  16.31c (+177.0 L +178.1) LCB   87.82c P  4.03% WF  39.1 PSV      20 N       5  --  A1 A9
D2  : T 115.68c W 100.00c S  16.23c (+177.0 L +178.0) LCB   72.79c P  3.32% WF  31.3 PSV      16 N       4  --  D2 A9
E12 : T 115.02c W 100.00c S  15.89c (+176.8 L +177.9) LCB   41.10c P  2.75% WF  23.4 PSV      11 N       3  --  E12 A9

2026-07-17 03:32:27+0100: = B13
2026-07-17 03:32:30+0100: Controller: play B A9
2026-07-17 03:32:30+0100: = 
2026-07-17 03:32:30+0100: Controller: genmove W
2026-07-17 03:32:32+0100: MoveNum: 235 HASH: 824536EC8EF1A270A826E803A1E4F805
   A B C D E F G H J K L M N
13 X O2. O O O . O . O . O .
12 . X O O . X O . O . O . O
11 X . . O O O . O O O O O .
10 . X1O O O X O O O . O . O
 9 X3O O O X . X X X O O O X
 8 O . O . O X X X O O O X @
 7 . O O O . O X . X O . O X
 6 O . O . O O X X X O O O O
 5 . O O O O X X X O . O O .
 4 O O O . O O X O . O O . O
 3 O O O O . O O O O . O O X
 2 X O X . O O . O . O X O .
 1 . X O O . O O . O X . X O

koPOSITIONALscoreAREAtaxNONEsui1komi7.5
Time taken: 1.76782
Root visits: 206
New playouts: 201
NN rows: 187
NN batches: 64
NN avg batch size: 2.92188
PV: N8 pass F9
Tree:
: T 117.87c W 100.00c S  18.08c (+179.0 L +180.2) N     206  --  N8 pass F9
---White(^)---
N8  : T 120.07c W 100.00c S  19.52c (+180.3 L +181.4) LCB  117.78c P  6.48% WF 241.6 PSV     867 N      30  --  N8 pass F9
C13 : T 118.30c W 100.00c S  18.44c (+179.4 L +180.7) LCB  114.93c P 10.88% WF 336.6 PSV     348 N      44  --  C13 pass N8 F9
B11 : T 118.24c W 100.00c S  18.52c (+179.4 L +180.8) LCB  114.48c P  9.37% WF 261.4 PSV     262 N      33  --  B11 pass A12 F9
A12 : T 118.14c W 100.00c S  18.45c (+179.4 L +180.9) LCB  113.68c P 10.06% WF 269.0 PSV     245 N      34  --  A12 pass B11 pass
F9  : T 119.20c W 100.00c S  17.94c (+178.7 L +180.0) LCB  113.16c P 16.31% WF 103.6 PSV     103 N      13  --  F9 pass H7
L1  : T 114.88c W 100.00c S  15.61c (+176.4 L +177.8) LCB   86.91c P  8.59% WF  38.8 PSV      37 N       5  --  L1 C13
A1  : T 115.26c W 100.00c S  15.85c (+176.6 L +177.7) LCB   87.35c P  4.01% WF  38.9 PSV      19 N       5  --  A1 C13
E12 : T 115.73c W 100.00c S  16.08c (+176.8 L +177.9) LCB   72.88c P  3.37% WF  31.2 PSV      18 N       4  --  E12 B11
N2  : T 114.65c W 100.00c S  16.10c (+177.0 L +178.3) LCB   40.52c P  4.41% WF  23.3 PSV      18 N       3  --  N2 C13
D2  : T 115.08c W 100.00c S  15.61c (+176.4 L +177.6) LCB   87.18c P  3.10% WF  38.9 PSV      14 N       5  --  D2 C13

2026-07-17 03:32:32+0100: = N8
2026-07-17 03:32:35+0100: Controller: play B C13
2026-07-17 03:32:35+0100: = 
2026-07-17 03:32:35+0100: Controller: genmove W
2026-07-17 03:32:37+0100: MoveNum: 237 HASH: 7CAF86B689A58C436A57B1CF5625DB48
   A B C D E F G H J K L M N
13 X . X3O O O . O . O . O .
12 . X O O . X O . O . O . O
11 X . . O O O . O O O O O .
10 @ X O O O X O O O . O . O
 9 X1O O O X . X X X O O O .
 8 O . O . O X X X O O O . O2
 7 . O O O . O X . X O . O .
 6 O . O . O O X X X O O O O
 5 . O O O O X X X O . O O .
 4 O O O . O O X O . O O . O
 3 O O O O . O O O O . O O X
 2 X O X . O O . O . O X O .
 1 . X O O . O O . O X . X O

koPOSITIONALscoreAREAtaxNONEsui1komi7.5
Time taken: 1.68432
Root visits: 206
New playouts: 203
NN rows: 187
NN batches: 64
NN avg batch size: 2.92188
PV: A10 B11 A9 B13
Tree:
: T 119.67c W 100.00c S  19.95c (+178.7 L +179.8) N     206  --  A10 B11 A9 B13
---White(^)---
A10 : T 120.63c W 100.00c S  20.55c (+179.2 L +180.3) LCB  118.38c P  9.47% WF 327.7 PSV     458 N      41  --  A10 B11 A9 B13
F9  : T 119.70c W 100.00c S  20.02c (+178.9 L +180.1) LCB  115.91c P 18.38% WF 276.1 PSV     215 N      35  --  F9 pass A10 B11
B11 : T 120.12c W 100.00c S  20.36c (+179.2 L +180.7) LCB  116.68c P 12.05% WF 293.9 PSV     200 N      37  --  B11 pass A10 F9
L1  : T 119.97c W 100.00c S  20.02c (+178.7 L +179.9) LCB  116.69c P  9.72% WF 253.3 PSV     140 N      32  --  L1 pass B13 B11
A1  : T 118.21c W 100.00c S  18.69c (+176.9 L +178.0) LCB   90.35c P  5.94% WF  39.2 PSV      33 N       5  --  A1 B13
C11 : T 118.02c W 100.00c S  18.33c (+176.6 L +177.6) LCB   98.53c P  5.24% WF  46.9 PSV      28 N       6  --  C11 F9
E12 : T 118.88c W 100.00c S  19.15c (+177.3 L +178.1) LCB   91.12c P  3.64% WF  39.4 PSV      27 N       5  --  E12 B13
D2  : T 118.11c W 100.00c S  18.68c (+177.1 L +178.0) LCB   75.19c P  4.40% WF  31.4 PSV      24 N       4  --  D2 B13
N2  : T 116.93c W 100.00c S  17.81c (+176.5 L +177.6) LCB   73.94c P  5.27% WF  31.0 PSV      20 N       4  --  N2 pass
E7  : T 119.52c W 100.00c S  20.53c (+179.1 L +179.6) LCB  -29.47c P  1.32% WF  15.8 PSV      13 N       2  --  E7 B13

2026-07-17 03:32:37+0100: = A10
2026-07-17 03:32:40+0100: Controller: play B N2
2026-07-17 03:32:40+0100: = 
2026-07-17 03:32:40+0100: Controller: genmove W
2026-07-17 03:32:42+0100: MoveNum: 239 HASH: 60199E98E7421C954CD9A4FDE741AA58
   A B C D E F G H J K L M N
13 X . X1O O O . O . O . O .
12 . X O O . X O . O . O . O
11 X . . O O O . O O O O O .
10 O2X O O O X O O O . O . O
 9 . O O O X . X X X O O O .
 8 O . O . O X X X O O O . O
 7 . O O O . O X . X O . O .
 6 O . O . O O X X X O O O O
 5 . O O O O X X X O . O O .
 4 O O O . O O X O . O O . O
 3 O O O O . O O O O . O O X
 2 X O X . O O . O . O X O X3
 1 @ X O O . O O . O X . X .

koPOSITIONALscoreAREAtaxNONEsui1komi7.5
Time taken: 1.88829
Root visits: 206
New playouts: 203
NN rows: 193
NN batches: 65
NN avg batch size: 2.96923
PV: A1 pass B11 F9
Tree:
: T 117.27c W 100.00c S  17.31c (+178.3 L +179.7) N     206  --  A1 pass B11 F9
---White(^)---
A1  : T 118.93c W 100.00c S  18.15c (+179.0 L +180.5) LCB  115.91c P  4.87% WF 313.0 PSV     535 N      39  --  A1 pass B11 F9
N1  : T 118.02c W 100.00c S  17.86c (+178.8 L +180.3) LCB  114.47c P  8.57% WF 318.2 PSV     317 N      40  --  N1 pass B13 pass
B11 : T 117.21c W 100.00c S  17.06c (+178.2 L +180.0) LCB  112.47c P 15.83% WF 260.4 PSV     215 N      33  --  B11 pass B13 pass
B13 : T 117.72c W 100.00c S  17.74c (+178.6 L +180.1) LCB  114.03c P  7.94% WF 261.7 PSV     179 N      33  --  B13 pass B11 pass
F9  : T 114.42c W 100.00c S  15.36c (+176.6 L +178.2) LCB   98.36c P 14.95% WF  54.0 PSV      56 N       7  --  F9 pass H7
L1  : T 113.90c W 100.00c S  14.65c (+175.9 L +177.5) LCB   94.16c P 10.52% WF  46.3 PSV      39 N       6  --  L1 pass
A9  : T 114.57c W 100.00c S  15.53c (+176.6 L +178.2) LCB   86.21c P  6.54% WF  38.9 PSV      29 N       5  --  A9 pass
D2  : T 114.72c W 100.00c S  15.39c (+176.5 L +177.7) LCB   71.68c P  3.45% WF  31.1 PSV      15 N       4  --  D2 pass
E7  : T 117.80c W 100.00c S  18.11c (+179.0 L +179.8) LCB  -31.73c P  1.07% WF  15.8 PSV      14 N       2  --  E7 L1
E12 : T 114.52c W 100.00c S  15.53c (+176.8 L +178.1) LCB   40.38c P  3.01% WF  23.3 PSV      13 N       3  --  E12 pass

2026-07-17 03:32:42+0100: = A1
2026-07-17 03:32:45+0100: Controller: play B C11
2026-07-17 03:32:45+0100: = 
2026-07-17 03:32:45+0100: Controller: genmove W
2026-07-17 03:32:47+0100: MoveNum: 241 HASH: 20499AFE1A7127EFAE2F837F42F63BFF
   A B C D E F G H J K L M N
13 X . X O O O . O . O . O .
12 . X O O . X O . O . O . O
11 X . X3O O O . O O O O O .
10 O X O O O X O O O . O . O
 9 . O O O X @ X X X O O O .
 8 O . O . O X X X O O O . O
 7 . O O O . O X . X O . O .
 6 O . O . O O X X X O O O O
 5 . O O O O X X X O . O O .
 4 O O O . O O X O . O O . O
 3 O O O O . O O O O . O O X
 2 . O X . O O . O . O X O X1
 1 O2. O O . O O . O X . X .

koPOSITIONALscoreAREAtaxNONEsui1komi7.5
Time taken: 1.71468
Root visits: 206
New playouts: 204
NN rows: 197
NN batches: 67
NN avg batch size: 2.9403
PV: F9 B11 A9
Tree:
: T 119.93c W 100.00c S  20.04c (+178.9 L +180.4) N     206  --  F9 B11 A9
---White(^)---
F9  : T 122.44c W 100.00c S  21.23c (+180.2 L +181.6) LCB  118.97c P 16.97% WF 176.8 PSV     766 N      22  --  F9 B11 A9
B11 : T 120.85c W 100.00c S  20.83c (+179.7 L +181.5) LCB  118.45c P 16.08% WF 544.4 PSV     564 N      71  --  B11 N1 B13 L1 D2 F9
B13 : T 120.19c W 100.00c S  20.59c (+179.5 L +181.0) LCB  117.53c P  9.83% WF 341.2 PSV     145 N      43  --  B13 B11 A12 F9
L1  : T 116.29c W 100.00c S  16.95c (+175.8 L +177.2) LCB   88.27c P  9.22% WF  38.5 PSV      30 N       5  --  L1 F9
N1  : T 117.53c W 100.00c S  17.86c (+176.4 L +177.6) LCB  102.90c P  6.52% WF  54.4 PSV      28 N       7  --  N1 F9
A9  : T 117.27c W 100.00c S  17.67c (+176.2 L +177.8) LCB   97.61c P  6.89% WF  46.6 PSV      28 N       6  --  A9 F9
E12 : T 117.90c W 100.00c S  18.23c (+176.7 L +178.0) LCB   98.39c P  4.06% WF  46.8 PSV      19 N       6  --  E12 A9
D2  : T 116.72c W 100.00c S  17.30c (+176.1 L +177.5) LCB   73.80c P  3.42% WF  31.0 PSV      12 N       4  --  D2 F9
J4  : T 118.93c W 100.00c S  19.53c (+178.4 L +179.6) LCB  -30.59c P  1.10% WF  15.7 PSV       6 N       2  --  J4 B11
H1  : T 119.81c W 100.00c S  19.81c (+179.3 L +179.9) LCB -230.72c P  0.76% WF   7.9 PSV       6 N       1  --  H1

2026-07-17 03:32:47+0100: = F9
2026-07-17 03:32:53+0100: Controller: play B A9
2026-07-17 03:32:53+0100: = 
2026-07-17 03:32:53+0100: Controller: genmove W
2026-07-17 03:32:54+0100: MoveNum: 243 HASH: C64DFBD45C8F370B86739A8BE1669FF1
   A B C D E F G H J K L M N
13 X . X O O O . O . O . O .
12 . X O O . X O . O . O . O
11 X @ X1O O O . O O O O O .
10 . X O O O . O O O . O . O
 9 X3O O O . O2X X X O O O .
 8 O . O . O X X X O O O . O
 7 . O O O . O X . X O . O .
 6 O . O . O O X X X O O O O
 5 . O O O O X X X O . O O .
 4 O O O . O O X O . O O . O
 3 O O O O . O O O O . O O X
 2 . O X . O O . O . O X O X
 1 O . O O . O O . O X . X .

koPOSITIONALscoreAREAtaxNONEsui1komi7.5
Time taken: 1.51428
Root visits: 206
New playouts: 203
NN rows: 193
NN batches: 66
NN avg batch size: 2.92424
PV: B11 A10 H7 pass A12
Tree:
: T 119.51c W 100.00c S  20.15c (+178.4 L +179.8) N     206  --  B11 A10 H7 pass A12
---White(^)---
B11 : T 120.71c W 100.00c S  21.16c (+179.5 L +181.1) LCB  117.42c P 14.99% WF 336.3 PSV     479 N      42  --  B11 A10 H7 pass A12
H7  : T 120.25c W 100.00c S  20.92c (+178.7 L +179.9) LCB  117.20c P 23.46% WF 430.9 PSV     429 N      54  --  H7 pass B11 pass A10
B13 : T 120.22c W 100.00c S  20.63c (+179.0 L +180.3) LCB  117.25c P 12.78% WF 318.4 PSV     225 N      40  --  B13 A10 H7 B11 A12
N1  : T 119.80c W 100.00c S  19.78c (+178.2 L +179.6) LCB  116.30c P  8.15% WF 221.7 PSV     101 N      28  --  N1 pass B11 A10
L1  : T 114.97c W 100.00c S  16.10c (+174.8 L +176.7) LCB   86.67c P  9.50% WF  38.1 PSV      26 N       5  --  L1 pass
D2  : T 115.49c W 100.00c S  16.50c (+175.1 L +176.8) LCB   72.38c P  4.41% WF  30.8 PSV      13 N       4  --  D2 pass
E12 : T 115.36c W 100.00c S  16.46c (+175.1 L +176.9) LCB   72.28c P  3.90% WF  30.7 PSV      11 N       4  --  E12 pass
pss : T 119.58c W 100.00c S  19.75c (+178.2 L +179.8) LCB  -30.28c P  0.70% WF  15.8 PSV       7 N       2  --  pass L1
J4  : T 117.40c W 100.00c S  19.31c (+177.9 L +179.4) LCB  -31.70c P  0.95% WF  15.7 PSV       4 N       2  --  J4 A10
F10 : T 118.09c W 100.00c S  19.46c (+178.0 L +179.4) LCB  -30.94c P  0.86% WF  15.7 PSV       4 N       2  --  F10 A10

2026-07-17 03:32:54+0100: = B11
2026-07-17 03:33:00+0100: Controller: play B A10
2026-07-17 03:33:00+0100: = 
2026-07-17 03:33:00+0100: Controller: genmove W
2026-07-17 03:33:02+0100: MoveNum: 245 HASH: F342E7BC85BD25561597329C1525D705
   A B C D E F G H J K L M N
13 X . X O O O . O . O . O .
12 . X O O . X O . O . O . O
11 X O2. O O O . O O O O O .
10 X3X O O O . O O O . O . O
 9 X1O O O . O X X X O O O .
 8 O . O . O X X X O O O . O
 7 . O O O . O X @ X O . O .
 6 O . O . O O X X X O O O O
 5 . O O O O X X X O . O O .
 4 O O O . O O X O . O O . O
 3 O O O O . O O O O . O O X
 2 . O X . O O . O . O X O X
 1 O . O O . O O . O X . X .

koPOSITIONALscoreAREAtaxNONEsui1komi7.5
Time taken: 1.6242
Root visits: 206
New playouts: 183
NN rows: 168
NN batches: 57
NN avg batch size: 2.94737
PV: H7 C11 B13 pass A12 L1
Tree:
: T 122.00c W 100.00c S  22.26c (+179.1 L +180.4) N     206  --  H7 C11 B13 pass A12 L1
---White(^)---
H7  : T 123.56c W 100.00c S  23.32c (+179.6 L +180.7) LCB  122.41c P 15.40% WF 918.7 PSV     907 N     114  --  H7 C11 B13 pass A12 L1
A12 : T 122.17c W 100.00c S  22.43c (+179.5 L +181.2) LCB  119.20c P 22.02% WF 356.2 PSV     222 N      45  --  A12 pass H7 pass N1 A11
B13 : T 117.51c W 100.00c S  18.67c (+175.9 L +178.1) LCB   74.34c P  7.60% WF  30.6 PSV      20 N       4  --  B13 pass
C11 : T 116.01c W 100.00c S  18.01c (+175.5 L +177.8) LCB   41.71c P  9.54% WF  22.8 PSV      20 N       3  --  C11 pass
L1  : T 116.72c W 100.00c S  18.38c (+175.9 L +178.0) LCB   42.52c P  7.32% WF  22.8 PSV      17 N       3  --  L1 pass
N1  : T 117.80c W 100.00c S  19.14c (+176.5 L +178.4) LCB   43.72c P  6.30% WF  23.0 PSV      17 N       3  --  N1 pass
D2  : T 118.59c W 100.00c S  20.37c (+178.0 L +179.9) LCB  -30.50c P  3.27% WF  15.5 PSV      10 N       2  --  D2 C11
E12 : T 117.43c W 100.00c S  18.81c (+176.3 L +178.2) LCB   43.32c P  3.32% WF  23.0 PSV       8 N       3  --  E12 pass
N13 : T 124.56c W 100.00c S  24.56c (+182.8 L +183.3) LCB -225.84c P  0.71% WF   8.0 PSV       8 N       1  --  N13
A2  : T 124.17c W 100.00c S  24.17c (+182.3 L +182.8) LCB -226.24c P  0.71% WF   8.0 PSV       8 N       1  --  A2

2026-07-17 03:33:02+0100: = H7
2026-07-17 03:33:15+0100: Controller: play B C11
2026-07-17 03:33:15+0100: = 
2026-07-17 03:33:15+0100: Controller: genmove W
2026-07-17 03:33:17+0100: MoveNum: 247 HASH: AA87DDD3560399E20C09E51A6629195A
   A B C D E F G H J K L M N
13 X @ X O O O . O . O . O .
12 . X O O . X O . O . O . O
11 X . X3O O O . O O O O O .
10 X1X O O O . O O O . O . O
 9 X O O O . O . . . O O O .
 8 O . O . O . . . O O O . O
 7 . O O O . O . O2. O . O .
 6 O . O . O O . . . O O O O
 5 . O O O O . . . O . O O .
 4 O O O . O O . O . O O . O
 3 O O O O . O O O O . O O X
 2 . O X . O O . O . O X O X
 1 O . O O . O O . O X . X .

koPOSITIONALscoreAREAtaxNONEsui1komi7.5
Time taken: 1.21118
Root visits: 206
New playouts: 138
NN rows: 134
NN batches: 46
NN avg batch size: 2.91304
PV: B13 pass B11 pass A12
Tree:
: T 122.33c W 100.00c S  22.15c (+178.8 L +179.7) N     206  --  B13 pass B11 pass A12
---White(^)---
B13 : T 123.06c W 100.00c S  22.99c (+179.6 L +180.6) LCB  120.87c P 13.71% WF 400.5 PSV     446 N      50  --  B13 pass B11 pass A12
L1  : T 122.82c W 100.00c S  21.93c (+179.0 L +180.1) LCB  117.24c P 10.26% WF 239.5 PSV     209 N      30  --  L1 pass B13 A12
N1  : T 122.22c W 100.00c S  21.84c (+178.5 L +179.8) LCB  118.49c P  9.32% WF 198.2 PSV     109 N      25  --  N1 pass L1 pass
G8  : T 123.46c W 100.00c S  23.33c (+179.9 L +180.9) LCB  118.07c P  2.38% WF  96.2 PSV      96 N      12  --  G8 pass B11
H8  : T 122.08c W 100.00c S  22.11c (+178.7 L +179.9) LCB  117.96c P  6.83% WF 111.0 PSV      73 N      14  --  H8 pass N1
G7  : T 120.60c W 100.00c S  20.90c (+177.2 L +178.5) LCB   92.71c P  6.21% WF  39.2 PSV      34 N       5  --  G7 pass
D2  : T 121.44c W 100.00c S  21.54c (+178.0 L +178.9) LCB  101.91c P  3.97% WF  47.4 PSV      30 N       6  --  D2 pass N1
E12 : T 121.60c W 100.00c S  21.68c (+177.7 L +178.6) LCB   93.84c P  3.52% WF  39.5 PSV      28 N       5  --  E12 pass
H5  : T 121.86c W 100.00c S  21.95c (+178.1 L +178.9) LCB   93.95c P  2.69% WF  39.6 PSV      25 N       5  --  H5 pass
J6  : T 121.39c W 100.00c S  21.57c (+177.7 L +178.8) LCB   93.48c P  3.16% WF  39.4 PSV      23 N       5  --  J6 pass

2026-07-17 03:33:17+0100: = B13
2026-07-17 03:33:28+0100: Controller: play B H8
2026-07-17 03:33:28+0100: = 
2026-07-17 03:33:28+0100: Controller: genmove W
2026-07-17 03:33:30+0100: MoveNum: 249 HASH: 9981D697BE66F78C34F606AD325DB9D7
   A B C D E F G H J K L M N
13 X O2. O O O . O . O . O .
12 . X O O . X O . O . O . O
11 X . X1O O O . O O O O O .
10 X X O O O . O O O . O . O
 9 X O O O . O . . . O O O .
 8 O . O . O . @ X3O O O . O
 7 . O O O . O . O . O . O .
 6 O . O . O O . . . O O O O
 5 . O O O O . . . O . O O .
 4 O O O . O O . O . O O . O
 3 O O O O . O O O O . O O X
 2 . O X . O O . O . O X O X
 1 O . O O . O O . O X . X .

koPOSITIONALscoreAREAtaxNONEsui1komi7.5
Time taken: 1.63992
Root visits: 205
New playouts: 204
NN rows: 193
NN batches: 66
NN avg batch size: 2.92424
PV: G8 pass A12 L1
Tree:
: T 120.39c W 100.00c S  20.17c (+180.1 L +181.3) N     205  --  G8 pass A12 L1
---White(^)---
G8  : T 121.26c W 100.00c S  20.96c (+180.9 L +181.9) LCB  119.12c P  6.47% WF 248.2 PSV     551 N      31  --  G8 pass A12 L1
A12 : T 121.04c W 100.00c S  20.71c (+180.6 L +182.0) LCB  118.60c P 11.36% WF 408.2 PSV     406 N      51  --  A12 pass N1 pass
B11 : T 120.67c W 100.00c S  20.64c (+180.6 L +182.0) LCB  117.62c P  5.99% WF 278.6 PSV     119 N      35  --  B11 pass A12 pass
L1  : T 121.45c W 100.00c S  20.71c (+180.2 L +181.5) LCB  115.82c P  7.06% WF  95.9 PSV      96 N      12  --  L1 pass A12
N1  : T 120.62c W 100.00c S  20.42c (+180.4 L +181.4) LCB  118.09c P  5.11% WF 222.7 PSV      95 N      28  --  N1 pass A12 pass
H9  : T 119.93c W 100.00c S  19.68c (+179.1 L +180.2) LCB  104.97c P  5.53% WF  55.5 PSV      56 N       7  --  H9 pass
C13 : T 118.22c W 100.00c S  18.34c (+178.0 L +179.3) LCB  107.05c P 10.70% WF  62.8 PSV      53 N       8  --  C13 B11
G7  : T 117.32c W 100.00c S  17.66c (+177.9 L +179.4) LCB   73.82c P  6.64% WF  31.1 PSV      25 N       4  --  G7 pass
E12 : T 119.17c W 100.00c S  19.08c (+179.0 L +179.9) LCB   45.34c P  2.16% WF  23.7 PSV      15 N       3  --  E12 B11
J6  : T 120.19c W 100.00c S  19.77c (+179.6 L +180.3) LCB   45.70c P  1.72% WF  23.8 PSV      15 N       3  --  J6 pass

2026-07-17 03:33:30+0100: = G8
2026-07-17 03:33:42+0100: Controller: play B C13
2026-07-17 03:33:42+0100: = 
2026-07-17 03:33:42+0100: Controller: genmove W
2026-07-17 03:33:44+0100: MoveNum: 251 HASH: F93BF76BC5A07B02AB87A94E6D95E310
   A B C D E F G H J K L M N
13 X . X3O O O . O . O . O .
12 . X O O . X O . O . O . O
11 X @ X O O O . O O O O O .
10 X X O O O . O O O . O . O
 9 X O O O . O . . . O O O .
 8 O . O . O . O2X1O O O . O
 7 . O O O . O . O . O . O .
 6 O . O . O O . . . O O O O
 5 . O O O O . . . O . O O .
 4 O O O . O O . O . O O . O
 3 O O O O . O O O O . O O X
 2 . O X . O O . O . O X O X
 1 O . O O . O O . O X . X .

koPOSITIONALscoreAREAtaxNONEsui1komi7.5
Time taken: 1.89151
Root visits: 206
New playouts: 203
NN rows: 199
NN batches: 68
NN avg batch size: 2.92647
PV: B11 pass B13 L1
Tree:
: T 119.54c W 100.00c S  19.51c (+179.7 L +180.6) N     206  --  B11 pass B13 L1
---White(^)---
B11 : T 120.73c W 100.00c S  20.52c (+180.7 L +181.8) LCB  117.64c P 11.28% WF 297.3 PSV     294 N      37  --  B11 pass B13 L1
H9  : T 118.95c W 100.00c S  18.73c (+179.1 L +180.1) LCB  116.33c P 15.52% WF 173.5 PSV     103 N      22  --  H9 B11 L1
L1  : T 119.92c W 100.00c S  19.58c (+179.6 L +180.6) LCB  116.73c P  5.69% WF 143.1 PSV      63 N      18  --  L1 pass B11 B13
N1  : T 119.95c W 100.00c S  19.79c (+180.0 L +180.7) LCB  116.73c P  5.50% WF 135.3 PSV      63 N      17  --  N1 B11 N2
H6  : T 119.66c W 100.00c S  19.45c (+179.7 L +180.5) LCB  116.04c P  4.71% WF 127.0 PSV      44 N      16  --  H6 pass B11
J6  : T 119.95c W 100.00c S  19.95c (+180.1 L +180.8) LCB  117.26c P  3.11% WF 175.2 PSV      35 N      22  --  J6 pass B11
G5  : T 120.21c W 100.00c S  20.57c (+180.3 L +181.1) LCB  108.71c P  2.14% WF  63.8 PSV      30 N       8  --  G5 pass B11
H5  : T 119.46c W 100.00c S  19.75c (+180.0 L +180.8) LCB  116.23c P  2.78% WF 181.6 PSV      23 N      23  --  H5 pass B11 pass
G7  : T 115.96c W 100.00c S  16.61c (+177.1 L +178.9) LCB   72.98c P  7.28% WF  31.0 PSV      21 N       4  --  G7 pass
J7  : T 117.62c W 100.00c S  18.08c (+178.2 L +179.2) LCB   74.72c P  4.69% WF  31.4 PSV      20 N       4  --  J7 pass

2026-07-17 03:33:44+0100: = B11
2026-07-17 03:33:59+0100: Controller: play B G6
2026-07-17 03:33:59+0100: = 
2026-07-17 03:33:59+0100: Controller: genmove W
2026-07-17 03:34:01+0100: MoveNum: 253 HASH: 6D18F88A75765C36FB49209894BF3618
   A B C D E F G H J K L M N
13 X . X1O O O . O . O . O .
12 . X O O . X O . O . O . O
11 X O2. O O O . O O O O O .
10 X X O O O . O O O . O . O
 9 X O O O . O . . . O O O .
 8 O . O . O . O X O O O . O
 7 . O O O . O . O . O . O .
 6 O . O . O O X3. . O O O O
 5 . O O O O . . . O . O O .
 4 O O O . O O . O . O O . O
 3 O O O O . O O O O . O O X
 2 . O X . O O . O . O X O X
 1 O . O O . O O . O X . X @

koPOSITIONALscoreAREAtaxNONEsui1komi7.5
Time taken: 1.76983
Root visits: 206
New playouts: 205
NN rows: 195
NN batches: 66
NN avg batch size: 2.95455
PV: N1 pass A12 A11
Tree:
: T 123.49c W 100.00c S  23.32c (+180.9 L +182.2) N     206  --  N1 pass A12 A11
---White(^)---
N1  : T 124.49c W 100.00c S  24.07c (+181.9 L +183.2) LCB  123.01c P  6.14% WF 265.1 PSV     781 N      33  --  N1 pass A12 A11
A12 : T 123.71c W 100.00c S  23.50c (+181.2 L +182.7) LCB  121.72c P 11.83% WF 367.3 PSV     367 N      46  --  A12 pass H6 pass
L1  : T 124.60c W 100.00c S  24.08c (+181.7 L +183.1) LCB  121.96c P  7.15% WF 168.7 PSV     168 N      21  --  L1 pass A12
G5  : T 124.30c W 100.00c S  23.99c (+181.6 L +182.8) LCB  121.70c P  4.95% WF 160.3 PSV     160 N      20  --  G5 pass A12
B13 : T 123.53c W 100.00c S  23.47c (+180.8 L +181.7) LCB  121.25c P  6.58% WF 199.1 PSV     150 N      25  --  B13 C11 A12 B11
H9  : T 123.32c W 100.00c S  22.86c (+180.5 L +181.9) LCB  119.38c P  9.97% WF 119.1 PSV     120 N      15  --  H9 pass A12
H6  : T 123.98c W 100.00c S  23.68c (+181.0 L +182.2) LCB  117.32c P  4.89% WF  87.9 PSV      88 N      11  --  H6 pass A12
C11 : T 121.30c W 100.00c S  21.57c (+178.6 L +180.0) LCB   93.51c P  6.79% WF  39.3 PSV      36 N       5  --  C11 pass
G7  : T 120.35c W 100.00c S  20.50c (+177.7 L +179.8) LCB   92.04c P  6.59% WF  39.0 PSV      27 N       5  --  G7 pass
D2  : T 122.76c W 100.00c S  22.77c (+180.0 L +181.2) LCB   79.80c P  2.48% WF  31.7 PSV      26 N       4  --  D2 pass

2026-07-17 03:34:01+0100: = N1
2026-07-17 03:34:16+0100: Controller: play B N2
2026-07-17 03:34:16+0100: = 
2026-07-17 03:34:16+0100: Controller: genmove W
2026-07-17 03:34:18+0100: MoveNum: 255 HASH: F80B4A99ABC61208C624734DAE4A1703
   A B C D E F G H J K L M N
13 X . X O O O . O . O . O .
12 . X O O . X O . O . O . O
11 X O . O O O . O O O O O .
10 X X O O O . O O O . O . O
 9 X O O O . O . . . O O O .
 8 O . O . O . O X O O O . O
 7 . O O O . O . O . O . O .
 6 O . O . O O X1. . O O O O
 5 . O O O O . . . O . O O .
 4 O O O . O O . O . O O . O
 3 O O O O . O O O O . O O .
 2 . O X . O O . O . O X O X3
 1 O . O O . O O . O X @ X .2

koPOSITIONALscoreAREAtaxNONEsui1komi7.5
Time taken: 1.69684
Root visits: 206
New playouts: 204
NN rows: 198
NN batches: 67
NN avg batch size: 2.95522
PV: L1 pass A12 A11
Tree:
: T 119.28c W 100.00c S  19.18c (+180.3 L +181.6) N     206  --  L1 pass A12 A11
---White(^)---
L1  : T 120.37c W 100.00c S  19.71c (+180.9 L +182.3) LCB  118.28c P  9.68% WF 248.6 PSV     693 N      31  --  L1 pass A12 A11
A12 : T 119.53c W 100.00c S  19.74c (+180.8 L +182.1) LCB  117.52c P 12.19% WF 422.7 PSV     422 N      53  --  A12 A11 A10 A12
B13 : T 119.69c W 100.00c S  19.57c (+180.6 L +181.8) LCB  117.48c P  4.77% WF 295.1 PSV     249 N      37  --  B13 pass L1 C13
N3  : T 120.43c W 100.00c S  19.73c (+181.0 L +182.3) LCB  118.12c P  6.20% WF 192.5 PSV     191 N      24  --  N3 pass A12
H9  : T 117.75c W 100.00c S  17.58c (+178.7 L +180.2) LCB  108.61c P  9.24% WF  70.8 PSV      65 N       9  --  H9 L1 A12
G5  : T 118.34c W 100.00c S  18.41c (+179.1 L +180.4) LCB   98.94c P  4.48% WF  47.5 PSV      43 N       6  --  G5 L1
H6  : T 118.22c W 100.00c S  18.25c (+178.9 L +180.1) LCB  103.83c P  4.67% WF  55.3 PSV      41 N       7  --  H6 L1
C11 : T 117.05c W 100.00c S  17.56c (+178.6 L +180.0) LCB   89.21c P  6.53% WF  39.3 PSV      35 N       5  --  C11 pass
E12 : T 118.61c W 100.00c S  18.70c (+179.4 L +180.6) LCB   99.10c P  2.45% WF  47.5 PSV      28 N       6  --  E12 pass
G7  : T 116.38c W 100.00c S  16.86c (+178.2 L +180.0) LCB   73.54c P  5.80% WF  31.2 PSV      25 N       4  --  G7 pass

2026-07-17 03:34:18+0100: = L1
2026-07-17 03:34:31+0100: Controller: play B C11
2026-07-17 03:34:31+0100: = 
2026-07-17 03:34:31+0100: Controller: genmove W
2026-07-17 03:34:32+0100: MoveNum: 257 HASH: 0022ED6135939ABA541BCCF9FFD8EABC
   A B C D E F G H J K L M N
13 X . X O O O . O . O . O .
12 . X O O . X O . O . O . O
11 X . X3O O O . O O O O O .
10 X X O O O . O O O . O . O
 9 X O O O . O . . . O O O .
 8 O . O . O . O X O O O . O
 7 . O O O . O . O . O . O .
 6 O . O . O O X @ . O O O O
 5 . O O O O . . . O . O O .
 4 O O O . O O . O . O O . O
 3 O O O O . O O O O . O O .
 2 . O X . O O . O . O . O X1
 1 O . O O . O O . O . O2X .

koPOSITIONALscoreAREAtaxNONEsui1komi7.5
Time taken: 1.4358
Root visits: 206
New playouts: 200
NN rows: 194
NN batches: 67
NN avg batch size: 2.89552
PV: H6 pass B13 A12
Tree:
: T 120.17c W 100.00c S  20.20c (+178.8 L +179.9) N     206  --  H6 pass B13 A12
---White(^)---
H6  : T 121.29c W 100.00c S  21.05c (+179.5 L +180.6) LCB  119.01c P  7.33% WF 240.9 PSV     244 N      30  --  H6 pass B13 A12
H9  : T 119.52c W 100.00c S  19.68c (+178.6 L +180.0) LCB  114.98c P 13.36% WF 165.7 PSV      95 N      21  --  H9 pass B11 pass
G5  : T 120.40c W 100.00c S  20.09c (+178.9 L +180.2) LCB  116.50c P  7.56% WF 222.9 PSV      88 N      28  --  G5 pass B13 pass
B13 : T 119.91c W 100.00c S  20.01c (+178.8 L +179.9) LCB  115.09c P  9.99% WF 182.3 PSV      86 N      23  --  B13 pass B11 pass
N1  : T 120.27c W 100.00c S  20.00c (+178.7 L +179.8) LCB  116.55c P  6.23% WF 127.2 PSV      66 N      16  --  N1 pass B11
N3  : T 120.62c W 100.00c S  20.68c (+179.0 L +180.2) LCB  114.94c P  4.10% WF  95.7 PSV      57 N      12  --  N3 pass B13
E12 : T 120.57c W 100.00c S  20.47c (+179.2 L +180.2) LCB  117.00c P  3.65% WF 127.5 PSV      48 N      16  --  E12 pass B11
G7  : T 117.39c W 100.00c S  18.79c (+177.5 L +179.3) LCB   89.14c P  8.31% WF  38.8 PSV      30 N       5  --  G7 pass B11
D2  : T 120.02c W 100.00c S  20.48c (+179.0 L +180.0) LCB  108.43c P  3.20% WF  63.5 PSV      29 N       8  --  D2 pass B11
G9  : T 119.13c W 100.00c S  19.95c (+178.5 L +179.6) LCB   91.27c P  3.71% WF  39.5 PSV      22 N       5  --  G9 pass B11

2026-07-17 03:34:32+0100: = H6
2026-07-17 03:34:42+0100: Controller: play B H5
2026-07-17 03:34:42+0100: = 
2026-07-17 03:34:42+0100: Controller: genmove W
2026-07-17 03:34:44+0100: MoveNum: 259 HASH: 3A465CCB8D581F7A8EA2D7055EEBCA0D
   A B C D E F G H J K L M N
13 X . X O O O . O . O . O .
12 . X O O . X O . O . O . O
11 X . X1O O O . O O O O O .
10 X X O O O . O O O . O . O
 9 X O O O . O . . . O O O .
 8 O . O . O . O X O O O . O
 7 . O O O . O . O . O . O .
 6 O . O . O O X O2. O O O O
 5 . O O O O . . X3O . O O .
 4 O O O . O O . O . O O . O
 3 O O O O . O O O O . O O .
 2 . O X . O O . O . O . O X
 1 O . O O . O O . O . O X @

koPOSITIONALscoreAREAtaxNONEsui1komi7.5
Time taken: 1.85813
Root visits: 206
New playouts: 206
NN rows: 200
NN batches: 69
NN avg batch size: 2.89855
PV: N1 pass B11
Tree:
: T 121.55c W 100.00c S  21.47c (+179.4 L +180.8) N     206  --  N1 pass B11
---White(^)---
N1  : T 122.54c W 100.00c S  22.65c (+180.5 L +181.7) LCB  120.64c P  3.41% WF 208.5 PSV     856 N      26  --  N1 pass B11
B11 : T 121.62c W 100.00c S  21.67c (+179.7 L +181.4) LCB  118.51c P 12.23% WF 390.1 PSV     390 N      49  --  B11 pass A12 pass
B13 : T 121.55c W 100.00c S  21.57c (+179.4 L +180.7) LCB  118.57c P  9.99% WF 302.3 PSV     279 N      38  --  B13 pass A12 pass
G5  : T 122.45c W 100.00c S  21.69c (+179.4 L +181.1) LCB  120.16c P 12.76% WF 240.6 PSV     239 N      30  --  G5 pass B11 B13
H9  : T 121.45c W 100.00c S  21.08c (+178.9 L +180.8) LCB  115.57c P 10.03% WF  95.1 PSV      96 N      12  --  H9 pass B11
D2  : T 121.35c W 100.00c S  21.39c (+179.1 L +180.2) LCB  101.88c P  2.66% WF  47.6 PSV      48 N       6  --  D2 pass B11
E12 : T 121.41c W 100.00c S  21.44c (+179.0 L +180.3) LCB  102.01c P  2.47% WF  47.7 PSV      48 N       6  --  E12 pass B11
G7  : T 118.19c W 100.00c S  18.51c (+176.4 L +178.9) LCB   90.25c P  9.23% WF  38.8 PSV      38 N       5  --  G7 pass
N3  : T 121.00c W 100.00c S  21.15c (+178.5 L +179.7) LCB   93.20c P  2.29% WF  39.6 PSV      32 N       5  --  N3 G5
J6  : T 119.01c W 100.00c S  19.23c (+177.1 L +178.9) LCB   75.83c P  4.66% WF  31.3 PSV      24 N       4  --  J6 pass

2026-07-17 03:34:44+0100: = N1
2026-07-17 03:34:50+0100: Controller: play B J6
2026-07-17 03:34:50+0100: = 
2026-07-17 03:34:50+0100: Controller: genmove W
2026-07-17 03:34:51+0100: MoveNum: 261 HASH: 14EE39B781940A6452C62AD5DABB509B
   A B C D E F G H J K L M N
13 X . X O O O . O . O . O .
12 . X O O . X O . O . O . O
11 X @ X O O O . O O O O O .
10 X X O O O . O O O . O . O
 9 X O O O . O . . . O O O .
 8 O . O . O . O X O O O . O
 7 . O O O . O . O . O . O .
 6 O . O . O O X O X3O O O O
 5 . O O O O . . X1O . O O .
 4 O O O . O O . O . O O . O
 3 O O O O . O O O O . O O .
 2 . O X . O O . O . O . O X
 1 O . O O . O O . O . O . O2

koPOSITIONALscoreAREAtaxNONEsui1komi7.5
Time taken: 1.74004
Root visits: 206
New playouts: 205
NN rows: 199
NN batches: 68
NN avg batch size: 2.92647
PV: B11 pass A12 pass
Tree:
: T 122.16c W 100.00c S  22.07c (+180.6 L +182.1) N     206  --  B11 pass A12 pass
---White(^)---
B11 : T 123.00c W 100.00c S  23.06c (+181.7 L +183.2) LCB  121.57c P  8.21% WF 433.5 PSV     430 N      54  --  B11 pass A12 pass
B13 : T 122.65c W 100.00c S  22.61c (+181.2 L +182.3) LCB  121.09c P  7.95% WF 287.6 PSV     191 N      36  --  B13 M1 A12 B11
G5  : T 122.12c W 100.00c S  21.92c (+180.4 L +182.1) LCB  119.89c P 11.83% WF 262.4 PSV     157 N      33  --  G5 pass B11 B13
H9  : T 121.83c W 100.00c S  21.53c (+180.1 L +181.8) LCB  119.18c P  9.96% WF 174.3 PSV     105 N      22  --  H9 pass B11
G7  : T 121.55c W 100.00c S  21.42c (+179.6 L +181.8) LCB  113.70c P  9.40% WF  79.1 PSV      80 N      10  --  G7 pass B11
J7  : T 121.70c W 100.00c S  21.47c (+179.9 L +181.5) LCB  118.12c P  8.16% WF 118.8 PSV      79 N      15  --  J7 pass B11
N3  : T 120.48c W 100.00c S  20.67c (+178.6 L +180.1) LCB   92.74c P  6.35% WF  39.4 PSV      35 N       5  --  N3 G5
E12 : T 121.99c W 100.00c S  21.95c (+179.8 L +180.8) LCB   94.25c P  2.23% WF  39.8 PSV      26 N       5  --  E12 G5
M1  : T 120.81c W 100.00c S  21.09c (+179.1 L +180.5) LCB   93.00c P  4.14% WF  39.5 PSV      25 N       5  --  M1 B13
D2  : T 121.81c W 100.00c S  21.79c (+179.6 L +180.7) LCB   94.09c P  2.39% WF  39.7 PSV      25 N       5  --  D2 pass

2026-07-17 03:34:51+0100: = B11
2026-07-17 03:34:58+0100: Controller: play B M1
2026-07-17 03:34:58+0100: = 
2026-07-17 03:34:58+0100: Controller: genmove W
2026-07-17 03:34:59+0100: MoveNum: 263 HASH: D3D4494C9EF1BC727268D1515314DA49
   A B C D E F G H J K L M N
13 X . X O O O . O . O . O .
12 . X O O @ X O . O . O . O
11 X O2. O O O . O O O O O .
10 X X O O O . O O O . O . O
 9 X O O O . O . . . O O O .
 8 O . O . O . O X O O O . O
 7 . O O O . O . O . O . O .
 6 O . O . O O X O X1O O O O
 5 . O O O O . . X O . O O .
 4 O O O . O O . O . O O . O
 3 O O O O . O O O O . O O .
 2 . O X . O O . O . O . O X
 1 O . O O . O O . O . O X3.

koPOSITIONALscoreAREAtaxNONEsui1komi7.5
Time taken: 1.62976
Root visits: 205
New playouts: 199
NN rows: 177
NN batches: 61
NN avg batch size: 2.90164
PV: E12 C11 G5
Tree:
: T 117.91c W 100.00c S  18.33c (+179.5 L +181.1) N     205  --  E12 C11 G5
---White(^)---
E12 : T 119.30c W 100.00c S  19.38c (+180.2 L +181.4) LCB  115.54c P  2.37% WF 120.4 PSV     617 N      15  --  E12 C11 G5
A12 : T 117.72c W 100.00c S  18.58c (+179.9 L +181.7) LCB  112.63c P 15.76% WF 309.6 PSV     310 N      39  --  A12 pass N1 pass
B13 : T 118.21c W 100.00c S  18.55c (+179.4 L +180.8) LCB  115.14c P  5.62% WF 255.0 PSV     246 N      32  --  B13 C11 A12 pass
G5  : T 117.39c W 100.00c S  17.78c (+179.0 L +181.0) LCB  112.21c P 12.14% WF 181.8 PSV     175 N      23  --  G5 pass A12 pass
C11 : T 119.22c W 100.00c S  19.04c (+180.1 L +181.7) LCB  114.22c P  9.86% WF 144.5 PSV     144 N      18  --  C11 pass A12
N3  : T 118.24c W 100.00c S  18.79c (+180.0 L +181.5) LCB  113.14c P  2.57% WF 199.1 PSV     122 N      25  --  N3 pass A12 A11
J7  : T 118.99c W 100.00c S  18.54c (+179.4 L +181.3) LCB  113.45c P  6.74% WF 104.1 PSV     104 N      13  --  J7 pass A12
H9  : T 115.29c W 100.00c S  16.32c (+177.5 L +179.9) LCB  100.57c P 10.26% WF  54.5 PSV      54 N       7  --  H9 pass A12
D2  : T 117.49c W 100.00c S  18.18c (+178.9 L +180.2) LCB  109.53c P  2.77% WF  79.3 PSV      43 N      10  --  D2 C11 H9
G7  : T 113.47c W 100.00c S  15.49c (+177.3 L +180.0) LCB   39.16c P  7.17% WF  23.1 PSV      24 N       3  --  G7 pass

2026-07-17 03:34:59+0100: = E12
2026-07-17 03:35:08+0100: Controller: play B C11
2026-07-17 03:35:08+0100: = 
2026-07-17 03:35:08+0100: Controller: genmove W
2026-07-17 03:35:10+0100: MoveNum: 265 HASH: 9018CFF80F5EE63619BB7FE5FF049287
   A B C D E F G H J K L M N
13 X . X O O O . O . O . O .
12 . X O O O2. O . O . O . O
11 X . X3O O O . O O O O O .
10 X X O O O . O O O . O . O
 9 X O O O . O . . . O O O .
 8 O . O . O . O X O O O . O
 7 . O O O . O . O . O . O .
 6 O . O . O O X O X O O O O
 5 . O O O O . . X O . O O .
 4 O O O . O O . O . O O . O
 3 O O O O . O O O O . O O .
 2 . O X . O O . O . O . O X
 1 O . O O . O O . O . O X1@

koPOSITIONALscoreAREAtaxNONEsui1komi7.5
Time taken: 1.67656
Root visits: 206
New playouts: 202
NN rows: 189
NN batches: 65
NN avg batch size: 2.90769
PV: N1 pass G5 B13
Tree:
: T 119.70c W 100.00c S  19.47c (+177.8 L +179.0) N     206  --  N1 pass G5 B13
---White(^)---
N1  : T 120.75c W 100.00c S  20.51c (+178.6 L +179.7) LCB  118.45c P  4.08% WF 232.3 PSV     523 N      29  --  N1 pass G5 B13
B13 : T 120.31c W 100.00c S  20.24c (+178.3 L +179.5) LCB  117.19c P 13.31% WF 311.6 PSV     310 N      39  --  B13 pass A12 pass
N3  : T 120.75c W 100.00c S  20.63c (+178.6 L +179.6) LCB  117.05c P  2.90% WF 128.0 PSV     128 N      16  --  N3 pass G5
J7  : T 119.81c W 100.00c S  19.64c (+177.9 L +179.3) LCB  115.98c P  8.62% WF 142.8 PSV     119 N      18  --  J7 pass B11 B13
G5  : T 119.06c W 100.00c S  18.97c (+177.3 L +178.9) LCB  113.99c P 13.47% WF 173.4 PSV     116 N      22  --  G5 pass B13 pass
G7  : T 118.95c W 100.00c S  18.89c (+177.1 L +178.8) LCB  112.49c P  9.27% WF  94.3 PSV      76 N      12  --  G7 pass B11 B13
H9  : T 117.34c W 100.00c S  16.38c (+175.9 L +177.3) LCB  107.39c P 14.11% WF 143.8 PSV      65 N      19  --  H9 pass B13 B11
D2  : T 119.90c W 100.00c S  19.57c (+177.8 L +178.6) LCB  113.33c P  3.49% WF  95.3 PSV      52 N      12  --  D2 pass B11
G9  : T 118.80c W 100.00c S  18.87c (+176.9 L +178.1) LCB   75.82c P  3.52% WF  31.6 PSV      26 N       4  --  G9 pass
F8  : T 119.13c W 100.00c S  18.93c (+177.1 L +178.1) LCB   45.18c P  2.15% WF  23.7 PSV      19 N       3  --  F8 pass

2026-07-17 03:35:10+0100: = N1
2026-07-17 03:35:14+0100: Controller: play B G9
2026-07-17 03:35:14+0100: = 
2026-07-17 03:35:14+0100: Controller: genmove W
2026-07-17 03:35:16+0100: MoveNum: 267 HASH: F0EB80206E7545690B59DECF36BE31B1
   A B C D E F G H J K L M N
13 X . X O O O . O . O . O .
12 . X O O O . O . O . O . O
11 X @ X1O O O . O O O O O .
10 X X O O O . O O O . O . O
 9 X O O O . O X3. . O O O .
 8 O . O . O . O X O O O . O
 7 . O O O . O . O . O . O .
 6 O . O . O O X O X O O O O
 5 . O O O O . . X O . O O .
 4 O O O . O O . O . O O . O
 3 O O O O . O O O O . O O .
 2 . O X . O O . O . O . O X
 1 O . O O . O O . O . O . O2

koPOSITIONALscoreAREAtaxNONEsui1komi7.5
Time taken: 1.65699
Root visits: 204
New playouts: 204
NN rows: 193
NN batches: 67
NN avg batch size: 2.8806
PV: B11 pass J7 B13
Tree:
: T 121.16c W 100.00c S  21.11c (+179.7 L +181.1) N     204  --  B11 pass J7 B13
---White(^)---
B11 : T 121.91c W 100.00c S  22.01c (+180.5 L +182.1) LCB  119.85c P 10.47% WF 408.8 PSV     406 N      51  --  B11 pass J7 B13
G5  : T 121.56c W 100.00c S  21.38c (+179.8 L +181.3) LCB  119.37c P 10.10% WF 255.3 PSV     209 N      32  --  G5 pass B13 B11
B13 : T 121.65c W 100.00c S  21.80c (+180.5 L +181.5) LCB  119.27c P  8.11% WF 295.4 PSV     190 N      37  --  B13 pass A12 B11
H9  : T 120.66c W 100.00c S  20.33c (+179.0 L +180.7) LCB  117.43c P 13.59% WF 189.5 PSV     129 N      24  --  H9 M1 G7 B13
G7  : T 119.84c W 100.00c S  19.63c (+178.1 L +180.2) LCB  111.57c P  9.19% WF  78.6 PSV      58 N      10  --  G7 pass B13
J7  : T 120.28c W 100.00c S  20.05c (+178.3 L +179.9) LCB  111.51c P  7.29% WF  71.1 PSV      56 N       9  --  J7 B13 H9
N3  : T 119.98c W 100.00c S  20.16c (+178.2 L +179.7) LCB  105.56c P  6.83% WF  55.3 PSV      46 N       7  --  N3 G7
M1  : T 120.16c W 100.00c S  20.26c (+178.3 L +179.9) LCB  100.72c P  4.10% WF  47.4 PSV      30 N       6  --  M1 pass
D2  : T 120.68c W 100.00c S  20.70c (+178.7 L +179.8) LCB  111.81c P  2.58% WF  71.4 PSV      24 N       9  --  D2 B11 H9
F8  : T 118.83c W 100.00c S  18.54c (+177.2 L +178.6) LCB   75.78c P  3.77% WF  31.4 PSV      17 N       4  --  F8 pass

2026-07-17 03:35:16+0100: = B11
2026-07-17 03:35:21+0100: Controller: play B M1
2026-07-17 03:35:21+0100: = 
2026-07-17 03:35:21+0100: Controller: genmove W
2026-07-17 03:35:22+0100: MoveNum: 269 HASH: 37D1F0DB7110F37F2BF7254BBF11BB63
   A B C D E F G H J K L M N
13 X @ X O O O . O . O . O .
12 . X O O O . O . O . O . O
11 X O2. O O O . O O O O O .
10 X X O O O . O O O . O . O
 9 X O O O . O X1. . O O O .
 8 O . O . O . O X O O O . O
 7 . O O O . O . O . O . O .
 6 O . O . O O X O X O O O O
 5 . O O O O . . X O . O O .
 4 O O O . O O . O . O O . O
 3 O O O O . O O O O . O O .
 2 . O X . O O . O . O . O X
 1 O . O O . O O . O . O X3.

koPOSITIONALscoreAREAtaxNONEsui1komi7.5
Time taken: 1.62331
Root visits: 205
New playouts: 203
NN rows: 177
NN batches: 61
NN avg batch size: 2.90164
PV: B13 C11 N1 A12
Tree:
: T 116.85c W 100.00c S  17.37c (+178.7 L +180.4) N     205  --  B13 C11 N1 A12
---White(^)---
B13 : T 118.01c W 100.00c S  18.39c (+179.4 L +180.7) LCB  115.16c P  5.82% WF 321.2 PSV     415 N      40  --  B13 C11 N1 A12
A12 : T 116.79c W 100.00c S  17.64c (+179.2 L +181.1) LCB  110.87c P 15.88% WF 286.0 PSV     183 N      36  --  A12 pass G5 pass
C11 : T 117.15c W 100.00c S  17.72c (+179.1 L +180.7) LCB  112.22c P 10.57% WF 183.0 PSV     158 N      23  --  C11 pass A12 A11
G5  : T 117.08c W 100.00c S  17.64c (+179.1 L +181.0) LCB  110.59c P  9.84% WF 150.7 PSV     139 N      19  --  G5 pass A12 A11
H9  : T 115.91c W 100.00c S  16.04c (+177.7 L +179.8) LCB  108.84c P 11.90% WF 133.6 PSV      87 N      17  --  H9 pass A12 pass
J7  : T 115.72c W 100.00c S  16.15c (+177.5 L +179.3) LCB  101.11c P  5.59% WF  55.2 PSV      38 N       7  --  J7 C11 H9
G7  : T 113.17c W 100.00c S  14.35c (+176.4 L +179.0) LCB   69.79c P  7.36% WF  30.9 PSV      25 N       4  --  G7 pass
F8  : T 116.16c W 100.00c S  16.25c (+177.6 L +179.3) LCB   73.36c P  3.01% WF  31.7 PSV      24 N       4  --  F8 B13
D2  : T 116.13c W 100.00c S  16.44c (+177.7 L +178.9) LCB  108.00c P  2.74% WF  79.0 PSV      22 N      10  --  D2 C11 H9
N3  : T 116.10c W 100.00c S  17.29c (+178.2 L +179.6) LCB  103.34c P  2.67% WF  63.3 PSV      21 N       8  --  N3 pass H9

2026-07-17 03:35:22+0100: = B13
2026-07-17 03:35:26+0100: Controller: play B G7
2026-07-17 03:35:26+0100: = 
2026-07-17 03:35:26+0100: Controller: genmove W
2026-07-17 03:35:28+0100: MoveNum: 271 HASH: C0E28DBCBB6DC3B6677AD334E2098897
   A B C D E F G H J K L M N
13 X O2. O O O . O . O . O .
12 . X O O O . O . O . O . O
11 X O . O O O . O O O O O .
10 X X O O O . O O O . O . O
 9 X O O O . O X . . O O O .
 8 O . O . O . O X O O O . O
 7 . O O O . O X3O @ O . O .
 6 O . O . O O X O X O O O O
 5 . O O O O . . X O . O O .
 4 O O O . O O . O . O O . O
 3 O O O O . O O O O . O O .
 2 . O X . O O . O . O . O X
 1 O . O O . O O . O . O X1.

koPOSITIONALscoreAREAtaxNONEsui1komi7.5
Time taken: 1.59174
Root visits: 206
New playouts: 203
NN rows: 186
NN batches: 64
NN avg batch size: 2.90625
PV: J7 pass G5 C11
Tree:
: T 120.38c W 100.00c S  20.45c (+178.6 L +180.3) N     206  --  J7 pass G5 C11
---White(^)---
J7  : T 120.72c W 100.00c S  20.86c (+179.0 L +180.7) LCB  117.16c P 10.51% WF 151.4 PSV     375 N      19  --  J7 pass G5 C11
A12 : T 120.57c W 100.00c S  20.66c (+178.9 L +181.0) LCB  116.62c P 12.19% WF 302.7 PSV     302 N      38  --  A12 pass J7 pass F8
G5  : T 120.31c W 100.00c S  20.37c (+178.4 L +180.4) LCB  116.33c P 16.26% WF 278.0 PSV     279 N      35  --  G5 pass H9 pass
H9  : T 119.83c W 100.00c S  19.68c (+177.8 L +180.0) LCB  115.17c P 14.79% WF 237.1 PSV     178 N      30  --  H9 pass A12 pass pass
C13 : T 121.47c W 100.00c S  21.40c (+179.7 L +181.2) LCB  116.24c P  5.55% WF 128.3 PSV     128 N      16  --  C13 pass A12
N1  : T 120.85c W 100.00c S  21.61c (+179.5 L +180.8) LCB  116.78c P  2.84% WF 135.8 PSV     118 N      17  --  N1 pass A12
F8  : T 119.21c W 100.00c S  19.08c (+177.0 L +178.5) LCB  104.54c P  6.76% WF  55.3 PSV      56 N       7  --  F8 pass
C11 : T 119.37c W 100.00c S  19.20c (+177.0 L +178.2) LCB  104.92c P  4.15% WF  55.4 PSV      37 N       7  --  C11 pass
N3  : T 120.21c W 100.00c S  20.92c (+178.7 L +180.0) LCB  112.47c P  2.11% WF  79.5 PSV      34 N      10  --  N3 pass G5
F5  : T 121.04c W 100.00c S  20.76c (+178.6 L +179.6) LCB   77.76c P  1.45% WF  32.0 PSV      32 N       4  --  F5 J7

2026-07-17 03:35:28+0100: = J7
2026-07-17 03:35:31+0100: Controller: play B C13
2026-07-17 03:35:31+0100: = 
2026-07-17 03:35:31+0100: Controller: genmove W
2026-07-17 03:35:33+0100: MoveNum: 273 HASH: 5B4C3A1CCF23629A218CE01818600F05
   A B C D E F G H J K L M N
13 X . X3O O O . O . O . O .
12 . X O O O . O . O . O . O
11 X O @ O O O . O O O O O .
10 X X O O O . O O O . O . O
 9 X O O O . O X . . O O O .
 8 O . O . O . O X O O O . O
 7 . O O O . O X1O O2O . O .
 6 O . O . O O X O . O O O O
 5 . O O O O . . X O . O O .
 4 O O O . O O . O . O O . O
 3 O O O O . O O O O . O O .
 2 . O X . O O . O . O . O X
 1 O . O O . O O . O . O X .

koPOSITIONALscoreAREAtaxNONEsui1komi7.5
Time taken: 1.69935
Root visits: 206
New playouts: 204
NN rows: 183
NN batches: 63
NN avg batch size: 2.90476
PV: C11 pass F8 B13
Tree:
: T 120.59c W 100.00c S  20.85c (+177.8 L +179.6) N     206  --  C11 pass F8 B13
---White(^)---
C11 : T 120.76c W 100.00c S  20.80c (+177.7 L +179.3) LCB  117.10c P  6.54% WF 159.3 PSV     361 N      20  --  C11 pass F8 B13
A12 : T 120.71c W 100.00c S  21.20c (+178.5 L +180.4) LCB  116.18c P 12.91% WF 270.8 PSV     270 N      34  --  A12 pass A11 pass
G5  : T 120.17c W 100.00c S  20.17c (+177.3 L +179.2) LCB  116.18c P 16.53% WF 221.3 PSV     207 N      28  --  G5 pass H9 C11
H9  : T 119.41c W 100.00c S  20.17c (+177.1 L +179.2) LCB  113.44c P 15.63% WF 125.8 PSV     125 N      16  --  H9 pass B13 C11
N1  : T 120.72c W 100.00c S  21.47c (+178.5 L +179.9) LCB  116.83c P  5.21% WF 143.3 PSV     110 N      18  --  N1 pass H9
N3  : T 121.97c W 100.00c S  21.81c (+178.6 L +180.2) LCB  116.96c P  3.35% WF 104.4 PSV     104 N      13  --  N3 pass A12
F8  : T 119.85c W 100.00c S  20.01c (+177.1 L +179.4) LCB  114.41c P  9.47% WF 149.7 PSV      95 N      19  --  F8 pass A12 pass
B8  : T 122.04c W 100.00c S  21.56c (+178.1 L +179.6) LCB  110.89c P  0.69% WF  64.3 PSV      64 N       8  --  B8 B13 A12
D2  : T 120.69c W 100.00c S  21.46c (+178.2 L +179.6) LCB  114.06c P  2.92% WF  95.6 PSV      59 N      12  --  D2 pass A12
J9  : T 120.80c W 100.00c S  20.91c (+177.5 L +179.0) LCB   93.04c P  1.85% WF  39.9 PSV      40 N       5  --  J9 pass

2026-07-17 03:35:33+0100: = C11
2026-07-17 03:35:36+0100: Controller: play B F8
2026-07-17 03:35:36+0100: = 
2026-07-17 03:35:36+0100: Controller: genmove W
2026-07-17 03:35:38+0100: MoveNum: 275 HASH: F0A20004D602B32400AE203348CA46CD
   A B C D E F G H J K L M N
13 X . X1O O O . O . O . O .
12 . X O O O . O . O . O . O
11 X O O2O O O . O O O O O .
10 X X O O O . O O O . O . O
 9 X O O O . O X . . O O O .
 8 O . O . O X3. X O O O . O
 7 . O O O . O X O O O . O .
 6 O . O . O O X O . O O O O
 5 . O O O O . . X O . O O .
 4 O O O . O O . O . O O . O
 3 O O O O . O O O O . O O .
 2 . O X . O O . O . O . O X
 1 O . O O . O O . O . O X @

koPOSITIONALscoreAREAtaxNONEsui1komi7.5
Time taken: 1.50277
Root visits: 206
New playouts: 204
NN rows: 179
NN batches: 61
NN avg batch size: 2.93443
PV: N1 pass G5 A12
Tree:
: T 121.47c W 100.00c S  21.42c (+177.6 L +179.6) N     206  --  N1 pass G5 A12
---White(^)---
N1  : T 123.22c W 100.00c S  22.92c (+179.1 L +180.7) LCB  120.92c P  6.01% WF 233.8 PSV     652 N      29  --  N1 pass G5 A12
B13 : T 122.29c W 100.00c S  21.96c (+178.0 L +180.1) LCB  119.07c P  8.53% WF 328.4 PSV     326 N      41  --  B13 pass A12 pass G5
H9  : T 122.14c W 100.00c S  21.65c (+177.7 L +179.7) LCB  118.87c P 15.67% WF 279.8 PSV     279 N      35  --  H9 pass G5 pass
A12 : T 121.53c W 100.00c S  21.56c (+178.0 L +180.2) LCB  117.03c P 14.29% WF 286.2 PSV     206 N      36  --  A12 pass H9 pass
G5  : T 121.00c W 100.00c S  20.89c (+177.2 L +179.8) LCB  115.45c P 19.26% WF 220.8 PSV     195 N      28  --  G5 pass A12 pass B13 pass
D2  : T 120.03c W 100.00c S  20.01c (+175.5 L +177.1) LCB   92.19c P  5.01% WF  39.4 PSV      32 N       5  --  D2 pass
N3  : T 119.23c W 100.00c S  19.90c (+175.8 L +177.6) LCB   45.18c P  3.90% WF  23.5 PSV      19 N       3  --  N3 pass
J9  : T 118.40c W 100.00c S  19.52c (+175.9 L +177.3) LCB  -30.60c P  1.75% WF  15.6 PSV       7 N       2  --  J9 pass
F5  : T 117.56c W 100.00c S  18.44c (+174.7 L +176.8) LCB   43.18c P  1.87% WF  23.2 PSV       6 N       3  --  F5 pass
G4  : T 117.86c W 100.00c S  18.91c (+175.2 L +177.5) LCB   43.40c P  1.35% WF  23.3 PSV       4 N       3  --  G4 pass

2026-07-17 03:35:38+0100: = N1
2026-07-17 03:35:42+0100: Controller: play B F5
2026-07-17 03:35:42+0100: = 
2026-07-17 03:35:42+0100: Controller: genmove W
2026-07-17 03:35:44+0100: MoveNum: 277 HASH: 3071D2076270B2D509F299AB7DC77316
   A B C D E F G H J K L M N
13 X . X O O O . O . O . O .
12 . X O O O . O . O . O . O
11 X O O O O O . O O O O O .
10 X X O O O . O O O . O . O
 9 X O O O . O X . . O O O .
 8 O . O . O X1@ X O O O . O
 7 . O O O . O X O O O . O .
 6 O . O . O O X O . O O O O
 5 . O O O O X3. X O . O O .
 4 O O O . O O . O . O O . O
 3 O O O O . O O O O . O O .
 2 . O X . O O . O . O . O X
 1 O . O O . O O . O . O . O2

koPOSITIONALscoreAREAtaxNONEsui1komi7.5
Time taken: 1.76474
Root visits: 206
New playouts: 205
NN rows: 178
NN batches: 61
NN avg batch size: 2.91803
PV: G8 pass G5 A12
Tree:
: T 123.09c W 100.00c S  23.00c (+179.5 L +181.4) N     206  --  G8 pass G5 A12
---White(^)---
G8  : T 124.26c W 100.00c S  24.13c (+180.7 L +182.5) LCB  122.49c P 11.74% WF 337.8 PSV     845 N      42  --  G8 pass G5 A12
A12 : T 123.44c W 100.00c S  23.37c (+180.2 L +182.2) LCB  120.77c P 11.31% WF 399.3 PSV     399 N      50  --  A12 pass G8 A11
B13 : T 124.00c W 100.00c S  23.84c (+180.3 L +182.1) LCB  122.20c P  6.28% WF 288.7 PSV     287 N      36  --  B13 pass G8 G5
G5  : T 122.64c W 100.00c S  22.28c (+178.7 L +180.9) LCB  119.01c P 14.23% WF 245.3 PSV     184 N      31  --  G5 pass B13 A12
H9  : T 122.03c W 100.00c S  21.85c (+177.6 L +179.7) LCB  112.79c P  9.50% WF  71.2 PSV      72 N       9  --  H9 pass G8
N3  : T 120.11c W 100.00c S  20.49c (+176.5 L +178.6) LCB  100.49c P  9.30% WF  46.9 PSV      40 N       6  --  N3 pass
M1  : T 119.93c W 100.00c S  20.33c (+176.4 L +178.5) LCB   77.05c P  6.63% WF  31.3 PSV      27 N       4  --  M1 A12
D2  : T 121.09c W 100.00c S  21.21c (+177.0 L +178.8) LCB   93.23c P  3.00% WF  39.4 PSV      17 N       5  --  D2 pass
G4  : T 121.42c W 100.00c S  21.78c (+177.7 L +179.9) LCB   47.04c P  2.08% WF  23.7 PSV      11 N       3  --  G4 B13
J9  : T 121.51c W 100.00c S  21.82c (+178.2 L +179.6) LCB  -27.92c P  1.35% WF  15.8 PSV       7 N       2  --  J9 A12

2026-07-17 03:35:44+0100: = G8
2026-07-17 03:35:48+0100: Controller: play B M1
2026-07-17 03:35:48+0100: = 
2026-07-17 03:35:48+0100: Controller: genmove W
2026-07-17 03:35:49+0100: MoveNum: 279 HASH: AB6DF9F6BFD916522080A472FB3BFED8
   A B C D E F G H J K L M N
13 X @ X O O O . O . O . O .
12 . X O O O . O . O . O . O
11 X O O O O O . O O O O O .
10 X X O O O . O O O . O . O
 9 X O O O . O X . . O O O .
 8 O . O . O . O2X O O O . O
 7 . O O O . O X O O O . O .
 6 O . O . O O X O . O O O O
 5 . O O O O X1. X O . O O .
 4 O O O . O O . O . O O . O
 3 O O O O . O O O O . O O .
 2 . O X . O O . O . O . O X
 1 O . O O . O O . O . O X3.

koPOSITIONALscoreAREAtaxNONEsui1komi7.5
Time taken: 1.9134
Root visits: 206
New playouts: 200
NN rows: 177
NN batches: 60
NN avg batch size: 2.95
PV: B13 pass A12 pass
Tree:
: T 119.53c W 100.00c S  19.44c (+177.2 L +179.4) N     206  --  B13 pass A12 pass
---White(^)---
B13 : T 119.92c W 100.00c S  19.96c (+177.7 L +179.8) LCB  115.62c P  5.57% WF 271.2 PSV     349 N      34  --  B13 pass A12 pass
A12 : T 119.91c W 100.00c S  20.23c (+178.1 L +180.3) LCB  115.16c P  8.75% WF 303.3 PSV     302 N      38  --  A12 pass B13 pass
F8  : T 119.50c W 100.00c S  18.95c (+177.1 L +179.7) LCB  113.93c P 13.67% WF 230.2 PSV     231 N      29  --  F8 pass H9 pass
H9  : T 119.16c W 100.00c S  19.01c (+176.9 L +179.5) LCB  113.77c P 17.71% WF 213.7 PSV     215 N      27  --  H9 pass G5 pass
G5  : T 118.90c W 100.00c S  18.70c (+176.4 L +178.5) LCB  114.09c P 18.41% WF 197.7 PSV     199 N      25  --  G5 pass H9 pass
D2  : T 120.27c W 100.00c S  19.79c (+177.1 L +178.8) LCB  111.21c P  3.84% WF  71.9 PSV      72 N       9  --  D2 G5 G4
N3  : T 118.96c W 100.00c S  19.05c (+176.2 L +178.2) LCB   99.56c P  3.76% WF  47.6 PSV      46 N       6  --  N3 pass
G4  : T 119.23c W 100.00c S  19.21c (+176.4 L +178.2) LCB   76.46c P  2.09% WF  31.8 PSV      31 N       4  --  G4 B13
J9  : T 119.28c W 100.00c S  19.38c (+176.7 L +178.7) LCB   76.33c P  1.73% WF  31.8 PSV      27 N       4  --  J9 pass
J4  : T 119.95c W 100.00c S  19.92c (+177.3 L +179.0) LCB   46.15c P  0.73% WF  23.9 PSV      24 N       3  --  J4 A12

2026-07-17 03:35:49+0100: = B13
2026-07-17 03:35:52+0100: Controller: play B F8
2026-07-17 03:35:52+0100: = 
2026-07-17 03:35:52+0100: Controller: genmove W
2026-07-17 03:35:53+0100: MoveNum: 281 HASH: 6442425C3A4AE2361F52BEDB9F070128
   A B C D E F G H J K L M N
13 X O2. O O O . O . O . O .
12 . X O O O . O . O . O . O
11 X O O O O O . O O O O O .
10 X X O O O . O O O . O . O
 9 X O O O . O X . . O O O .
 8 O . O . O X3. X O O O . O
 7 . O O O . O X O O O . O .
 6 O . O . O O X O . O O O O
 5 . O O O O X . X O . O O .
 4 O O O . O O . O . O O . O
 3 O O O O . O O O O . O O .
 2 . O X . O O . O . O . O X
 1 O . O O . O O . O . O X1@

koPOSITIONALscoreAREAtaxNONEsui1komi7.5
Time taken: 1.28235
Root visits: 206
New playouts: 204
NN rows: 144
NN batches: 50
NN avg batch size: 2.88
PV: N1 A12 H9 pass N3
Tree:
: T 117.30c W 100.00c S  17.59c (+177.7 L +179.8) N     206  --  N1 A12 H9 pass N3
---White(^)---
N1  : T 118.34c W 100.00c S  18.97c (+178.8 L +180.8) LCB  114.95c P  5.93% WF 440.7 PSV     447 N      55  --  N1 A12 H9 pass N3
A12 : T 118.63c W 100.00c S  18.29c (+178.4 L +180.9) LCB  113.11c P 18.43% WF 288.5 PSV     286 N      36  --  A12 pass G8 pass G5
C13 : T 117.83c W 100.00c S  18.03c (+178.1 L +180.1) LCB  113.36c P  9.25% WF 262.8 PSV     226 N      33  --  C13 pass A12 pass
H9  : T 117.33c W 100.00c S  17.30c (+177.3 L +179.5) LCB  112.72c P 14.04% WF 245.5 PSV     208 N      31  --  H9 pass A12 pass G8
G5  : T 115.44c W 100.00c S  15.22c (+176.0 L +178.9) LCB  104.94c P 17.13% WF 108.8 PSV     102 N      14  --  G5 pass C13 pass
N3  : T 115.16c W 100.00c S  15.72c (+175.8 L +177.8) LCB   86.95c P  3.85% WF  39.2 PSV      21 N       5  --  N3 pass
D2  : T 115.04c W 100.00c S  15.45c (+175.7 L +177.3) LCB   71.95c P  3.80% WF  31.3 PSV      20 N       4  --  D2 pass
G4  : T 114.68c W 100.00c S  15.99c (+176.4 L +178.2) LCB  -34.33c P  2.25% WF  15.6 PSV      10 N       2  --  G4 C13
J9  : T 114.47c W 100.00c S  14.99c (+175.6 L +176.9) LCB  -34.49c P  1.97% WF  15.6 PSV       9 N       2  --  J9 C13
M4  : T 117.79c W 100.00c S  17.79c (+178.4 L +178.8) LCB -232.21c P  0.57% WF   7.9 PSV       8 N       1  --  M4

2026-07-17 03:35:53+0100: = N1
2026-07-17 03:35:55+0100: Controller: play B J9
2026-07-17 03:35:55+0100: = 
2026-07-17 03:35:55+0100: Controller: genmove W
2026-07-17 03:35:57+0100: MoveNum: 283 HASH: 314AD73755AE1E4831C57449E23EF5A9
   A B C D E F G H J K L M N
13 X O . O O O . O . O . O .
12 . X O O O . O . O . O . O
11 X O O O O O . O O O O O .
10 X X O O O . O O O . O . O
 9 X O O O . O X . X3O O O .
 8 O . O . O X1@ X O O O . O
 7 . O O O . O X O O O . O .
 6 O . O . O O X O . O O O O
 5 . O O O O X . X O . O O .
 4 O O O . O O . O . O O . O
 3 O O O O . O O O O . O O .
 2 . O X . O O . O . O . O X
 1 O . O O . O O . O . O . O2

koPOSITIONALscoreAREAtaxNONEsui1komi7.5
Time taken: 1.63154
Root visits: 205
New playouts: 204
NN rows: 173
NN batches: 59
NN avg batch size: 2.9322
PV: G8 M1 G5 H9
Tree:
: T 121.38c W 100.00c S  21.40c (+178.9 L +181.0) N     205  --  G8 M1 G5 H9
---White(^)---
G8  : T 122.30c W 100.00c S  22.26c (+179.4 L +181.4) LCB  120.03c P  9.65% WF 304.8 PSV     639 N      38  --  G8 M1 G5 H9
A12 : T 122.05c W 100.00c S  21.99c (+179.7 L +182.1) LCB  118.33c P 11.88% WF 360.5 PSV     359 N      45  --  A12 pass G8 pass
G5  : T 121.13c W 100.00c S  21.13c (+178.8 L +181.3) LCB  115.15c P 13.18% WF 222.0 PSV     152 N      28  --  G5 pass M1 pass
H9  : T 121.29c W 100.00c S  21.20c (+178.6 L +180.7) LCB  117.67c P 10.83% WF 246.0 PSV     140 N      31  --  H9 M1 G5 pass
N3  : T 120.98c W 100.00c S  20.73c (+177.9 L +180.2) LCB  108.82c P  9.12% WF  63.6 PSV      64 N       8  --  N3 G8 G5
C13 : T 120.01c W 100.00c S  20.03c (+176.7 L +178.7) LCB  105.65c P  6.78% WF  55.3 PSV      45 N       7  --  C13 pass
M1  : T 119.77c W 100.00c S  20.12c (+177.1 L +179.2) LCB   91.94c P  6.07% WF  39.5 PSV      36 N       5  --  M1 G8
D2  : T 120.58c W 100.00c S  20.67c (+177.6 L +179.4) LCB   77.79c P  3.62% WF  31.7 PSV      30 N       4  --  D2 G8
J6  : T 121.07c W 100.00c S  21.54c (+179.2 L +180.7) LCB  -28.41c P  0.97% WF  15.9 PSV       8 N       2  --  J6 C13
N7  : T 121.81c W 100.00c S  21.81c (+180.2 L +180.6) LCB -228.68c P  0.63% WF   7.9 PSV       8 N       1  --  N7

2026-07-17 03:35:57+0100: = G8
2026-07-17 03:35:59+0100: Controller: play B C13
2026-07-17 03:35:59+0100: = 
2026-07-17 03:35:59+0100: Controller: genmove W
2026-07-17 03:36:00+0100: MoveNum: 285 HASH: FE656C9DD03DEA2C0E176EE086020A59
   A B C D E F G H J K L M N
13 X . X3O O O . O . O . O .
12 @ X O O O . O . O . O . O
11 X O O O O O . O O O O O .
10 X X O O O . O O O . O . O
 9 X O O O . O X . X1O O O .
 8 O . O . O . O2X O O O . O
 7 . O O O . O X O O O . O .
 6 O . O . O O X O . O O O O
 5 . O O O O X . X O . O O .
 4 O O O . O O . O . O O . O
 3 O O O O . O O O O . O O .
 2 . O X . O O . O . O . O X
 1 O . O O . O O . O . O . O

koPOSITIONALscoreAREAtaxNONEsui1komi7.5
Time taken: 1.56295
Root visits: 206
New playouts: 199
NN rows: 167
NN batches: 57
NN avg batch size: 2.92982
PV: A12 pass B13 pass
Tree:
: T 118.68c W 100.00c S  18.68c (+177.5 L +179.4) N     206  --  A12 pass B13 pass
---White(^)---
A12 : T 119.13c W 100.00c S  19.48c (+178.4 L +180.5) LCB  115.19c P  9.09% WF 399.1 PSV     398 N      50  --  A12 pass B13 pass
G5  : T 118.72c W 100.00c S  18.41c (+177.2 L +179.1) LCB  114.93c P 16.50% WF 341.6 PSV     342 N      43  --  G5 pass H9 pass
H9  : T 118.14c W 100.00c S  18.03c (+176.9 L +179.1) LCB  112.71c P 16.05% WF 197.5 PSV     199 N      25  --  H9 pass A12 pass
F8  : T 119.85c W 100.00c S  19.49c (+178.3 L +180.4) LCB  115.12c P 13.88% WF 160.0 PSV     159 N      20  --  F8 pass H9 B13
N3  : T 119.39c W 100.00c S  19.36c (+177.9 L +179.8) LCB  111.21c P  7.38% WF  79.9 PSV      80 N      10  --  N3 pass A12
M1  : T 117.86c W 100.00c S  18.11c (+176.4 L +178.4) LCB   98.44c P  4.43% WF  47.5 PSV      46 N       6  --  M1 A12
D2  : T 118.03c W 100.00c S  18.10c (+176.3 L +178.2) LCB  106.96c P  3.64% WF  63.4 PSV      42 N       8  --  D2 pass
G4  : T 117.96c W 100.00c S  18.25c (+176.7 L +178.4) LCB   75.14c P  2.09% WF  31.7 PSV      23 N       4  --  G4 A12
A2  : T 118.72c W 100.00c S  18.68c (+177.2 L +178.8) LCB   44.91c P  0.68% WF  23.8 PSV      14 N       3  --  A2 B13
F10 : T 118.35c W 100.00c S  18.92c (+177.8 L +179.4) LCB  -30.61c P  0.88% WF  15.9 PSV      13 N       2  --  F10 B13

2026-07-17 03:36:00+0100: = A12
2026-07-17 03:36:03+0100: Controller: play B F8
2026-07-17 03:36:03+0100: = 
2026-07-17 03:36:03+0100: Controller: genmove W
2026-07-17 03:36:04+0100: MoveNum: 287 HASH: 8F01250486FF65B5350800C38FDD80F9
   A B C D E F G H J K L M N
13 X @ X1O O O . O . O . O .
12 O2X O O O . O . O . O . O
11 . O O O O O . O O O O O .
10 . . O O O . O O O . O . O
 9 . O O O . O X . X O O O .
 8 O . O . O X3. X O O O . O
 7 . O O O . O X O O O . O .
 6 O . O . O O X O . O O O O
 5 . O O O O X . X O . O O .
 4 O O O . O O . O . O O . O
 3 O O O O . O O O O . O O .
 2 . O X . O O . O . O . O X
 1 O . O O . O O . O . O . O

koPOSITIONALscoreAREAtaxNONEsui1komi7.5
Time taken: 1.00317
Root visits: 206
New playouts: 203
NN rows: 145
NN batches: 49
NN avg batch size: 2.95918
PV: B13 pass G8 pass G5 pass
Tree:
: T 117.15c W 100.00c S  18.11c (+178.6 L +180.6) N     206  --  B13 pass G8 pass G5 pass
---White(^)---
B13 : T 118.19c W 100.00c S  18.76c (+179.2 L +181.8) LCB  114.28c P 13.16% WF 625.3 PSV     619 N      78  --  B13 pass G8 pass G5 pass
H9  : T 117.88c W 100.00c S  19.12c (+179.2 L +181.3) LCB  113.29c P 13.27% WF 175.6 PSV     175 N      22  --  H9 pass B13 G8
G5  : T 116.09c W 100.00c S  17.21c (+177.9 L +180.5) LCB  107.18c P 16.63% WF 156.9 PSV     125 N      20  --  G5 pass N3 pass
A11 : T 114.20c W 100.00c S  15.24c (+175.9 L +177.8) LCB   85.94c P  8.19% WF  39.0 PSV      35 N       5  --  A11 pass
N3  : T 114.02c W 100.00c S  15.27c (+176.0 L +178.1) LCB   85.56c P  6.94% WF  39.0 PSV      28 N       5  --  N3 pass
M1  : T 115.89c W 100.00c S  17.30c (+177.6 L +179.4) LCB   41.83c P  3.61% WF  23.7 PSV      24 N       3  --  M1 A11
A10 : T 116.82c W 100.00c S  17.71c (+177.8 L +179.7) LCB   73.82c P  1.97% WF  31.7 PSV      20 N       4  --  A10 G8
D2  : T 114.49c W 100.00c S  16.12c (+176.8 L +178.4) LCB   40.08c P  3.54% WF  23.5 PSV      16 N       3  --  D2 pass
L7  : T 117.93c W 100.00c S  18.60c (+178.9 L +180.2) LCB  -31.04c P  0.69% WF  15.9 PSV      16 N       2  --  L7 A11
G4  : T 115.86c W 100.00c S  17.63c (+178.0 L +179.8) LCB  -33.21c P  2.19% WF  15.7 PSV      15 N       2  --  G4 A11

2026-07-17 03:36:04+0100: = B13
2026-07-17 03:36:06+0100: Controller: play B A11
2026-07-17 03:36:06+0100: = 
2026-07-17 03:36:06+0100: Controller: genmove W
2026-07-17 03:36:08+0100: MoveNum: 289 HASH: EE2079AB12DAF69E386199C7C81CA5FC
   A B C D E F G H J K L M N
13 . O2. O O O . O . O . O .
12 O . O O O . O . O . O . O
11 X3O O O O O . O O O O O .
10 . . O O O . O O O . O . O
 9 . O O O . O X . X O O O .
 8 O . O . O X1@ X O O O . O
 7 . O O O . O X O O O . O .
 6 O . O . O O X O . O O O O
 5 . O O O O X . X O . O O .
 4 O O O . O O . O . O O . O
 3 O O O O . O O O O . O O .
 2 . O X . O O . O . O . O X
 1 O . O O . O O . O . O . O

koPOSITIONALscoreAREAtaxNONEsui1komi7.5
Time taken: 2.04883
Root visits: 205
New playouts: 203
NN rows: 178
NN batches: 61
NN avg batch size: 2.91803
PV: A10 pass H9 pass
Tree:
: T 117.00c W 100.00c S  17.71c (+178.7 L +181.2) N     205  --  A10 pass H9 pass
---White(^)---
A10 : T 118.36c W 100.00c S  17.73c (+178.6 L +181.2) LCB  113.11c P 10.63% WF 232.5 PSV     373 N      29  --  A10 pass H9 pass
G5  : T 118.27c W 100.00c S  18.23c (+179.2 L +181.9) LCB  112.70c P 14.96% WF 336.4 PSV     334 N      42  --  G5 pass M1 pass pass
G8  : T 118.00c W 100.00c S  18.49c (+179.3 L +182.0) LCB  112.72c P 12.76% WF 304.1 PSV     219 N      38  --  G8 pass M1 F8
H9  : T 117.70c W 100.00c S  17.85c (+178.8 L +181.6) LCB  112.23c P 12.12% WF 311.1 PSV     164 N      39  --  H9 pass A10 pass
N3  : T 113.83c W 100.00c S  15.52c (+176.8 L +179.3) LCB   84.95c P 10.31% WF  39.0 PSV      38 N       5  --  N3 pass
M1  : T 114.21c W 100.00c S  15.95c (+177.2 L +179.6) LCB   70.59c P  5.39% WF  31.3 PSV      21 N       4  --  M1 pass
D2  : T 115.25c W 100.00c S  16.10c (+177.0 L +179.1) LCB   95.19c P  3.51% WF  47.2 PSV      17 N       6  --  D2 pass
B12 : T 116.11c W 100.00c S  18.36c (+179.2 L +181.2) LCB  -33.65c P  1.06% WF  15.8 PSV       5 N       2  --  B12 G8
G4  : T 114.56c W 100.00c S  16.97c (+178.2 L +180.9) LCB   39.12c P  1.29% WF  23.5 PSV       4 N       3  --  G4 pass
B10 : T 112.69c W 100.00c S  16.04c (+177.6 L +179.6) LCB  -37.26c P  1.15% WF  15.5 PSV       3 N       2  --  B10 pass

2026-07-17 03:36:08+0100: = G8
2026-07-17 03:36:11+0100: Controller: play B B10
2026-07-17 03:36:11+0100: = 
2026-07-17 03:36:11+0100: Controller: genmove W
2026-07-17 03:36:13+0100: MoveNum: 291 HASH: E7B531140C14491063B97FDFFF7F4D29
   A B C D E F G H J K L M N
13 . O . O O O . O . O . O .
12 O . O O O . O . O . O . O
11 X1O O O O O . O O O O O .
10 . X3O O O . O O O . O . O
 9 . O O O . O X . X O O O .
 8 O . O . O . O2X O O O . O
 7 . O O O . O X O O O . O .
 6 O . O . O O X O . O O O O
 5 . O O O O X . X O . O O .
 4 O O O . O O . O . O O . O
 3 O O O O . O O O O . O O @
 2 . O X . O O . O . O . O X
 1 O . O O . O O . O . O . O

koPOSITIONALscoreAREAtaxNONEsui1komi7.5
Time taken: 2.05303
Root visits: 206
New playouts: 203
NN rows: 179
NN batches: 62
NN avg batch size: 2.8871
PV: N3 pass F8 pass pass
Tree:
: T 116.04c W 100.00c S  16.45c (+178.7 L +181.3) N     206  --  N3 pass F8 pass pass
---White(^)---
N3  : T 118.30c W 100.00c S  17.30c (+179.3 L +181.9) LCB  114.24c P  8.76% WF 428.9 PSV     421 N      53  --  N3 pass F8 pass pass
H9  : T 116.64c W 100.00c S  16.16c (+178.5 L +181.5) LCB  110.44c P 15.12% WF 262.4 PSV     143 N      33  --  H9 pass M1 pass
G5  : T 116.43c W 100.00c S  16.49c (+178.8 L +181.8) LCB  109.38c P 16.12% WF 246.2 PSV     139 N      31  --  G5 pass H9 pass
F8  : T 113.61c W 100.00c S  14.07c (+176.8 L +179.9) LCB   99.76c P 11.08% WF  54.6 PSV      42 N       7  --  F8 pass N3 pass pass
A10 : T 113.72c W 100.00c S  14.98c (+177.3 L +179.8) LCB   84.68c P  8.38% WF  39.2 PSV      33 N       5  --  A10 pass
D2  : T 115.75c W 100.00c S  16.24c (+178.1 L +180.4) LCB  103.24c P  3.42% WF  63.4 PSV      22 N       8  --  D2 pass G5
M1  : T 114.11c W 100.00c S  15.31c (+177.6 L +180.3) LCB   84.91c P  4.86% WF  39.3 PSV      20 N       5  --  M1 pass
N13 : T 118.40c W 100.00c S  19.68c (+181.3 L +183.4) LCB  -31.21c P  0.60% WF  16.0 PSV      13 N       2  --  N13 G5
A13 : T 117.17c W 100.00c S  18.68c (+180.4 L +182.3) LCB  -32.49c P  1.02% WF  15.9 PSV       9 N       2  --  A13 G5
E7  : T 117.36c W 100.00c S  18.79c (+180.7 L +182.9) LCB  -32.25c P  0.89% WF  16.0 PSV       9 N       2  --  E7 G5

2026-07-17 03:36:13+0100: = N3
2026-07-17 03:36:15+0100: Controller: play B F8
2026-07-17 03:36:15+0100: = 
2026-07-17 03:36:15+0100: Controller: genmove W
2026-07-17 03:36:16+0100: MoveNum: 293 HASH: EED601942AE9602ADB8BB98CE6D8F7B4
   A B C D E F G H J K L M N
13 . O . O O O . O . O . O .
12 O . O O O . O . O . O . O
11 X O O O O O . O O O O O .
10 . X1O O O . O O O . O . O
 9 . O O O . O X . X O O O .
 8 O . O . O X3. X O O O . O
 7 . O O O . O X O O O . O .
 6 O . O . O O X O . O O O O
 5 . O O O O X @ X O . O O .
 4 O O O . O O . O . O O . O
 3 O O O O . O O O O . O O O2
 2 . O X . O O . O . O . O .
 1 O . O O . O O . O . O . O

koPOSITIONALscoreAREAtaxNONEsui1komi7.5
Time taken: 1.4212
Root visits: 206
New playouts: 203
NN rows: 161
NN batches: 58
NN avg batch size: 2.77586
PV: G5 pass pass
Tree:
: T 113.24c W 100.00c S  14.86c (+178.5 L +180.6) N     206  --  G5 pass pass
---White(^)---
G5  : T 114.94c W 100.00c S  15.22c (+178.6 L +180.5) LCB  110.65c P 19.11% WF 419.1 PSV     413 N      52  --  G5 pass pass
H9  : T 114.25c W 100.00c S  14.69c (+178.4 L +181.0) LCB  109.46c P 16.51% WF 336.6 PSV     198 N      43  --  H9 pass G8 pass pass
A10 : T 109.95c W 100.00c S  11.40c (+175.9 L +178.2) LCB   81.41c P 11.81% WF  38.9 PSV      37 N       5  --  A10 pass
D2  : T 110.78c W 100.00c S  12.87c (+177.0 L +179.1) LCB   66.91c P  4.94% WF  31.3 PSV      18 N       4  --  D2 pass
G4  : T 112.42c W 100.00c S  14.32c (+177.9 L +180.6) LCB   69.01c P  2.46% WF  31.6 PSV      13 N       4  --  G4 G8
A9  : T 112.13c W 100.00c S  14.61c (+178.2 L +180.5) LCB   37.71c P  2.07% WF  23.7 PSV      10 N       3  --  A9 G8
M1  : T 113.99c W 100.00c S  16.89c (+180.1 L +182.3) LCB  -35.27c P  0.98% WF  15.9 PSV      10 N       2  --  M1 G8
F10 : T 113.13c W 100.00c S  15.41c (+178.8 L +180.5) LCB  -36.00c P  1.36% WF  15.8 PSV       9 N       2  --  F10 G8
E9  : T 112.38c W 100.00c S  14.52c (+178.2 L +180.2) LCB   38.10c P  1.63% WF  23.7 PSV       8 N       3  --  E9 G8
E7  : T 112.67c W 100.00c S  14.74c (+178.3 L +180.2) LCB   38.43c P  1.42% WF  23.7 PSV       8 N       3  --  E7 G8

2026-07-17 03:36:16+0100: = G5
2026-07-17 03:36:18+0100: Controller: play B A10
2026-07-17 03:36:18+0100: = 
2026-07-17 03:36:18+0100: Controller: genmove W
2026-07-17 03:36:19+0100: MoveNum: 295 HASH: 27A03551A05D281271A887C747642B6D
   A B C D E F G H J K L M N
13 . O . O O O . O . O . O .
12 O . O O O . O . O . O . O
11 X O O O O O . O O O O O .
10 X3X O O O . O O O . O . O
 9 . O O O . O X . X O O O .
 8 O . O . O X1. X O O O . O
 7 . O O O . O X O O O . O .
 6 O . O . O O X O . O O O O
 5 . O O O O . O2. O . O O .
 4 O O O . O O . O . O O . O
 3 O O O O . O O O O . O O O
 2 . O X . O O . O . O . O .
 1 O . O O . O O . O . O . O

koPOSITIONALscoreAREAtaxNONEsui1komi7.5
Time taken: 1.40283
Root visits: 206
New playouts: 201
NN rows: 146
NN batches: 55
NN avg batch size: 2.65455
PV: pass pass
Tree:
: T 112.84c W 100.00c S  14.19c (+178.2 L +180.5) N     206  --  pass pass
---White(^)---
pss : T 114.85c W 100.00c S  14.55c (+178.1 L +178.8) LCB  111.73c P  8.34% WF 357.0 PSV     534 N      44  --  pass pass
A9  : T 114.07c W 100.00c S  14.35c (+178.3 L +180.6) LCB  108.17c P 16.65% WF 267.8 PSV     261 N      34  --  A9 pass pass
H9  : T 112.84c W 100.00c S  13.95c (+177.8 L +179.4) LCB  106.84c P 17.27% WF 174.1 PSV     135 N      22  --  H9 pass pass
G8  : T 112.74c W 100.00c S  13.81c (+178.0 L +181.1) LCB  101.71c P 15.06% WF 110.0 PSV     111 N      14  --  G8 pass H9 pass
D2  : T 110.35c W 100.00c S  12.74c (+177.2 L +180.5) LCB   65.07c P  6.48% WF  31.1 PSV      25 N       4  --  D2 pass
M1  : T 114.91c W 100.00c S  17.60c (+180.8 L +183.7) LCB  -34.95c P  0.88% WF  16.0 PSV      16 N       2  --  M1 G8
A2  : T 114.83c W 100.00c S  17.29c (+180.5 L +183.3) LCB  -35.00c P  0.86% WF  16.0 PSV      14 N       2  --  A2 G8
L2  : T 115.00c W 100.00c S  16.64c (+179.9 L +182.5) LCB  -34.74c P  0.71% WF  15.9 PSV      14 N       2  --  L2 G8
F10 : T 114.54c W 100.00c S  16.72c (+180.1 L +182.8) LCB  -35.25c P  0.99% WF  15.9 PSV      13 N       2  --  F10 G8
E1  : T 114.80c W 100.00c S  17.21c (+180.5 L +183.3) LCB  -35.01c P  0.82% WF  15.9 PSV      13 N       2  --  E1 G8

2026-07-17 03:36:19+0100: = A9
2026-07-17 03:36:21+0100: Controller: play B A10
2026-07-17 03:36:21+0100: = 
2026-07-17 03:36:21+0100: Controller: genmove W
2026-07-17 03:36:23+0100: MoveNum: 297 HASH: 7FA1D959291CFD89B2629404FD4716F8
   A B C D E F G H J K L M N
13 . O . O O O . O . O . O .
12 O . O O O . O . O . O . O
11 . O O O O O . O O O O O .
10 X1. O O O . O O O . O . O
 9 O2O O O . O X . X O O O .
 8 O . O . O X . X O O O . O
 7 . O O O . O X O O O . O .
 6 O . O . O O X O . O O O O
 5 . O O O O . O . O . O O .
 4 O O O . O O . O . O O . O
 3 O O O O . O O O O . O O O
 2 . O X . O O . O . O . O .
 1 O . O O . O O . O . O . O

koPOSITIONALscoreAREAtaxNONEsui1komi7.5
Time taken: 1.41544
Root visits: 206
New playouts: 204
NN rows: 159
NN batches: 59
NN avg batch size: 2.69492
PV: pass pass
Tree:
: T 119.97c W 100.00c S  20.41c (+179.3 L +182.0) N     206  --  pass pass
---White(^)---
pss : T 122.13c W 100.00c S  21.21c (+179.5 L +180.8) LCB  119.18c P  9.28% WF 291.6 PSV     392 N      36  --  pass pass
B10 : T 121.99c W 100.00c S  21.17c (+180.0 L +182.6) LCB  117.09c P  8.98% WF 241.8 PSV     227 N      30  --  B10 pass G8 H9 pass
H9  : T 120.77c W 100.00c S  20.08c (+178.6 L +181.1) LCB  115.54c P 16.84% WF 222.8 PSV     162 N      28  --  H9 pass D2 pass
G8  : T 120.92c W 100.00c S  20.48c (+179.3 L +182.4) LCB  114.62c P 14.16% WF 215.0 PSV     148 N      27  --  G8 pass H9 pass
D2  : T 121.90c W 100.00c S  20.92c (+179.5 L +182.0) LCB  117.20c P  5.30% WF 184.8 PSV     120 N      23  --  D2 pass G8 pass
A11 : T 114.87c W 100.00c S  16.73c (+176.0 L +179.4) LCB   70.48c P 10.23% WF  30.7 PSV      24 N       4  --  A11 pass
J13 : T 127.06c W 100.00c S  27.06c (+187.1 L +190.4) LCB -223.28c P  0.66% WF   8.1 PSV       8 N       1  --  J13
B12 : T 115.76c W 100.00c S  19.89c (+179.7 L +183.2) LCB  -34.35c P  1.18% WF  15.5 PSV       3 N       2  --  B12 pass
B1  : T 116.04c W 100.00c S  20.51c (+180.4 L +184.1) LCB  -34.17c P  1.13% WF  15.5 PSV       2 N       2  --  B1 pass
E9  : T 115.92c W 100.00c S  19.64c (+179.3 L +182.7) LCB  -34.10c P  0.99% WF  15.5 PSV       2 N       2  --  E9 pass

2026-07-17 03:36:23+0100: = A11
2026-07-17 03:36:24+0100: Controller: play B G8
2026-07-17 03:36:24+0100: = 
2026-07-17 03:36:24+0100: Controller: genmove W
2026-07-17 03:36:26+0100: MoveNum: 299 HASH: 076D0D80EBDC25D1D9D940A0F1273CC6
   A B C D E F G H J K L M N
13 . O . O O O . O . O . O .
12 O . O O O . O . O . O . O
11 O2O O O O O . O O O O O .
10 X1. O O O . O O O . O . O
 9 O O O O . O X @ X O O O .
 8 O . O . O X X3X O O O . O
 7 . O O O . O X O O O . O .
 6 O . O . O O X O . O O O O
 5 . O O O O . O . O . O O .
 4 O O O . O O . O . O O . O
 3 O O O O . O O O O . O O O
 2 . O X . O O . O . O . O .
 1 O . O O . O O . O . O . O

koPOSITIONALscoreAREAtaxNONEsui1komi7.5
Time taken: 2.06929
Root visits: 206
New playouts: 205
NN rows: 180
NN batches: 64
NN avg batch size: 2.8125
PV: H9 pass pass
Tree:
: T 125.28c W 100.00c S  25.76c (+179.1 L +181.8) N     206  --  H9 pass pass
---White(^)---
H9  : T 126.75c W 100.00c S  26.48c (+179.2 L +181.3) LCB  124.26c P 23.26% WF 338.6 PSV     334 N      42  --  H9 pass pass
pss : T 126.72c W 100.00c S  27.06c (+180.7 L +183.3) LCB  122.40c P  8.43% WF 136.7 PSV     118 N      17  --  pass H9 pass G8
B10 : T 125.35c W 100.00c S  25.85c (+179.2 L +181.9) LCB  119.71c P 14.45% WF 125.4 PSV      96 N      16  --  B10 H9 pass pass
D2  : T 125.97c W 100.00c S  26.20c (+179.5 L +182.1) LCB  118.52c P  8.45% WF  95.8 PSV      74 N      12  --  D2 H9 pass G8
A7  : T 127.14c W 100.00c S  27.57c (+181.2 L +183.7) LCB  -22.14c P  1.04% WF  16.0 PSV      16 N       2  --  A7 H9
D8  : T 127.35c W 100.00c S  27.62c (+181.4 L +183.7) LCB  -21.92c P  0.88% WF  16.0 PSV      16 N       2  --  D8 H9
N7  : T 127.35c W 100.00c S  27.75c (+181.6 L +184.1) LCB  -21.93c P  0.86% WF  16.1 PSV      16 N       2  --  N7 H9
G2  : T 127.66c W 100.00c S  27.88c (+182.1 L +184.4) LCB  -21.59c P  0.76% WF  16.1 PSV      16 N       2  --  G2 H9
J13 : T 127.33c W 100.00c S  27.83c (+181.8 L +184.5) LCB  -21.95c P  0.85% WF  16.1 PSV      15 N       2  --  J13 H9
N5  : T 127.37c W 100.00c S  27.70c (+181.4 L +183.9) LCB  -21.89c P  0.81% WF  16.1 PSV      15 N       2  --  N5 H9

2026-07-17 03:36:26+0100: = H9
2026-07-17 03:36:28+0100: Controller: play B G9
2026-07-17 03:36:28+0100: = 
2026-07-17 03:36:28+0100: Controller: genmove W
2026-07-17 03:36:29+0100: MoveNum: 301 HASH: 5E0F7D233654B8920C32293DB4C98682
   A B C D E F G H J K L M N
13 . O . O O O . O . O . O .
12 O . O O O . O . O . O . O
11 O O O O O O . O O O O O .
10 X . O O O . O O O . O . O
 9 O O O O . O X3O2. O O O .
 8 O . O . O . .1. O O O . O
 7 . O O O . O . O O O . O .
 6 O . O . O O . O . O O O O
 5 . O O O O . O . O . O O .
 4 O O O . O O . O . O O . O
 3 O O O O . O O O O . O O O
 2 . O X . O O . O . O . O .
 1 O . O O . O O . O . O . O

koPOSITIONALscoreAREAtaxNONEsui1komi7.5
Time taken: 1.39075
Root visits: 206
New playouts: 203
NN rows: 153
NN batches: 58
NN avg batch size: 2.63793
PV: pass pass
Tree:
: T 118.79c W 100.00c S  19.32c (+178.6 L +181.1) N     206  --  pass pass
---White(^)---
pss : T 120.97c W 100.00c S  20.19c (+179.1 L +180.6) LCB  118.37c P  7.95% WF 381.2 PSV     567 N      47  --  pass pass
B10 : T 120.58c W 100.00c S  20.11c (+179.5 L +182.2) LCB  116.15c P 12.93% WF 313.2 PSV     305 N      39  --  B10 pass D2 pass pass
G8  : T 118.52c W 100.00c S  18.24c (+177.4 L +179.6) LCB  112.03c P 18.50% WF 134.3 PSV     118 N      17  --  G8 pass pass
D2  : T 119.04c W 100.00c S  18.89c (+178.2 L +181.1) LCB  111.51c P 11.07% WF 118.7 PSV      86 N      15  --  D2 pass G8 pass
G7  : T 115.19c W 100.00c S  17.54c (+177.4 L +180.7) LCB   39.56c P  4.52% WF  23.3 PSV      12 N       3  --  G7 pass
H5  : T 120.29c W 100.00c S  21.55c (+180.4 L +183.2) LCB  -29.29c P  0.90% WF  16.0 PSV      10 N       2  --  H5 G8
J6  : T 123.10c W 100.00c S  23.10c (+182.5 L +185.2) LCB -227.36c P  0.69% WF   8.0 PSV       8 N       1  --  J6
F8  : T 114.42c W 100.00c S  16.65c (+176.5 L +179.9) LCB   38.55c P  3.23% WF  23.1 PSV       7 N       3  --  F8 pass
M1  : T 119.71c W 100.00c S  21.18c (+179.9 L +182.6) LCB  -29.91c P  0.93% WF  15.9 PSV       7 N       2  --  M1 G8
H12 : T 120.16c W 100.00c S  21.32c (+180.1 L +182.9) LCB  -29.42c P  0.74% WF  15.9 PSV       7 N       2  --  H12 G8

2026-07-17 03:36:29+0100: = B10
2026-07-17 03:36:31+0100: Controller: play B G8
2026-07-17 03:36:31+0100: = 
2026-07-17 03:36:31+0100: Controller: genmove W
2026-07-17 03:36:32+0100: MoveNum: 303 HASH: E8A67BC4FE142F556C36879F7E663FB1
   A B C D E F G H J K L M N
13 . O . O O O . O . O . O .
12 O . O O O . O . O . O . O
11 O O O O O O . O O O O O .
10 . O2O O O . O O O . O . O
 9 O O O O . O X1O . O O O .
 8 O . O . O . X3. O O O . O
 7 . O O O . O . O O O . O .
 6 O . O . O O . O . O O O O
 5 . O O O O . O . O . O O .
 4 O O O . O O . O . O O . O
 3 O O O O . O O O O . O O O
 2 . O X . O O . O . O . O .
 1 O . O O . O O . O . O . O

koPOSITIONALscoreAREAtaxNONEsui1komi7.5
Time taken: 1.16926
Root visits: 206
New playouts: 202
NN rows: 136
NN batches: 53
NN avg batch size: 2.56604
PV: pass pass
Tree:
: T 116.83c W 100.00c S  17.23c (+178.6 L +181.0) N     206  --  pass pass
---White(^)---
pss : T 118.13c W 100.00c S  17.43c (+178.4 L +179.5) LCB  114.71c P  6.47% WF 257.8 PSV     396 N      32  --  pass pass
H8  : T 117.41c W 100.00c S  16.99c (+178.3 L +180.6) LCB  112.16c P 13.86% WF 223.5 PSV     216 N      28  --  H8 pass pass
D2  : T 117.77c W 100.00c S  16.95c (+178.4 L +181.0) LCB  112.23c P  9.18% WF 215.7 PSV     204 N      27  --  D2 pass pass
F8  : T 117.11c W 100.00c S  16.46c (+178.0 L +180.5) LCB  111.21c P 14.51% WF 222.4 PSV     180 N      28  --  F8 pass pass
G7  : T 116.62c W 100.00c S  16.32c (+177.9 L +180.2) LCB  110.60c P 19.37% WF 190.0 PSV     180 N      24  --  G7 pass pass
G6  : T 116.66c W 100.00c S  17.32c (+178.4 L +181.2) LCB   95.81c P  1.92% WF  47.6 PSV      13 N       6  --  G6 pass D2
M8  : T 122.96c W 100.00c S  22.96c (+184.2 L +186.9) LCB -227.52c P  0.65% WF   8.1 PSV       8 N       1  --  M8
B6  : T 122.86c W 100.00c S  22.86c (+184.2 L +187.0) LCB -227.62c P  0.64% WF   8.1 PSV       8 N       1  --  B6
B1  : T 115.38c W 100.00c S  19.06c (+180.8 L +184.0) LCB  -34.67c P  1.22% WF  15.8 PSV       5 N       2  --  B1 pass
A13 : T 114.98c W 100.00c S  18.36c (+180.0 L +183.1) LCB  -35.01c P  0.95% WF  15.7 PSV       4 N       2  --  A13 pass

2026-07-17 03:36:32+0100: = F8
2026-07-17 03:36:33+0100: Controller: play B G6
2026-07-17 03:36:33+0100: = 
2026-07-17 03:36:33+0100: Controller: genmove W
2026-07-17 03:36:35+0100: MoveNum: 305 HASH: 2BA14D4FB2048F86FF670C45802F67BB
   A B C D E F G H J K L M N
13 . O . O O O . O . O . O .
12 O . O O O . O . O . O . O
11 O O O O O O . O O O O O .
10 . O O O O . O O O . O . O
 9 O O O O . O X O . O O O .
 8 O . O . O O2X1. O O O . O
 7 . O O O . O . O O O . O .
 6 O . O . O O X3O . O O O O
 5 . O O O O . O . O . O O .
 4 O O O . O O . O . O O . O
 3 O O O O . O O O O . O O O
 2 . O X . O O . O . O . O .
 1 O . O O . O O . O . O . O

koPOSITIONALscoreAREAtaxNONEsui1komi7.5
Time taken: 1.72865
Root visits: 205
New playouts: 203
NN rows: 135
NN batches: 54
NN avg batch size: 2.5
PV: pass pass
Tree:
: T 112.87c W 100.00c S  15.36c (+179.0 L +181.6) N     205  --  pass pass
---White(^)---
pss : T 115.66c W 100.00c S  15.36c (+178.5 L +179.4) LCB  111.75c P  8.16% WF 268.5 PSV     397 N      33  --  pass pass
G7  : T 114.67c W 100.00c S  14.45c (+177.8 L +178.7) LCB  109.92c P 20.58% WF 242.1 PSV     240 N      30  --  G7 pass pass
D2  : T 115.10c W 100.00c S  15.78c (+179.2 L +181.2) LCB  109.32c P  9.92% WF 224.7 PSV     165 N      28  --  D2 G7 pass pass
H8  : T 114.14c W 100.00c S  15.51c (+179.2 L +182.0) LCB  105.77c P 15.80% WF 150.8 PSV     145 N      19  --  H8 pass pass
B1  : T 112.15c W 100.00c S  15.75c (+179.6 L +183.4) LCB   35.84c P  1.61% WF  23.6 PSV       6 N       3  --  B1 pass
H5  : T 111.58c W 100.00c S  15.09c (+178.9 L +182.8) LCB   35.43c P  1.22% WF  23.6 PSV       4 N       3  --  H5 pass
F5  : T 109.60c W 100.00c S  15.60c (+179.7 L +183.9) LCB  -41.15c P  1.45% WF  15.5 PSV       3 N       2  --  F5 pass
A2  : T 110.22c W 100.00c S  15.80c (+179.8 L +183.7) LCB  -40.40c P  1.24% WF  15.6 PSV       3 N       2  --  A2 pass
M1  : T 111.01c W 100.00c S  16.67c (+180.6 L +184.4) LCB  -39.61c P  1.15% WF  15.7 PSV       3 N       2  --  M1 pass
M12 : T 110.48c W 100.00c S  16.23c (+180.3 L +184.3) LCB  -40.13c P  1.11% WF  15.6 PSV       3 N       2  --  M12 pass

2026-07-17 03:36:35+0100: = H8
2026-07-17 03:36:35+0100: Controller: play B pass
2026-07-17 03:36:35+0100: = 
2026-07-17 03:36:35+0100: Controller: genmove W
2026-07-17 03:36:35+0100: MoveNum: 307 HASH: 47057390FA31783ECAEB3DA10A5C6B44
   A B C D E F G H J K L M N
13 . O . O O O . O . O . O .
12 O . O O O . O . O . O . O
11 O O O O O O . O O O O O .
10 . O O O O . O O O . O . O
 9 O O O O . O X O . O O O .
 8 O . O . O O X O2O O O . O
 7 . O O O . O @ O O O . O .
 6 O . O . O O X1O . O O O O
 5 . O O O O . O . O . O O .
 4 O O O . O O . O . O O . O
 3 O O O O . O O O O . O O O
 2 . O X . O O . O . O . O .
 1 O . O O . O O . O . O . O

koPOSITIONALscoreAREAtaxNONEsui1komi7.5
Time taken: 0.643138
Root visits: 106
New playouts: 106
NN rows: 44
NN batches: 20
NN avg batch size: 2.2
PV: G7 pass pass
Tree:
: T 127.41c W 100.00c S  27.30c (+178.2 L +180.3) N     106  --  G7 pass pass
---White(^)---
G7  : T 128.24c W 100.00c S  27.87c (+178.8 L +180.2) LCB  126.45c P 40.43% WF 297.1 PSV     295 N      37  --  G7 pass pass
D2  : T 127.21c W 100.00c S  27.14c (+178.1 L +180.4) LCB  123.95c P 16.64% WF 182.6 PSV      72 N      23  --  D2 G7 pass pass
pss : T 127.71c W 100.00c S  27.54c (+178.6 L +180.7) LCB  125.81c P  6.36% WF 277.7 PSV      34 N      35  --  pass G7 D2 pass pass
B1  : T 125.14c W 100.00c S  25.82c (+176.6 L +180.1) LCB   50.40c P  1.32% WF  23.4 PSV       2 N       3  --  B1 pass
M1  : T 124.84c W 100.00c S  25.30c (+175.6 L +179.0) LCB   50.15c P  1.03% WF  23.4 PSV       2 N       3  --  M1 pass
F5  : T 122.48c W 100.00c S  23.78c (+174.3 L +178.4) LCB  -27.03c P  1.13% WF  15.3 PSV       1 N       2  --  F5 pass
A2  : T 122.82c W 100.00c S  24.37c (+175.3 L +179.3) LCB  -26.71c P  0.99% WF  15.4 PSV       1 N       2  --  A2 pass

2026-07-17 03:36:35+0100: = G7
2026-07-17 03:36:36+0100: Controller: play B G9
2026-07-17 03:36:36+0100: = 
2026-07-17 03:36:36+0100: Controller: genmove W
2026-07-17 03:36:37+0100: MoveNum: 309 HASH: ACC7A91D4CE10BEA76A5B48D466EEEEE
   A B C D E F G H J K L M N
13 . O . O O O . O . O . O .
12 O . O O O . O . O . O . O
11 O O O O O O . O O O O O .
10 . O O O O . O O O . O . O
 9 O O O O . O X3O . O O O .
 8 O . O . O O @ O O O O . O
 7 . O O O . O O2O O O . O .
 6 O . O . O O . O . O O O O
 5 . O O O O . O . O . O O .
 4 O O O . O O . O . O O . O
 3 O O O O . O O O O . O O O
 2 . O X . O O . O . O . O .
 1 O . O O . O O . O . O . O

koPOSITIONALscoreAREAtaxNONEsui1komi7.5
Time taken: 1.47883
Root visits: 206
New playouts: 203
NN rows: 120
NN batches: 51
NN avg batch size: 2.35294
PV: G8 pass pass
Tree:
: T 111.85c W 100.00c S  14.54c (+178.4 L +180.9) N     206  --  G8 pass pass
---White(^)---
G8  : T 113.37c W 100.00c S  13.57c (+177.1 L +177.7) LCB  110.79c P 19.74% WF 347.2 PSV     358 N      43  --  G8 pass pass
D2  : T 113.47c W 100.00c S  13.85c (+177.4 L +178.2) LCB  109.94c P 13.55% WF 258.2 PSV     256 N      32  --  D2 pass pass
pss : T 113.61c W 100.00c S  14.26c (+177.8 L +178.6) LCB  110.13c P  9.29% WF 209.9 PSV     208 N      26  --  pass pass
G6  : T 111.42c W 100.00c S  16.31c (+180.3 L +184.6) LCB  -38.95c P  1.97% WF  15.7 PSV       9 N       2  --  G6 pass
B1  : T 110.08c W 100.00c S  15.86c (+180.1 L +184.7) LCB  -40.61c P  1.89% WF  15.6 PSV       6 N       2  --  B1 pass
A2  : T 109.92c W 100.00c S  15.77c (+180.0 L +184.5) LCB  -40.76c P  1.61% WF  15.6 PSV       5 N       2  --  A2 pass
M1  : T 109.90c W 100.00c S  15.58c (+179.8 L +184.4) LCB  -40.74c P  1.42% WF  15.6 PSV       5 N       2  --  M1 pass
M12 : T 110.18c W 100.00c S  15.92c (+180.2 L +184.6) LCB  -40.44c P  1.35% WF  15.6 PSV       5 N       2  --  M12 pass
L13 : T 110.93c W 100.00c S  16.03c (+180.1 L +184.3) LCB  -39.49c P  1.21% WF  15.7 PSV       5 N       2  --  L13 pass
A7  : T 110.99c W 100.00c S  15.96c (+180.0 L +184.2) LCB  -39.41c P  1.19% WF  15.7 PSV       5 N       2  --  A7 pass

2026-07-17 03:36:37+0100: = G8
2026-07-17 03:36:37+0100: Controller: play B pass
2026-07-17 03:36:37+0100: = 
2026-07-17 03:36:37+0100: Controller: genmove W
2026-07-17 03:36:38+0100: MoveNum: 311 HASH: F8BD57620E3674D8ED969D3432DC6521
   A B C D E F G H J K L M N
13 . O . O O O . O . O . O .
12 O . O O O . O . O . O . O
11 O O O O O O . O O O O O .
10 . O O O O . O O O . O . O
 9 O O O O . O .1O . O O O .
 8 O . O . O O O2O O O O . O
 7 . O O O . O O O O O . O .
 6 O . O . O O . O . O O O O
 5 . O O O O . O . O . O O .
 4 O O O . O O . O . O O . O
 3 O O O O . O O O O . O O O
 2 . O X @ O O . O . O . O .
 1 O . O O . O O . O . O . O

koPOSITIONALscoreAREAtaxNONEsui1komi7.5
Time taken: 0.656133
Root visits: 105
New playouts: 105
NN rows: 56
NN batches: 26
NN avg batch size: 2.15385
PV: D2 pass pass
Tree:
: T 125.63c W 100.00c S  26.24c (+177.0 L +179.4) N     105  --  D2 pass pass
---White(^)---
D2  : T 127.43c W 100.00c S  27.44c (+176.7 L +176.9) LCB  126.18c P 27.75% WF 275.1 PSV     294 N      34  --  D2 pass pass
pss : T 127.79c W 100.00c S  27.65c (+179.5 L +181.1) LCB  124.65c P 11.06% WF 161.7 PSV     160 N      20  --  pass D2 pass D2 pass
H1  : T 127.25c W 100.00c S  27.25c (+179.2 L +182.4) LCB -223.08c P  1.34% WF   7.9 PSV       8 N       1  --  H1
B8  : T 127.19c W 100.00c S  27.19c (+179.1 L +182.2) LCB -223.13c P  1.32% WF   7.9 PSV       8 N       1  --  B8
B1  : T 123.29c W 100.00c S  25.40c (+177.4 L +182.0) LCB  -26.29c P  2.04% WF  15.5 PSV       3 N       2  --  B1 pass
N2  : T 123.63c W 100.00c S  25.41c (+177.2 L +181.5) LCB  -25.89c P  1.58% WF  15.6 PSV       3 N       2  --  N2 pass
M1  : T 123.60c W 100.00c S  25.36c (+177.0 L +181.3) LCB  -25.92c P  1.51% WF  15.6 PSV       3 N       2  --  M1 pass
B12 : T 123.18c W 100.00c S  24.40c (+175.2 L +179.2) LCB  -26.29c P  1.54% WF  15.5 PSV       2 N       2  --  B12 pass
A2  : T 122.89c W 100.00c S  24.31c (+175.1 L +179.2) LCB  -26.62c P  1.48% WF  15.5 PSV       2 N       2  --  A2 pass
C13 : T 122.68c W 100.00c S  24.17c (+175.0 L +179.1) LCB  -26.84c P  1.44% WF  15.4 PSV       2 N       2  --  C13 pass

2026-07-17 03:36:38+0100: = D2
2026-07-17 03:36:38+0100: Controller: play B pass
2026-07-17 03:36:38+0100: = 
2026-07-17 03:36:38+0100: Controller: genmove W
2026-07-17 03:36:38+0100: MoveNum: 313 HASH: 480665712F792DFA8392FFF5CEC7AFB1
   A B C D E F G H J K L M N
13 . O . O O O . O . O . O .
12 O . O O O . O . O . O . O
11 O O O O O O . O O O O O .
10 . O O O O . O O O . O . O
 9 O O O O . O . O . O O O .
 8 O . O . O O O O O O O . O
 7 . O O O . O O O O O . O .
 6 O . O . O O . O . O O O O
 5 . O O O O . O . O . O O .
 4 O O O . O O . O . O O . O
 3 O O O O . O O O O . O O O
 2 . O . O2O O . O . O . O .
 1 O . O O . O O . O . O . O

koPOSITIONALscoreAREAtaxNONEsui1komi7.5
Time taken: 0.426689
Root visits: 54
New playouts: 54
NN rows: 39
NN batches: 16
NN avg batch size: 2.4375
PV: pass pass
Tree:
: T 123.99c W 100.00c S  25.01c (+176.1 L +179.5) N      54  --  pass pass
---White(^)---
pss : T 127.62c W 100.00c S  27.40c (+177.4 L +177.6) LCB  124.19c P 14.20% WF 122.8 PSV     120 N      15  --  pass pass
A10 : T 127.08c W 100.00c S  27.08c (+179.3 L +183.2) LCB -223.25c P  1.84% WF   8.0 PSV       8 N       1  --  A10
N5  : T 127.31c W 100.00c S  27.31c (+179.8 L +183.8) LCB -223.02c P  1.73% WF   8.0 PSV       8 N       1  --  N5
A5  : T 127.65c W 100.00c S  27.65c (+180.2 L +184.2) LCB -222.66c P  1.71% WF   8.0 PSV       8 N       1  --  A5
E3  : T 127.47c W 100.00c S  27.47c (+179.8 L +183.9) LCB -222.84c P  1.69% WF   8.0 PSV       8 N       1  --  E3
C2  : T 128.16c W 100.00c S  28.16c (+181.0 L +185.1) LCB -222.13c P  1.69% WF   8.0 PSV       8 N       1  --  C2
N9  : T 127.52c W 100.00c S  27.52c (+179.9 L +184.2) LCB -222.80c P  1.65% WF   8.0 PSV       8 N       1  --  N9
C13 : T 121.30c W 100.00c S  23.36c (+174.9 L +179.7) LCB  -28.35c P  2.42% WF  15.4 PSV       2 N       2  --  C13 pass
B12 : T 121.25c W 100.00c S  23.14c (+174.5 L +179.3) LCB  -28.37c P  2.40% WF  15.5 PSV       2 N       2  --  B12 pass
F12 : T 121.63c W 100.00c S  23.48c (+174.8 L +179.6) LCB  -27.96c P  2.38% WF  15.5 PSV       2 N       2  --  F12 pass

2026-07-17 03:36:38+0100: = pass
2026-07-17 03:36:38+0100: Controller: quit
2026-07-17 03:36:38+0100: Quit requested by controller
2026-07-17 03:36:38+0100: = 
2026-07-17 03:36:38+0100: GPU -1 finishing, processed 30540 rows 10435 batches
2026-07-17 03:36:40+0100: All cleaned up, quitting
