2026-07-17 03:36:40+0100: Running with following config:
allowResignation = true
lagBuffer = 1.0
logAllGTPCommunication = true
logDir = gtp_logs
logSearchInfo = true
logSearchInfoForChosenMove = false
logToStderr = false
maxTimePondering = 60.0
maxVisits = 500
numSearchThreads = 6
ponderingEnabled = false
resignConsecTurns = 3
resignThreshold = -0.90
rules = tromp-taylor
searchFactorAfterOnePass = 0.50
searchFactorAfterTwoPass = 0.25
searchFactorWhenWinning = 0.40
searchFactorWhenWinningThreshold = 0.95

2026-07-17 03:36:40+0100: GTP Engine starting...
2026-07-17 03:36:40+0100: KataGo v1.16.5
2026-07-17 03:36:40+0100: Using TrompTaylor rules initially, unless GTP/GUI overrides this
2026-07-17 03:36:40+0100: Using 6 CPU thread(s) for search
2026-07-17 03:36:40+0100: nnRandSeed0 = 6377440791315827909
2026-07-17 03:36:40+0100: After dedups: nnModelFile0 = /Users/mettamazza/.katago/default_model.bin.gz useFP16 auto useNHWC auto
2026-07-17 03:36:40+0100: Initializing neural net buffer to be size 19 * 19 exactly
2026-07-17 03:36:40+0100: Loaded neural net with nnXLen 19 nnYLen 19
2026-07-17 03:36:40+0100: Initializing board with boardXSize 19 boardYSize 19
2026-07-17 03:36:40+0100: Loaded config /Users/mettamazza/.katago/default_gtp.cfg
2026-07-17 03:36:40+0100: Loaded model /Users/mettamazza/.katago/default_model.bin.gz
2026-07-17 03:36:40+0100: Model name: kata1-b18c384nbt-softplusfixv13-s5971481344-d3261785976
2026-07-17 03:36:40+0100: GTP ready, beginning main protocol loop
2026-07-17 03:36:40+0100: Controller: boardsize 13
2026-07-17 03:36:40+0100: GPU -1 finishing, processed 0 rows 0 batches
2026-07-17 03:36:41+0100: Cleaned up old neural net and bot
2026-07-17 03:36:41+0100: nnRandSeed0 = 8106981128235251045
2026-07-17 03:36:41+0100: After dedups: nnModelFile0 = /Users/mettamazza/.katago/default_model.bin.gz useFP16 auto useNHWC auto
2026-07-17 03:36:41+0100: Initializing neural net buffer to be size 13 * 13 exactly
2026-07-17 03:36:41+0100: Loaded neural net with nnXLen 13 nnYLen 13
2026-07-17 03:36:41+0100: Initializing board with boardXSize 13 boardYSize 13
2026-07-17 03:36:41+0100: = 
2026-07-17 03:36:41+0100: Controller: clear_board
2026-07-17 03:36:41+0100: = 
2026-07-17 03:36:41+0100: Controller: genmove B
2026-07-17 03:36:46+0100: MoveNum: 0 HASH: 6D7B9BD0653F4FE761D8EA5338E563E0
   A B C D E F G H J K L M N
13 . . . . . . . . . . . . .
12 . . . . . . . . . . . . .
11 . . . . . . . . . . . . .
10 . . . . . . . . . @ . . .
 9 . . . . . . . . . . . . .
 8 . . . . . . . . . . . . .
 7 . . . . . . . . . . . . .
 6 . . . . . . . . . . . . .
 5 . . . . . . . . . . . . .
 4 . . . . . . . . . . . . .
 3 . . . . . . . . . . . . .
 2 . . . . . . . . . . . . .
 1 . . . . . . . . . . . . .

koPOSITIONALscoreAREAtaxNONEsui1komi7.5
Time taken: 5.23939
Root visits: 504
New playouts: 504
NN rows: 466
NN batches: 157
NN avg batch size: 2.96815
PV: K10 D4 L4 D11 H3 C9 D8 D9 F4 K4 K5 L3 K3 J4
Tree:
: T -44.61c W -44.64c S  -0.12c ( -1.6 L  -0.9) N     504  --  K10 D4 L4 D11 H3 C9 D8
---Black(^)---
K10 : T -44.03c W -44.16c S  -0.08c ( -1.6 L  -0.8) LCB  -44.87c P 21.72% WF 1060.3 PSV    1057 N     465  --  K10 D4 L4 D11 H3 C9 D8 D9
L10 : T -48.91c W -47.70c S  -0.27c ( -1.7 L  -0.7) LCB  -52.98c P  1.04% WF  39.2 PSV       2 N      16  --  L10 K4 D10 C4 E4 H3
L11 : T -53.40c W -52.54c S  -0.83c ( -2.1 L  -0.9) LCB  -64.54c P  0.22% WF  18.2 PSV       0 N       8  --  L11 K4 D10 C4
L9  : T -55.77c W -53.63c S  -0.88c ( -2.1 L  -1.2) LCB  -71.37c P  0.09% WF  11.1 PSV       0 N       7  --  L9 K4 D10 D3 C5
L8  : T -57.52c W -56.07c S  -1.44c ( -2.5 L  -1.6) LCB -101.37c P  0.03% WF   4.8 PSV       0 N       4  --  L8 K3
K9  : T -62.03c W -60.44c S  -1.59c ( -2.6 L  -1.4) LCB -412.03c P  0.09% WF   2.0 PSV       0 N       1  --  K9
K8  : T -65.52c W -63.26c S  -2.26c ( -3.0 L  -1.7) LCB -415.52c P  0.02% WF   1.8 PSV       0 N       1  --  K8

2026-07-17 03:36:46+0100: = K10
2026-07-17 03:36:47+0100: Controller: play W K11
2026-07-17 03:36:47+0100: = 
2026-07-17 03:36:47+0100: Controller: genmove B
2026-07-17 03:36:51+0100: MoveNum: 2 HASH: 10E73DCB84C328750882F5DFC478E529
   A B C D E F G H J K L M N
13 . . . . . . . . . . . . .
12 . . . . . . . . . . . . .
11 . . . . . . . . . O2@ . .
10 . . . . . . . . . X1. . .
 9 . . . . . . . . . . . . .
 8 . . . . . . . . . . . . .
 7 . . . . . . . . . . . . .
 6 . . . . . . . . . . . . .
 5 . . . . . . . . . . . . .
 4 . . . . . . . . . . . . .
 3 . . . . . . . . . . . . .
 2 . . . . . . . . . . . . .
 1 . . . . . . . . . . . . .

koPOSITIONALscoreAREAtaxNONEsui1komi7.5
Time taken: 3.86147
Root visits: 505
New playouts: 505
NN rows: 490
NN batches: 165
NN avg batch size: 2.9697
PV: L11 J11 L10 D10 K3 D4 G10 G11 C10 F10 H10 J10 J9 H11 D11 H9
Tree:
: T -26.00c W -24.42c S  -0.96c ( -0.7 L  -0.4) N     505  --  L11 J11 L10 D10 K3 D4 G10
---Black(^)---
L11 : T -25.48c W -23.91c S  -0.93c ( -0.7 L  -0.4) LCB  -28.09c P 87.69% WF 770.3 PSV     769 N     490  --  L11 J11 L10 D10 K3 D4 G10 G11
J11 : T -44.67c W -42.82c S  -1.85c ( -1.3 L  -0.8) LCB -394.67c P  2.76% WF   1.8 PSV       2 N       1  --  J11
K3  : T -37.76c W -36.48c S  -1.77c ( -1.3 L  -0.7) LCB -186.75c P  1.09% WF   3.9 PSV       1 N       2  --  K3 L11
D4  : T -42.61c W -40.92c S  -1.69c ( -1.2 L  -0.7) LCB -392.61c P  1.18% WF   2.2 PSV       1 N       1  --  D4
L10 : T -44.39c W -42.39c S  -2.00c ( -1.4 L  -0.7) LCB -394.39c P  1.06% WF   1.7 PSV       0 N       1  --  L10
K4  : T -46.21c W -43.98c S  -2.23c ( -1.5 L  -1.0) LCB -396.21c P  1.00% WF   2.0 PSV       0 N       1  --  K4
D10 : T -46.70c W -44.44c S  -2.26c ( -1.5 L  -0.9) LCB -396.70c P  0.79% WF   2.0 PSV       0 N       1  --  D10
J10 : T -47.23c W -44.88c S  -2.35c ( -1.6 L  -0.8) LCB -397.23c P  0.76% WF   1.7 PSV       0 N       1  --  J10
C4  : T -40.08c W -38.20c S  -1.88c ( -1.3 L  -0.7) LCB -390.08c P  0.71% WF   1.9 PSV       0 N       1  --  C4
C10 : T -45.38c W -43.23c S  -2.15c ( -1.5 L  -0.9) LCB -395.38c P  0.64% WF   1.9 PSV       0 N       1  --  C10

2026-07-17 03:36:51+0100: = L11
2026-07-17 03:36:59+0100: Controller: play W M11
2026-07-17 03:36:59+0100: = 
2026-07-17 03:36:59+0100: Controller: genmove B
2026-07-17 03:37:04+0100: MoveNum: 4 HASH: 0E03C0C9E64915CEA4CD64382B9A8CDB
   A B C D E F G H J K L M N
13 . . . . . . . . . . . . .
12 . . . . . . . . . . . . .
11 . . . . . . . . . O1X2O3.
10 . . . . . . . . . X @ . .
 9 . . . . . . . . . . . . .
 8 . . . . . . . . . . . . .
 7 . . . . . . . . . . . . .
 6 . . . . . . . . . . . . .
 5 . . . . . . . . . . . . .
 4 . . . . . . . . . . . . .
 3 . . . . . . . . . . . . .
 2 . . . . . . . . . . . . .
 1 . . . . . . . . . . . . .

koPOSITIONALscoreAREAtaxNONEsui1komi7.5
Time taken: 4.35004
Root visits: 505
New playouts: 505
NN rows: 482
NN batches: 162
NN avg batch size: 2.97531
PV: L10 K4 D11 D4 D9 L8 L3 K3 L4 L6 M6
Tree:
: T  92.79c W  90.67c S   2.23c ( +6.7 L  +5.2) N     505  --  L10 K4 D11 D4 D9 L8 L3
---Black(^)---
L10 : T  94.59c W  92.23c S   2.63c ( +6.9 L  +5.5) LCB   93.65c P 12.27% WF 451.6 PSV    1186 N     278  --  L10 K4 D11 D4 D9 L8 L3 K3
J11 : T  90.39c W  88.61c S   1.64c ( +6.3 L  +4.8) LCB   87.42c P 87.50% WF 275.5 PSV     249 N     203  --  J11 K12 L10 K4 C10 L12 M10 D10
K12 : T  81.10c W  81.94c S  -0.85c ( +4.6 L  +2.8) LCB -268.90c P  0.04% WF   0.8 PSV       0 N       1  --  K12
M10 : T  61.61c W  64.89c S  -3.28c ( +2.9 L  +1.5) LCB -288.39c P  0.03% WF   0.4 PSV       0 N       1  --  M10
L12 : T  58.03c W  61.73c S  -3.70c ( +2.7 L  +1.6) LCB -291.97c P  0.03% WF   0.4 PSV       0 N       1  --  L12
L9  : T -66.03c W -54.83c S -11.21c ( -2.4 L  -2.2) LCB -416.03c P  0.01% WF   0.1 PSV       0 N       1  --  L9
J10 : T   9.51c W  16.39c S  -6.88c ( +0.5 L  +0.3) LCB -340.49c P  0.01% WF   0.1 PSV       0 N       1  --  J10
D4  : T -26.16c W -17.93c S  -8.22c ( -0.4 L  -0.4) LCB -376.16c P  0.00% WF   0.1 PSV       0 N       1  --  D4
D3  : T -22.07c W -14.07c S  -8.00c ( -0.3 L  -0.4) LCB -372.07c P  0.00% WF   0.1 PSV       0 N       1  --  D3
C4  : T -25.08c W -16.78c S  -8.30c ( -0.5 L  -0.5) LCB -375.08c P  0.00% WF   0.1 PSV       0 N       1  --  C4

2026-07-17 03:37:04+0100: = L10
2026-07-17 03:37:10+0100: Controller: play W K12
2026-07-17 03:37:10+0100: = 
2026-07-17 03:37:10+0100: Controller: genmove B
2026-07-17 03:37:15+0100: MoveNum: 6 HASH: 4FB4481232320BDEC7CEAA6F7CAD1BF5
   A B C D E F G H J K L M N
13 . . . . . . . . . . . . .
12 . . . . . . . . . O3@ . .
11 . . . . . . . . . O X O1.
10 . . . . . . . . . X X2. .
 9 . . . . . . . . . . . . .
 8 . . . . . . . . . . . . .
 7 . . . . . . . . . . . . .
 6 . . . . . . . . . . . . .
 5 . . . . . . . . . . . . .
 4 . . . . . . . . . . . . .
 3 . . . . . . . . . . . . .
 2 . . . . . . . . . . . . .
 1 . . . . . . . . . . . . .

koPOSITIONALscoreAREAtaxNONEsui1komi7.5
Time taken: 4.72101
Root visits: 505
New playouts: 505
NN rows: 491
NN batches: 165
NN avg batch size: 2.97576
PV: L12 L4 D11 D4 L6 J4 D9 H11 H9
Tree:
: T 103.03c W  97.48c S   5.56c ( +9.1 L  +7.9) N     505  --  L12 L4 D11 D4 L6 J4 D9
---Black(^)---
L12 : T 103.62c W  97.80c S   5.82c ( +9.2 L  +8.1) LCB  103.34c P 71.64% WF 1025.5 PSV    1022 N     414  --  L12 L4 D11 D4 L6 J4 D9 H11
K3  : T 100.45c W  96.06c S   4.38c ( +8.3 L  +6.9) LCB   98.90c P  5.33% WF  61.7 PSV      16 N      31  --  K3 L12 M10 D4 G10 D10 M12
L4  : T  99.53c W  95.45c S   3.99c ( +8.0 L  +6.5) LCB   97.46c P  4.54% WF  40.4 PSV      11 N      22  --  L4 L12 M10 D4 C10 J3
K4  : T  98.19c W  94.86c S   3.66c ( +7.8 L  +6.4) LCB   89.04c P  2.68% WF  16.1 PSV       5 N       9  --  K4 L12 M10 D4
L3  : T  98.36c W  95.01c S   3.55c ( +7.8 L  +6.4) LCB   90.72c P  2.14% WF  18.2 PSV       4 N      10  --  L3 L12 M10 D4 C10
D4  : T  99.98c W  95.74c S   4.33c ( +8.3 L  +6.8) LCB   80.63c P  1.27% WF   7.8 PSV       3 N       4  --  D4 L12 K3 M10 D11
D11 : T  99.51c W  96.15c S   3.98c ( +8.0 L  +6.5) LCB   23.88c P  1.24% WF   5.9 PSV       3 N       3  --  D11 L12 K4
D10 : T  98.13c W  95.02c S   3.43c ( +7.7 L  +6.3) LCB   78.10c P  1.30% WF  10.9 PSV       2 N       6  --  D10 L12 K4 C4
C4  : T  99.53c W  95.72c S   4.02c ( +8.1 L  +6.6) LCB  -52.27c P  1.18% WF   3.9 PSV       2 N       2  --  C4 L12
D3  : T  99.64c W  95.87c S   4.08c ( +8.1 L  +6.7) LCB  -51.73c P  1.04% WF   4.0 PSV       2 N       2  --  D3 L12

2026-07-17 03:37:15+0100: = L12
2026-07-17 03:37:17+0100: Controller: play W J11
2026-07-17 03:37:17+0100: = 
2026-07-17 03:37:17+0100: Controller: genmove B
2026-07-17 03:37:21+0100: MoveNum: 8 HASH: 26943CEA2C60EF6F53D740DFCB4A53C0
   A B C D E F G H J K L M N
13 . . . . . . . . . . . . .
12 . . . . . . . . . O1X2. .
11 . . . . @ . . . O3O X O .
10 . . . . . . . . . X X . .
 9 . . . . . . . . . . . . .
 8 . . . . . . . . . . . . .
 7 . . . . . . . . . . . . .
 6 . . . . . . . . . . . . .
 5 . . . . . . . . . . . . .
 4 . . . . . . . . . . . . .
 3 . . . . . . . . . . . . .
 2 . . . . . . . . . . . . .
 1 . . . . . . . . . . . . .

koPOSITIONALscoreAREAtaxNONEsui1komi7.5
Time taken: 3.82501
Root visits: 505
New playouts: 505
NN rows: 476
NN batches: 160
NN avg batch size: 2.975
PV: E11 K4 D4 L8 K8 K7 J8 L7
Tree:
: T 105.10c W  99.31c S   5.80c (+13.4 L +12.4) N     505  --  E11 K4 D4 L8 K8 K7 J8
---Black(^)---
E11 : T 105.75c W  99.39c S   6.40c (+13.8 L +12.9) LCB  105.34c P 24.01% WF 506.1 PSV     503 N     130  --  E11 K4 D4 L8 K8 K7 J8 L7
F11 : T 104.79c W  99.28c S   5.54c (+13.2 L +12.2) LCB  104.07c P 11.35% WF 233.6 PSV     103 N      67  --  F11 D11 K4 J10 D10 C10
L4  : T 105.05c W  99.35c S   5.69c (+13.3 L +12.3) LCB  104.58c P  6.36% WF 193.4 PSV      68 N      56  --  L4 D10 G11 H10 E11
K4  : T 105.15c W  99.32c S   5.81c (+13.5 L +12.3) LCB  104.62c P  4.24% WF 164.8 PSV      49 N      48  --  K4 J10 D11 K8 L8
D11 : T 104.68c W  99.31c S   5.37c (+13.1 L +12.0) LCB  103.33c P  5.66% WF  99.8 PSV      48 N      27  --  D11 F11 L4 H9 D9
D10 : T 105.28c W  99.33c S   5.92c (+13.5 L +12.4) LCB  104.68c P  2.67% WF 163.4 PSV      34 N      43  --  D10 F11 L4 H9 E11
K3  : T 104.76c W  99.27c S   5.44c (+13.2 L +12.2) LCB  102.23c P  3.01% WF  60.4 PSV      26 N      17  --  K3 D10 F11
D4  : T 105.30c W  99.34c S   6.00c (+13.6 L +12.4) LCB  104.65c P  1.85% WF 142.5 PSV      23 N      39  --  D4 D10 F11 J10
G11 : T 104.14c W  99.11c S   5.12c (+12.9 L +11.8) LCB   92.77c P  2.89% WF  30.6 PSV      19 N       8  --  G11 K4 D11 D4
C4  : T 105.00c W  99.22c S   5.79c (+13.4 L +12.3) LCB  100.69c P  1.55% WF  46.6 PSV      16 N      13  --  C4 D10 F11

2026-07-17 03:37:21+0100: = E11
2026-07-17 03:37:25+0100: Controller: play W D11
2026-07-17 03:37:25+0100: = 
2026-07-17 03:37:25+0100: Controller: genmove B
2026-07-17 03:37:28+0100: MoveNum: 10 HASH: F300F317175724792D98E8C3DF82550A
   A B C D E F G H J K L M N
13 . . . . . . . . . . . . .
12 . . . . . . . . . O X . .
11 . . . O3X2. . . O1O X O .
10 . . . . @ . . . . X X . .
 9 . . . . . . . . . . . . .
 8 . . . . . . . . . . . . .
 7 . . . . . . . . . . . . .
 6 . . . . . . . . . . . . .
 5 . . . . . . . . . . . . .
 4 . . . . . . . . . . . . .
 3 . . . . . . . . . . . . .
 2 . . . . . . . . . . . . .
 1 . . . . . . . . . . . . .

koPOSITIONALscoreAREAtaxNONEsui1komi7.5
Time taken: 3.8192
Root visits: 505
New playouts: 505
NN rows: 493
NN batches: 165
NN avg batch size: 2.98788
PV: E10 D10 D9 E9 E12 F9 C9 J10
Tree:
: T 105.88c W  99.49c S   6.40c (+15.5 L +14.6) N     505  --  E10 D10 D9 E9 E12 F9 C9
---Black(^)---
E10 : T 106.11c W  99.46c S   6.58c (+15.7 L +14.9) LCB  105.48c P 28.25% WF 636.2 PSV    1267 N     173  --  E10 D10 D9 E9 E12 F9 C9 J10
D10 : T 106.09c W  99.53c S   6.60c (+15.6 L +14.7) LCB  105.41c P 58.42% WF 1070.6 PSV    1069 N     283  --  D10 E12 D12 C11 F12 E10 F11 C12
D12 : T 104.11c W  99.41c S   4.65c (+14.3 L +13.3) LCB  101.27c P  1.49% WF  60.7 PSV       8 N      18  --  D12 E10 F10 D10 E12
E12 : T 104.06c W  99.39c S   4.67c (+14.3 L +13.4) LCB  102.01c P  0.40% WF  66.9 PSV       2 N      21  --  E12 D10 E10 D9 E9 D8 E8
L4  : T  99.71c W  98.96c S   1.01c (+11.7 L +10.6) LCB   70.69c P  0.46% WF  12.5 PSV       1 N       5  --  L4 E10 F11 F10 G11
K4  : T 100.04c W  99.00c S   1.02c (+11.7 L +10.6) LCB   54.92c P  0.46% WF   9.9 PSV       1 N       4  --  K4 E10 F11 F10

2026-07-17 03:37:28+0100: = E10
2026-07-17 03:37:33+0100: Controller: play W F11
2026-07-17 03:37:33+0100: = 
2026-07-17 03:37:33+0100: Controller: genmove B
2026-07-17 03:37:36+0100: MoveNum: 12 HASH: 4F39916F8E4B729D411CDB0A4E8C1635
   A B C D E F G H J K L M N
13 . . . . . . . . . . . . .
12 . . . . . @ . . . O X . .
11 . . . O1X O3. . O O X O .
10 . . . . X2. . . . X X . .
 9 . . . . . . . . . . . . .
 8 . . . . . . . . . . . . .
 7 . . . . . . . . . . . . .
 6 . . . . . . . . . . . . .
 5 . . . . . . . . . . . . .
 4 . . . . . . . . . . . . .
 3 . . . . . . . . . . . . .
 2 . . . . . . . . . . . . .
 1 . . . . . . . . . . . . .

koPOSITIONALscoreAREAtaxNONEsui1komi7.5
Time taken: 2.86028
Root visits: 356
New playouts: 356
NN rows: 345
NN batches: 117
NN avg batch size: 2.94872
PV: F12 L4 D12 D4 L6 L8
Tree:
: T 108.23c W  99.72c S   8.40c (+20.1 L +19.2) N     356  --  F12 L4 D12 D4 L6 L8
---Black(^)---
F12 : T 108.71c W  99.74c S   8.85c (+20.4 L +19.5) LCB  108.21c P 55.15% WF 1005.8 PSV    1001 N     221  --  F12 L4 D12 D4 L6 L8
E12 : T 108.13c W  99.68c S   8.32c (+20.1 L +19.2) LCB  107.46c P 18.37% WF 338.2 PSV     194 N      73  --  E12 H9 K7 C9 D8 C8
D12 : T 105.21c W  99.63c S   5.71c (+18.1 L +17.2) LCB  101.11c P 12.15% WF  57.7 PSV      41 N      14  --  D12 F12 E12 G9 J10
F10 : T 106.99c W  99.69c S   7.18c (+19.2 L +18.2) LCB  105.43c P  4.91% WF 106.5 PSV      28 N      25  --  F10 K4 C9 D4
D10 : T 106.96c W  99.63c S   7.26c (+19.2 L +18.2) LCB  104.73c P  1.88% WF  80.9 PSV      10 N      19  --  D10 E12 D12 F12 C11 C4
G11 : T 100.77c W  99.52c S   1.62c (+15.3 L +14.3) LCB  -52.62c P  0.43% WF   6.8 PSV       0 N       2  --  G11 F12

2026-07-17 03:37:36+0100: = F12
2026-07-17 03:37:47+0100: Controller: play W G12
2026-07-17 03:37:47+0100: = 
2026-07-17 03:37:47+0100: Controller: genmove B
2026-07-17 03:37:49+0100: MoveNum: 14 HASH: DBC0DAF67C6DA1360E78A060B6088D3A
   A B C D E F G H J K L M N
13 . . . . . . . . . . . . .
12 . . . @ . X2O3. . O X . .
11 . . . O X O1. . O O X O .
10 . . . . X . . . . X X . .
 9 . . . . . . . . . . . . .
 8 . . . . . . . . . . . . .
 7 . . . . . . . . . . . . .
 6 . . . . . . . . . . . . .
 5 . . . . . . . . . . . . .
 4 . . . . . . . . . . . . .
 3 . . . . . . . . . . . . .
 2 . . . . . . . . . . . . .
 1 . . . . . . . . . . . . .

koPOSITIONALscoreAREAtaxNONEsui1komi7.5
Time taken: 2.16594
Root visits: 247
New playouts: 247
NN rows: 243
NN batches: 82
NN avg batch size: 2.96341
PV: D12 H9 K7 F10 E9 D4 K3 C6
Tree:
: T 108.14c W  99.78c S   8.42c (+22.8 L +21.9) N     247  --  D12 H9 K7 F10 E9 D4 K3
---Black(^)---
D12 : T 108.55c W  99.80c S   8.88c (+23.2 L +22.2) LCB  107.61c P 60.87% WF 653.7 PSV     652 N     147  --  D12 H9 K7 F10 E9 D4 K3 C6
F10 : T 108.22c W  99.77c S   8.40c (+22.8 L +22.0) LCB  106.89c P 30.15% WF 353.4 PSV     251 N      78  --  F10 M12 L13 L8 D12 C4
G11 : T 103.77c W  99.77c S   4.50c (+19.9 L +19.3) LCB   83.77c P  5.70% WF  18.8 PSV      11 N       6  --  G11 F10 G10 F9 D12
E12 : T 105.65c W  99.66c S   6.12c (+21.1 L +20.2) LCB   99.32c P  0.94% WF  44.1 PSV       2 N      11  --  E12 H9 K7 C9
D10 : T  91.86c W  99.33c S  -7.47c (+11.3 L +10.4) LCB -258.14c P  0.06% WF   1.9 PSV       0 N       1  --  D10
L3  : T  93.52c W  99.50c S  -5.98c (+12.3 L +11.5) LCB -256.48c P  0.06% WF   2.0 PSV       0 N       1  --  L3
E13 : T  93.79c W  99.37c S  -5.58c (+12.7 L +11.9) LCB -256.21c P  0.06% WF   1.9 PSV       0 N       1  --  E13
C4  : T  94.71c W  99.61c S  -4.90c (+13.1 L +12.2) LCB -255.29c P  0.06% WF   2.0 PSV       0 N       1  --  C4

2026-07-17 03:37:49+0100: = D12
2026-07-17 03:38:26+0100: Controller: play W F13
2026-07-17 03:38:26+0100: = 
2026-07-17 03:38:26+0100: Controller: genmove B
2026-07-17 03:38:29+0100: MoveNum: 16 HASH: C684B04D05FC5C839491335512ED4473
   A B C D E F G H J K L M N
13 . . . . . O3. . . . . . .
12 . . . X2@ X O1. . O X . .
11 . . . O X O . . O O X O .
10 . . . . X . . . . X X . .
 9 . . . . . . . . . . . . .
 8 . . . . . . . . . . . . .
 7 . . . . . . . . . . . . .
 6 . . . . . . . . . . . . .
 5 . . . . . . . . . . . . .
 4 . . . . . . . . . . . . .
 3 . . . . . . . . . . . . .
 2 . . . . . . . . . . . . .
 1 . . . . . . . . . . . . .

koPOSITIONALscoreAREAtaxNONEsui1komi7.5
Time taken: 2.65742
Root visits: 236
New playouts: 233
NN rows: 232
NN batches: 78
NN avg batch size: 2.97436
PV: E12 H9 K7 D4 K3 F10
Tree:
: T 109.89c W  99.86c S  10.05c (+24.2 L +23.3) N     236  --  E12 H9 K7 D4 K3 F10
---Black(^)---
E12 : T 110.13c W  99.86c S  10.30c (+24.3 L +23.4) LCB  109.66c P 97.28% WF 1103.9 PSV    1103 N     228  --  E12 H9 K7 D4 K3 F10
C11 : T  93.83c W  99.56c S  -5.73c (+12.7 L +11.7) LCB -256.17c P  0.14% WF   3.2 PSV       0 N       1  --  C11
D10 : T  91.01c W  99.27c S  -8.26c (+10.8 L  +9.6) LCB -258.99c P  0.09% WF   2.3 PSV       0 N       1  --  D10
L3  : T  93.96c W  99.55c S  -5.58c (+12.7 L +11.5) LCB -256.04c P  0.08% WF   2.2 PSV       0 N       1  --  L3
K3  : T  94.69c W  99.62c S  -4.93c (+13.2 L +12.2) LCB -255.31c P  0.08% WF   2.3 PSV       0 N       1  --  K3
L4  : T  95.56c W  99.68c S  -4.11c (+13.8 L +12.7) LCB -254.44c P  0.08% WF   2.3 PSV       0 N       1  --  L4
C4  : T  95.76c W  99.65c S  -3.89c (+14.0 L +12.9) LCB -254.24c P  0.08% WF   2.3 PSV       0 N       1  --  C4
D3  : T  95.19c W  99.66c S  -4.48c (+13.5 L +12.4) LCB -254.81c P  0.07% WF   2.2 PSV       0 N       1  --  D3

2026-07-17 03:38:29+0100: = E12
2026-07-17 03:38:42+0100: Controller: play W C12
2026-07-17 03:38:42+0100: = 
2026-07-17 03:38:42+0100: Controller: genmove B
2026-07-17 03:38:44+0100: MoveNum: 18 HASH: A17AD82439D16DDBF79182EB19BE9592
   A B C D E F G H J K L M N
13 . . . . . O1. . . . . . .
12 . . O3X X2X O . . O X . .
11 . . . O X O . . O O X O .
10 . . . . X . . . . X X . .
 9 . . . . . . . @ . . . . .
 8 . . . . . . . . . . . . .
 7 . . . . . . . . . . . . .
 6 . . . . . . . . . . . . .
 5 . . . . . . . . . . . . .
 4 . . . . . . . . . . . . .
 3 . . . . . . . . . . . . .
 2 . . . . . . . . . . . . .
 1 . . . . . . . . . . . . .

koPOSITIONALscoreAREAtaxNONEsui1komi7.5
Time taken: 2.49893
Root visits: 221
New playouts: 221
NN rows: 219
NN batches: 75
NN avg batch size: 2.92
PV: H9 K4 C9 B9 C8 F10
Tree:
: T 112.21c W  99.92c S  12.34c (+29.0 L +28.3) N     221  --  H9 K4 C9 B9 C8 F10
---Black(^)---
H9  : T 113.00c W  99.92c S  13.09c (+29.5 L +28.9) LCB  112.44c P 49.30% WF 688.7 PSV     684 N     126  --  H9 K4 C9 B9 C8 F10
C9  : T 110.68c W  99.93c S  10.96c (+27.9 L +27.1) LCB  103.89c P  4.76% WF  52.1 PSV      18 N      11  --  C9 H9 K7 F10
K4  : T 111.11c W  99.91c S  11.39c (+28.3 L +27.4) LCB  106.47c P  3.58% WF  69.5 PSV      15 N      14  --  K4 H9 K7 F10
F10 : T 111.46c W  99.90c S  11.72c (+28.6 L +27.8) LCB  107.21c P  1.46% WF  70.9 PSV       7 N      14  --  F10 C9 K4
K7  : T 111.19c W  99.90c S  11.44c (+28.4 L +27.5) LCB   98.78c P  1.56% WF  39.2 PSV       7 N       8  --  K7 F10 F9
D4  : T 111.39c W  99.91c S  11.67c (+28.5 L +27.5) LCB   96.48c P  1.38% WF  36.5 PSV       6 N       7  --  D4 H9 K7 F10
K3  : T 111.49c W  99.92c S  11.61c (+28.5 L +27.6) LCB   96.46c P  1.30% WF  36.8 PSV       6 N       7  --  K3 H9 K7
C4  : T 111.46c W  99.91c S  11.50c (+28.4 L +27.5) LCB   96.41c P  1.09% WF  36.3 PSV       5 N       7  --  C4 H9 K7 C9
L4  : T 110.81c W  99.92c S  10.89c (+27.8 L +26.9) LCB   66.38c P  1.26% WF  20.2 PSV       5 N       4  --  L4 H9 K7
J10 : T 110.22c W  99.88c S  10.31c (+27.2 L +26.6) LCB   33.69c P  1.61% WF  15.0 PSV       5 N       3  --  J10 H10

2026-07-17 03:38:44+0100: = H9
2026-07-17 03:39:17+0100: Controller: play W J9
2026-07-17 03:39:17+0100: = 
2026-07-17 03:39:17+0100: Controller: genmove B
2026-07-17 03:39:19+0100: MoveNum: 20 HASH: C0B5F661F0D6267E4A0A71555E48F293
   A B C D E F G H J K L M N
13 . . . . . O . . . . . . .
12 . . O1X X X O . . O X . .
11 . . . O X O . . O O X O .
10 . . . . X . . . @ X X . .
 9 . . . . . . . X2O3. . . .
 8 . . . . . . . . . . . . .
 7 . . . . . . . . . . . . .
 6 . . . . . . . . . . . . .
 5 . . . . . . . . . . . . .
 4 . . . . . . . . . . . . .
 3 . . . . . . . . . . . . .
 2 . . . . . . . . . . . . .
 1 . . . . . . . . . . . . .

koPOSITIONALscoreAREAtaxNONEsui1komi7.5
Time taken: 1.86701
Root visits: 218
New playouts: 218
NN rows: 217
NN batches: 73
NN avg batch size: 2.9726
PV: J10 K4 C9 B9 C8 B8 C7 C10
Tree:
: T 112.14c W  99.96c S  12.12c (+32.5 L +31.8) N     218  --  J10 K4 C9 B9 C8 B8 C7
---Black(^)---
J10 : T 112.57c W  99.97c S  12.55c (+32.8 L +32.1) LCB  111.98c P 92.41% WF 1039.6 PSV    1037 N     194  --  J10 K4 C9 B9 C8 B8 C7 C10
K8  : T 107.83c W  99.91c S   7.95c (+29.4 L +28.7) LCB  100.14c P  0.54% WF  33.7 PSV       1 N      10  --  K8 F10 F9 H10
J8  : T 107.38c W  99.90c S   7.49c (+29.0 L +28.3) LCB   86.88c P  0.68% WF  23.2 PSV       1 N       6  --  J8 G9 J10
H8  : T 103.32c W  99.89c S   4.00c (+26.4 L +25.7) LCB   25.76c P  0.25% WF   8.2 PSV       0 N       3  --  H8 J10 K8
K7  : T 100.12c W  99.89c S   2.11c (+24.9 L +24.1) LCB   22.59c P  0.22% WF   7.6 PSV       0 N       3  --  K7 J10 H8
L8  : T 102.79c W 100.00c S   2.79c (+25.4 L +25.1) LCB -247.21c P  0.23% WF   3.5 PSV       0 N       1  --  L8

2026-07-17 03:39:19+0100: = J10
2026-07-17 03:40:15+0100: Controller: play W G9
2026-07-17 03:40:15+0100: = 
2026-07-17 03:40:15+0100: Controller: genmove B
2026-07-17 03:40:16+0100: MoveNum: 22 HASH: 570F9AD71A954D02374AD7264232E5DB
   A B C D E F G H J K L M N
13 . . . . . O . . . . . . .
12 . . O X X X O . . O X . .
11 . . . O X O . . O O X O .
10 . . . . X . . . X2X X . .
 9 . . . . . . O3X O1. . . .
 8 . . . . . . . @ . . . . .
 7 . . . . . . . . . . . . .
 6 . . . . . . . . . . . . .
 5 . . . . . . . . . . . . .
 4 . . . . . . . . . . . . .
 3 . . . . . . . . . . . . .
 2 . . . . . . . . . . . . .
 1 . . . . . . . . . . . . .

koPOSITIONALscoreAREAtaxNONEsui1komi7.5
Time taken: 1.77672
Root visits: 212
New playouts: 191
NN rows: 182
NN batches: 62
NN avg batch size: 2.93548
PV: H8 L4 C9 E9 D10
Tree:
: T 113.07c W  99.96c S  13.06c (+33.3 L +32.7) N     212  --  H8 L4 C9 E9 D10
---Black(^)---
H8  : T 113.82c W  99.95c S  13.82c (+34.2 L +33.6) LCB  112.50c P 32.34% WF 631.0 PSV     626 N     122  --  H8 L4 C9 E9 D10
H10 : T 112.22c W  99.97c S  12.20c (+32.4 L +31.8) LCB  111.00c P 31.23% WF 255.2 PSV     173 N      48  --  H10 K4 C9 C8 D8 B9 C7
G10 : T 111.99c W  99.97c S  11.86c (+31.9 L +31.3) LCB  110.31c P 22.71% WF 200.4 PSV     114 N      38  --  G10 H8 H10 K4 D4 C9 C7
G8  : T 109.76c W  99.94c S  10.72c (+31.5 L +31.2) LCB  -39.32c P  1.64% WF   8.4 PSV       4 N       2  --  G8 H10
F9  : T 108.84c W 100.00c S   8.84c (+30.0 L +29.6) LCB -241.16c P  0.86% WF   3.1 PSV       1 N       1  --  F9

2026-07-17 03:40:16+0100: = H8
2026-07-17 03:41:03+0100: Controller: play W F10
2026-07-17 03:41:03+0100: = 
2026-07-17 03:41:03+0100: Controller: genmove B
2026-07-17 03:41:05+0100: MoveNum: 24 HASH: DAF917DDDB5C2897D23780ACD00F01EE
   A B C D E F G H J K L M N
13 . . . . . O . . . . . . .
12 . . O X X X O . . O X . .
11 . . . O X O . . O O X O .
10 . . . . X O3. @ X X X . .
 9 . . . . . . O1X O . . . .
 8 . . . . . . . X2. . . . .
 7 . . . . . . . . . . . . .
 6 . . . . . . . . . . . . .
 5 . . . . . . . . . . . . .
 4 . . . . . . . . . . . . .
 3 . . . . . . . . . . . . .
 2 . . . . . . . . . . . . .
 1 . . . . . . . . . . . . .

koPOSITIONALscoreAREAtaxNONEsui1komi7.5
Time taken: 1.65924
Root visits: 210
New playouts: 210
NN rows: 199
NN batches: 67
NN avg batch size: 2.97015
PV: H10 L4 C9 D4 D6
Tree:
: T 113.91c W  99.97c S  13.86c (+35.6 L +35.0) N     210  --  H10 L4 C9 D4 D6
---Black(^)---
H10 : T 114.51c W  99.96c S  14.37c (+36.0 L +35.4) LCB  113.29c P 24.43% WF 268.6 PSV     544 N      49  --  H10 L4 C9 D4 D6
E9  : T 114.63c W  99.98c S  14.49c (+36.0 L +35.6) LCB  112.94c P 37.98% WF 407.1 PSV     405 N      74  --  E9 H10 H11 G11 G10 L4 H10
E8  : T 112.54c W  99.98c S  12.66c (+34.5 L +34.2) LCB  109.90c P  8.72% WF  99.6 PSV      33 N      21  --  E8 L4 C4 H10
D10 : T 113.61c W  99.97c S  13.76c (+35.5 L +34.8) LCB  111.43c P  4.03% WF 160.0 PSV      22 N      31  --  D10 L4 C4 H10
K3  : T 113.07c W  99.95c S  13.09c (+35.3 L +34.6) LCB  109.58c P  3.93% WF  85.1 PSV      17 N      17  --  K3 E9 D10 D9 C9
H11 : T 111.94c W  99.94c S  12.02c (+34.1 L +33.4) LCB  102.40c P  5.09% WF  44.5 PSV      16 N       9  --  H11 E9 D10 D9 C9
L3  : T 111.23c W  99.91c S  10.97c (+33.4 L +32.8) LCB  -42.74c P  1.72% WF   9.0 PSV       4 N       2  --  L3 E9
D9  : T 112.24c W  99.95c S  12.71c (+34.6 L +34.1) LCB  -40.36c P  0.99% WF   9.9 PSV       3 N       2  --  D9 H10
F9  : T 107.47c W  99.93c S   8.63c (+31.5 L +31.4) LCB  -41.86c P  1.76% WF   6.5 PSV       2 N       2  --  F9 E9
L4  : T 110.32c W 100.00c S  10.32c (+32.6 L +32.4) LCB -239.68c P  0.90% WF   3.9 PSV       2 N       1  --  L4

2026-07-17 03:41:05+0100: = H10
2026-07-17 03:41:21+0100: Controller: play W E9
2026-07-17 03:41:21+0100: = 
2026-07-17 03:41:21+0100: Controller: genmove B
2026-07-17 03:41:23+0100: MoveNum: 26 HASH: 209B695C942B366332628B99ADEF059E
   A B C D E F G H J K L M N
13 . . . . . O . . . . . . .
12 . . O X X X O . . O X . .
11 . . . O X O . . O O X O .
10 . . . @ X O1. X2X X X . .
 9 . . . . O3. O X O . . . .
 8 . . . . . . . X . . . . .
 7 . . . . . . . . . . . . .
 6 . . . . . . . . . . . . .
 5 . . . . . . . . . . . . .
 4 . . . . . . . . . . . . .
 3 . . . . . . . . . . . . .
 2 . . . . . . . . . . . . .
 1 . . . . . . . . . . . . .

koPOSITIONALscoreAREAtaxNONEsui1komi7.5
Time taken: 1.73522
Root visits: 208
New playouts: 194
NN rows: 194
NN batches: 66
NN avg batch size: 2.93939
PV: D10 D9 C9 C8 B10 D7 B8 B7 F8
Tree:
: T 114.77c W  99.95c S  14.70c (+38.0 L +37.4) N     208  --  D10 D9 C9 C8 B10 D7 B8
---Black(^)---
D10 : T 114.95c W  99.96c S  14.87c (+38.1 L +37.5) LCB  114.08c P 92.58% WF 1036.9 PSV    1036 N     199  --  D10 D9 C9 C8 B10 D7 B8 B7
C11 : T 109.75c W  99.93c S   9.84c (+33.9 L +33.3) LCB   89.13c P  4.70% WF  23.3 PSV       9 N       6  --  C11 D10 B12
C10 : T 104.94c W  99.74c S   6.26c (+31.1 L +30.6) LCB  -45.25c P  0.59% WF   6.1 PSV       0 N       2  --  C10 D10

2026-07-17 03:41:23+0100: = D10
2026-07-17 03:41:42+0100: Controller: play W C10
2026-07-17 03:41:42+0100: = 
2026-07-17 03:41:42+0100: Controller: genmove B
2026-07-17 03:41:43+0100: MoveNum: 28 HASH: A271C2244CF8D67F7716DEEC569DED77
   A B C D E F G H J K L M N
13 . . . . . O . . . . . . .
12 . . O X X X O . . O X . .
11 . . . O X O . . O O X O .
10 . . O3X2X O . X X X X . .
 9 . . . @ O1. O X O . . . .
 8 . . . . . . . X . . . . .
 7 . . . . . . . . . . . . .
 6 . . . . . . . . . . . . .
 5 . . . . . . . . . . . . .
 4 . . . . . . . . . . . . .
 3 . . . . . . . . . . . . .
 2 . . . . . . . . . . . . .
 1 . . . . . . . . . . . . .

koPOSITIONALscoreAREAtaxNONEsui1komi7.5
Time taken: 1.45528
Root visits: 208
New playouts: 208
NN rows: 172
NN batches: 59
NN avg batch size: 2.91525
PV: D9 L4 C9 D4 J4 J3
Tree:
: T 116.43c W  99.98c S  16.23c (+42.0 L +41.4) N     208  --  D9 L4 C9 D4 J4 J3
---Black(^)---
D9  : T 117.27c W  99.99c S  17.12c (+42.6 L +42.0) LCB  116.49c P 93.61% WF 938.9 PSV     933 N     156  --  D9 L4 C9 D4 J4 J3
C9  : T 113.74c W  99.94c S  13.55c (+39.9 L +39.5) LCB  110.87c P  1.85% WF 160.4 PSV       5 N      42  --  C9 D9 C11 B10 B11 C8 B9 B8
C11 : T 111.07c W  99.95c S  11.04c (+37.7 L +37.4) LCB   86.48c P  1.16% WF  16.0 PSV       2 N       4  --  C11 D9 B11
L3  : T  97.82c W  99.98c S  -2.16c (+27.2 L +26.7) LCB -252.18c P  0.18% WF   2.9 PSV       0 N       1  --  L3
K3  : T  97.56c W  99.98c S  -2.43c (+26.9 L +26.4) LCB -252.44c P  0.16% WF   2.7 PSV       0 N       1  --  K3
G11 : T  97.92c W 100.00c S  -2.08c (+27.6 L +27.4) LCB -252.08c P  0.16% WF   3.1 PSV       0 N       1  --  G11
L4  : T  96.80c W  99.98c S  -3.18c (+26.4 L +25.7) LCB -253.20c P  0.14% WF   2.9 PSV       0 N       1  --  L4
K4  : T  97.42c W  99.99c S  -2.57c (+27.0 L +26.3) LCB -252.58c P  0.12% WF   2.6 PSV       0 N       1  --  K4

2026-07-17 03:41:43+0100: = D9
2026-07-17 03:42:39+0100: Controller: play W H12
2026-07-17 03:42:39+0100: = 
2026-07-17 03:42:39+0100: Controller: genmove B
2026-07-17 03:42:41+0100: MoveNum: 30 HASH: 07C7EBD4ECAC87D76112A922A38CF3AA
   A B C D E F G H J K L M N
13 . . . . . O . . . . . . .
12 . . O X X X O O3. O X . .
11 . . . O X O . . O O X O .
10 . . O1X X O . X X X X . .
 9 . . @ X2O . O X O . . . .
 8 . . . . . . . X . . . . .
 7 . . . . . . . . . . . . .
 6 . . . . . . . . . . . . .
 5 . . . . . . . . . . . . .
 4 . . . . . . . . . . . . .
 3 . . . . . . . . . . . . .
 2 . . . . . . . . . . . . .
 1 . . . . . . . . . . . . .

koPOSITIONALscoreAREAtaxNONEsui1komi7.5
Time taken: 1.97243
Root visits: 206
New playouts: 206
NN rows: 195
NN batches: 67
NN avg batch size: 2.91045
PV: C9 E7 E5 L4
Tree:
: T 118.25c W  99.99c S  18.14c (+55.1 L +54.3) N     206  --  C9 E7 E5 L4
---Black(^)---
C9  : T 118.64c W 100.00c S  18.54c (+55.5 L +54.7) LCB  118.06c P 29.78% WF 395.9 PSV     603 N      61  --  C9 E7 E5 L4
K3  : T 118.50c W  99.99c S  18.33c (+55.5 L +54.7) LCB  117.05c P 23.63% WF 271.9 PSV     272 N      42  --  K3 E7 C9 G7 G11
K4  : T 118.57c W  99.99c S  18.47c (+55.3 L +54.5) LCB  116.80c P  8.57% WF 238.6 PSV     106 N      38  --  K4 E7 C9 D4 C7
L3  : T 118.36c W  99.99c S  18.14c (+55.2 L +54.5) LCB  116.60c P  4.96% WF 218.7 PSV      51 N      34  --  L3 E7 C9 G7
D4  : T 117.08c W  99.98c S  17.19c (+54.5 L +53.7) LCB   97.66c P  2.14% WF  38.4 PSV      11 N       6  --  D4 C9
E8  : T 114.26c W 100.00c S  14.62c (+50.9 L +50.1) LCB   40.19c P  4.79% WF  17.8 PSV      11 N       3  --  E8 L4
L4  : T 117.17c W  99.98c S  17.21c (+54.3 L +53.5) LCB  106.13c P  1.94% WF  51.8 PSV      10 N       8  --  L4 E7 C9
D8  : T 116.32c W  99.99c S  16.22c (+52.7 L +51.7) LCB   41.64c P  2.72% WF  19.1 PSV      10 N       3  --  D8 K4
D3  : T 116.84c W  99.99c S  16.98c (+53.7 L +52.8) LCB  -33.00c P  1.11% WF  12.7 PSV       5 N       2  --  D3 E7
E4  : T 116.98c W 100.00c S  17.01c (+53.1 L +52.3) LCB  -32.92c P  0.83% WF  12.5 PSV       4 N       2  --  E4 K3

2026-07-17 03:42:41+0100: = C9
2026-07-17 03:42:51+0100: Controller: play W B10
2026-07-17 03:42:51+0100: = 
2026-07-17 03:42:51+0100: Controller: genmove B
2026-07-17 03:42:53+0100: MoveNum: 32 HASH: E38F0194AE3A25ACF666C090A3BC03BF
   A B C D E F G H J K L M N
13 . . . . . O . . . . . . .
12 . . O X X X O O1. O X . .
11 . . . O X O . . O O X O .
10 . O3O X X O . X X X X . .
 9 . @ X2X O . O X O . . . .
 8 . . . . . . . X . . . . .
 7 . . . . . . . . . . . . .
 6 . . . . . . . . . . . . .
 5 . . . . . . . . . . . . .
 4 . . . . . . . . . . . . .
 3 . . . . . . . . . . . . .
 2 . . . . . . . . . . . . .
 1 . . . . . . . . . . . . .

koPOSITIONALscoreAREAtaxNONEsui1komi7.5
Time taken: 2.01806
Root visits: 208
New playouts: 208
NN rows: 197
NN batches: 67
NN avg batch size: 2.9403
PV: B9 E7 E5 G7
Tree:
: T 117.20c W 100.00c S  17.07c (+60.0 L +59.2) N     208  --  B9 E7 E5 G7
---Black(^)---
B9  : T 117.62c W 100.00c S  17.52c (+60.3 L +59.5) LCB  116.74c P  5.94% WF 228.3 PSV     413 N      36  --  B9 E7 E5 G7
C7  : T 117.66c W  99.99c S  17.54c (+60.3 L +59.5) LCB  116.70c P 19.37% WF 239.4 PSV     239 N      37  --  C7 D6 D4 C6
K3  : T 117.14c W 100.00c S  17.00c (+60.3 L +59.5) LCB  115.84c P 22.68% WF 208.3 PSV     187 N      33  --  K3 C7 D7 D6 E7
D4  : T 117.94c W 100.00c S  17.62c (+60.8 L +60.0) LCB  116.72c P  6.16% WF 227.2 PSV     102 N      36  --  D4 C7 B9 E8 D8
K4  : T 117.39c W 100.00c S  17.11c (+60.1 L +59.4) LCB  115.28c P  6.46% WF 164.3 PSV      63 N      27  --  K4 C7 B9 E7 D4
L3  : T 116.49c W 100.00c S  16.56c (+59.4 L +58.7) LCB  111.04c P  4.23% WF  66.4 PSV      24 N      11  --  L3 C7 D7
L4  : T 115.85c W 100.00c S  15.95c (+58.9 L +58.1) LCB   41.67c P  1.98% WF  18.9 PSV       9 N       3  --  L4 E7
D6  : T 115.43c W 100.00c S  15.64c (+57.9 L +57.0) LCB  -34.39c P  2.32% WF  12.3 PSV       9 N       2  --  D6 K3
D7  : T 115.02c W 100.00c S  15.55c (+58.1 L +57.3) LCB  -34.62c P  2.43% WF  12.4 PSV       8 N       2  --  D7 K4
D5  : T 115.74c W  99.99c S  15.57c (+58.3 L +57.7) LCB  -34.23c P  1.94% WF  12.1 PSV       8 N       2  --  D5 C7

2026-07-17 03:42:53+0100: = B9
2026-07-17 03:43:17+0100: Controller: play W D8
2026-07-17 03:43:17+0100: = 
2026-07-17 03:43:17+0100: Controller: genmove B
2026-07-17 03:43:19+0100: MoveNum: 34 HASH: 71AB68E47793B960453D62E3452F7DC4
   A B C D E F G H J K L M N
13 . . . . . O . . . . . . .
12 . . O X X X O O . O X . .
11 . . . O X O . . O O X O .
10 . O1O X X O . X X X X . .
 9 . X2X X O . O X O . . . .
 8 . . . O3. . . X . . . . .
 7 . . . . . . . . . . . . .
 6 . . . . . . . . . . . . .
 5 . . . . . . . . . . . . .
 4 . . . . . . . . . . . . .
 3 . . . . . . . . . @ . . .
 2 . . . . . . . . . . . . .
 1 . . . . . . . . . . . . .

koPOSITIONALscoreAREAtaxNONEsui1komi7.5
Time taken: 1.49347
Root visits: 207
New playouts: 207
NN rows: 207
NN batches: 70
NN avg batch size: 2.95714
PV: K3 K4 J3 F7
Tree:
: T 116.95c W 100.00c S  16.75c (+63.1 L +62.3) N     207  --  K3 K4 J3 F7
---Black(^)---
K3  : T 117.37c W 100.00c S  17.20c (+63.8 L +63.0) LCB  116.38c P 13.75% WF 228.1 PSV     403 N      37  --  K3 K4 J3 F7
D4  : T 117.75c W 100.00c S  17.35c (+63.9 L +63.2) LCB  115.87c P  9.51% WF 212.0 PSV     211 N      34  --  D4 G8 G11 C6 K3
E8  : T 116.66c W 100.00c S  16.69c (+62.3 L +61.6) LCB  115.76c P 21.04% WF 215.8 PSV     183 N      35  --  E8 K4 D3 E7
D6  : T 116.92c W 100.00c S  16.34c (+62.6 L +62.0) LCB  114.76c P 11.67% WF 133.2 PSV     123 N      22  --  D6 E7 F8 G8
K4  : T 117.29c W 100.00c S  17.20c (+63.5 L +62.7) LCB  115.67c P  5.21% WF 183.7 PSV      78 N      30  --  K4 G8 G11 C7 C5
F7  : T 116.89c W 100.00c S  16.68c (+63.1 L +62.4) LCB  113.99c P  5.87% WF 129.8 PSV      60 N      22  --  F7 D4 K3 E8 C7
C6  : T 116.01c W  99.99c S  16.01c (+62.6 L +61.7) LCB   88.16c P  3.45% WF  31.7 PSV      21 N       5  --  C6 G8
E5  : T 115.10c W  99.99c S  15.22c (+61.9 L +61.1) LCB   40.96c P  3.25% WF  18.4 PSV      13 N       3  --  E5 G8
L3  : T 115.71c W 100.00c S  15.71c (+62.1 L +61.3) LCB   41.34c P  2.57% WF  18.8 PSV      13 N       3  --  L3 G8
D5  : T 114.32c W 100.00c S  14.48c (+60.8 L +60.0) LCB  -35.42c P  3.16% WF  11.9 PSV      10 N       2  --  D5 G8

2026-07-17 03:43:19+0100: = K3
2026-07-17 03:44:04+0100: Controller: play W K2
2026-07-17 03:44:04+0100: = 
2026-07-17 03:44:04+0100: Controller: genmove B
2026-07-17 03:44:06+0100: MoveNum: 36 HASH: 9967A928633B7ED3504FCD8F6E5C8140
   A B C D E F G H J K L M N
13 . . . . . O . . . . . . .
12 . . O X X X O O . O X . .
11 . . . O X O . . O O X O .
10 . O O X X O . X X X X . .
 9 . X X X O . O X O . . . .
 8 . . . O1. . . X . . . . .
 7 . . . . . . . . . . . . .
 6 . . . . . . . . . . . . .
 5 . . . . . . . . . . . . .
 4 . . . . . . . . . . . . .
 3 . . . . . . . . @ X2. . .
 2 . . . . . . . . . O3. . .
 1 . . . . . . . . . . . . .

koPOSITIONALscoreAREAtaxNONEsui1komi7.5
Time taken: 1.60341
Root visits: 206
New playouts: 206
NN rows: 205
NN batches: 69
NN avg batch size: 2.97101
PV: J3 F7 E8 F8 F9 M12
Tree:
: T 116.30c W 100.00c S  16.22c (+65.6 L +64.8) N     206  --  J3 F7 E8 F8 F9 M12
---Black(^)---
J3  : T 116.92c W 100.00c S  16.89c (+66.5 L +65.8) LCB  115.64c P 17.05% WF 305.0 PSV     389 N      49  --  J3 F7 E8 F8 F9 M12
L3  : T 116.91c W 100.00c S  16.86c (+66.4 L +65.6) LCB  115.57c P 26.79% WF 359.3 PSV     357 N      59  --  L3 F7 E8 F8 F9 M12
E8  : T 115.67c W 100.00c S  15.60c (+64.2 L +63.4) LCB  114.47c P 19.06% WF 217.8 PSV     112 N      36  --  E8 J3 J4 K4 L3
D6  : T 115.44c W  99.99c S  15.22c (+64.5 L +63.7) LCB  111.58c P  7.79% WF  83.8 PSV      41 N      14  --  D6 G8 G11
D4  : T 116.24c W 100.00c S  15.99c (+65.5 L +64.7) LCB  114.42c P  3.35% WF 149.2 PSV      26 N      25  --  D4 F7 E8 F8 F9
C6  : T 114.84c W 100.00c S  14.75c (+64.0 L +63.1) LCB   71.55c P  2.08% WF  24.9 PSV       8 N       4  --  C6 J3
J4  : T 115.70c W 100.00c S  15.67c (+65.2 L +64.3) LCB   87.68c P  1.27% WF  31.4 PSV       7 N       5  --  J4 G8
E5  : T 114.94c W 100.00c S  14.58c (+63.9 L +63.0) LCB  -37.31c P  1.59% WF  11.8 PSV       7 N       2  --  E5 J3
K4  : T 115.05c W 100.00c S  15.12c (+64.3 L +63.6) LCB   40.79c P  1.41% WF  18.6 PSV       6 N       3  --  K4 G8
J2  : T 114.57c W 100.00c S  15.02c (+64.2 L +63.5) LCB  -34.81c P  1.56% WF  12.1 PSV       6 N       2  --  J2 G8

2026-07-17 03:44:06+0100: = J3
2026-07-17 03:45:24+0100: Controller: play W L3
2026-07-17 03:45:24+0100: = 
2026-07-17 03:45:24+0100: Controller: genmove B
2026-07-17 03:45:26+0100: MoveNum: 38 HASH: C3CB8268518EAF66B6CC6657E4C3EFC8
   A B C D E F G H J K L M N
13 . . . . . O . . . . . . .
12 . . O X X X O O . O X . .
11 . . . O X O . . O O X O .
10 . O O X X O . X X X X . .
 9 . X X X O . O X O . . . .
 8 . . . O . . . X . . . . .
 7 . . . . . . . . . . . . .
 6 . . . . . . . . . . . . .
 5 . . . . . . . . . . . . .
 4 . . . . . . . . . . @ . .
 3 . . . . . . . . X2X O3. .
 2 . . . . . . . . . O1. . .
 1 . . . . . . . . . . . . .

koPOSITIONALscoreAREAtaxNONEsui1komi7.5
Time taken: 1.42084
Root visits: 206
New playouts: 200
NN rows: 198
NN batches: 66
NN avg batch size: 3
PV: L4 G8 G11 C7 E8 E7 F9
Tree:
: T 117.16c W 100.00c S  17.07c (+66.5 L +65.9) N     206  --  L4 G8 G11 C7 E8 E7 F9
---Black(^)---
L4  : T 117.84c W 100.00c S  17.69c (+67.2 L +66.5) LCB  117.11c P 64.41% WF 1037.6 PSV    1033 N     166  --  L4 G8 G11 C7 E8 E7 F9
D6  : T 113.03c W  99.99c S  13.30c (+62.8 L +62.1) LCB   93.20c P  7.80% WF  33.8 PSV      18 N       6  --  D6 L4 D4 G8
D4  : T 114.88c W  99.99c S  15.05c (+64.6 L +63.8) LCB  111.43c P  4.15% WF  89.8 PSV      14 N      16  --  D4 L4 F7 C6
E8  : T 113.62c W 100.00c S  13.54c (+62.3 L +61.6) LCB   84.99c P  4.25% WF  26.1 PSV      11 N       5  --  E8 E7 F8
D5  : T 113.11c W 100.00c S  13.53c (+62.6 L +61.7) LCB   37.42c P  2.43% WF  16.0 PSV       5 N       3  --  D5 L4 C6
C6  : T 113.15c W 100.00c S  13.24c (+62.4 L +61.5) LCB  -38.99c P  2.09% WF  11.2 PSV       5 N       2  --  C6 L4
J2  : T 113.11c W 100.00c S  13.41c (+62.9 L +62.2) LCB  -38.46c P  1.31% WF  11.2 PSV       3 N       2  --  J2 L4
C7  : T 111.38c W 100.00c S  11.38c (+60.5 L +59.8) LCB -238.62c P  1.28% WF   4.7 PSV       2 N       1  --  C7
E5  : T 112.88c W 100.00c S  12.88c (+61.8 L +60.9) LCB -237.12c P  1.15% WF   4.7 PSV       2 N       1  --  E5
E4  : T 112.38c W 100.00c S  12.38c (+61.5 L +60.6) LCB -237.62c P  1.05% WF   4.5 PSV       2 N       1  --  E4

2026-07-17 03:45:26+0100: = L4
2026-07-17 03:46:26+0100: Controller: play W M4
2026-07-17 03:46:26+0100: = 
2026-07-17 03:46:26+0100: Controller: genmove B
2026-07-17 03:46:27+0100: MoveNum: 40 HASH: 98F371B5950A918882C6C516E7862D26
   A B C D E F G H J K L M N
13 . . . . . O . . . . . . .
12 . . O X X X O O . O X . .
11 . . . O X O . . O O X O .
10 . O O X X O . X X X X . .
 9 . X X X O . O X O . . . .
 8 . . . O . . . X . . . . .
 7 . . . . . . . . . . . . .
 6 . . . . . . . . . . . . .
 5 . . . . . . . . . . . . .
 4 . . . . . . . . . . X2O3.
 3 . . . . . . . . X X O1@ .
 2 . . . . . . . . . O . . .
 1 . . . . . . . . . . . . .

koPOSITIONALscoreAREAtaxNONEsui1komi7.5
Time taken: 1.29955
Root visits: 206
New playouts: 182
NN rows: 169
NN batches: 57
NN avg batch size: 2.96491
PV: M3 L2 M5 F7 G3 D6
Tree:
: T 116.66c W 100.00c S  16.58c (+66.8 L +66.1) N     206  --  M3 L2 M5 F7 G3 D6
---Black(^)---
M3  : T 117.17c W 100.00c S  17.01c (+67.1 L +66.5) LCB  116.49c P 64.63% WF 922.1 PSV     919 N     154  --  M3 L2 M5 F7 G3 D6
L2  : T 115.92c W 100.00c S  16.09c (+66.6 L +65.9) LCB  114.20c P  9.42% WF 228.3 PSV      56 N      38  --  L2 M3 M2 G8
D4  : T 112.51c W 100.00c S  12.74c (+62.7 L +62.0) LCB   35.81c P  3.80% WF  14.9 PSV       8 N       3  --  D4 L5 K4
L5  : T 114.06c W 100.00c S  14.11c (+64.2 L +63.4) LCB   39.61c P  2.25% WF  17.5 PSV       7 N       3  --  L5 M2
D6  : T 110.90c W 100.00c S  10.93c (+61.0 L +60.3) LCB  -42.08c P  4.36% WF  10.2 PSV       7 N       2  --  D6 L5
E8  : T 111.49c W 100.00c S  11.33c (+61.2 L +60.4) LCB  -43.69c P  3.32% WF  10.0 PSV       6 N       2  --  E8 L5
C6  : T 110.77c W 100.00c S  10.77c (+60.6 L +59.8) LCB -239.23c P  1.55% WF   4.5 PSV       2 N       1  --  C6
D5  : T 111.50c W 100.00c S  11.50c (+61.4 L +60.6) LCB -238.50c P  1.31% WF   4.4 PSV       2 N       1  --  D5
C4  : T 111.53c W 100.00c S  11.53c (+61.5 L +60.7) LCB -238.47c P  0.78% WF   4.3 PSV       1 N       1  --  C4

2026-07-17 03:46:27+0100: = M3
2026-07-17 03:47:31+0100: Controller: play W N3
2026-07-17 03:47:31+0100: = 
2026-07-17 03:47:31+0100: Controller: genmove B
2026-07-17 03:47:33+0100: MoveNum: 42 HASH: 4B1ADD4278E2D04EBA9C18518413B8F6
   A B C D E F G H J K L M N
13 . . . . . O . . . . . . .
12 . . O X X X O O . O X . .
11 . . . O X O . . O O X O .
10 . O O X X O . X X X X . .
 9 . X X X O . O X O . . . .
 8 . . . O . . . X . . . . .
 7 . . . . . . . . . . . . .
 6 . . . . . . . . . . . . .
 5 . . . . . . . . . . . . .
 4 . . . . . . . . . . X O1.
 3 . . . . . . . . X X O X2O3
 2 . . . . . . . . . O @ . .
 1 . . . . . . . . . . . . .

koPOSITIONALscoreAREAtaxNONEsui1komi7.5
Time taken: 1.89587
Root visits: 206
New playouts: 206
NN rows: 206
NN batches: 70
NN avg batch size: 2.94286
PV: L2 G8 E8 E7 F9 F8 E9 G6
Tree:
: T 117.52c W 100.00c S  17.33c (+86.3 L +85.5) N     206  --  L2 G8 E8 E7 F9 F8 E9
---Black(^)---
L2  : T 118.00c W 100.00c S  17.81c (+86.8 L +86.0) LCB  117.08c P 97.89% WF 1150.9 PSV    1149 N     192  --  L2 G8 E8 E7 F9 F8 E9 G6
M2  : T 105.01c W 100.00c S   4.96c (+72.6 L +71.6) LCB   61.73c P  0.36% WF  13.1 PSV       0 N       4  --  M2 L2
D4  : T  96.51c W 100.00c S  -3.62c (+64.0 L +63.1) LCB  -57.55c P  0.07% WF   3.7 PSV       0 N       2  --  D4 M2
D3  : T  96.39c W 100.00c S  -3.39c (+63.9 L +62.9) LCB  -62.15c P  0.05% WF   3.4 PSV       0 N       2  --  D3 M2
E8  : T  94.92c W 100.00c S  -5.08c (+62.6 L +62.2) LCB -255.08c P  0.07% WF   2.2 PSV       0 N       1  --  E8
C4  : T  96.31c W 100.00c S  -3.69c (+63.6 L +63.2) LCB -253.69c P  0.06% WF   2.1 PSV       0 N       1  --  C4
C3  : T  95.14c W 100.00c S  -4.86c (+62.0 L +61.5) LCB -254.86c P  0.05% WF   2.0 PSV       0 N       1  --  C3
D6  : T  95.32c W 100.00c S  -4.68c (+62.6 L +62.3) LCB -254.68c P  0.05% WF   2.0 PSV       0 N       1  --  D6
D5  : T  95.49c W 100.00c S  -4.51c (+62.9 L +62.4) LCB -254.51c P  0.05% WF   2.0 PSV       0 N       1  --  D5

2026-07-17 03:47:33+0100: = L2
2026-07-17 03:50:40+0100: Controller: play W M2
2026-07-17 03:50:40+0100: = 
2026-07-17 03:50:40+0100: Controller: genmove B
2026-07-17 03:50:41+0100: MoveNum: 44 HASH: 4F4B164C2C04190DE226E0E75461BBBE
   A B C D E F G H J K L M N
13 . . . . . O . . . . . . .
12 . . O X X X O O . O X . .
11 . . . O X O . . O O X O .
10 . O O X X O . X X X X . .
 9 . X X X O . O X O . . . .
 8 . . . O . . . X . . . . .
 7 . . . . . . . . . . . . .
 6 . . . . . . . . . . . . .
 5 . . . . . . . . . . . . .
 4 . . . . . . . . . . X O .
 3 . . . . . . . . X X @ X O1
 2 . . . . . . . . . O X2O3.
 1 . . . . . . . . . . . . .

koPOSITIONALscoreAREAtaxNONEsui1komi7.5
Time taken: 1.57579
Root visits: 205
New playouts: 198
NN rows: 194
NN batches: 66
NN avg batch size: 2.93939
PV: L3 E6 E8 F8 F9 M12
Tree:
: T 116.21c W 100.00c S  15.93c (+86.3 L +85.7) N     205  --  L3 E6 E8 F8 F9 M12
---Black(^)---
L3  : T 116.48c W 100.00c S  16.18c (+86.6 L +86.0) LCB  115.57c P 83.61% WF 1135.8 PSV    1134 N     195  --  L3 E6 E8 F8 F9 M12
D4  : T 110.15c W 100.00c S   9.82c (+79.5 L +78.9) LCB   81.71c P  3.45% WF  23.1 PSV       6 N       5  --  D4 L3 D6
E8  : T 105.47c W 100.00c S   5.47c (+75.4 L +75.2) LCB -244.53c P  2.10% WF   3.9 PSV       2 N       1  --  E8
D6  : T 105.50c W 100.00c S   5.50c (+75.3 L +75.0) LCB -244.50c P  1.72% WF   4.0 PSV       1 N       1  --  D6
D5  : T 105.46c W 100.00c S   5.46c (+75.3 L +75.0) LCB -244.54c P  1.23% WF   4.2 PSV       1 N       1  --  D5
C4  : T 105.78c W 100.00c S   5.78c (+75.5 L +75.3) LCB -244.22c P  0.84% WF   3.7 PSV       0 N       1  --  C4

2026-07-17 03:50:41+0100: = L3
2026-07-17 03:51:24+0100: Controller: play W L9
2026-07-17 03:51:24+0100: = 
2026-07-17 03:51:24+0100: Controller: genmove B
2026-07-17 03:51:27+0100: MoveNum: 46 HASH: 1950465371B2AC37EAA2F1AAC69D851E
   A B C D E F G H J K L M N
13 . . . . . O . . . . . . .
12 . . O X X X O O . O X . .
11 . . . O X O . . O O X O .
10 . O O X X O . X X X X . .
 9 . X X X O . O X O . O3. .
 8 . . . O . . . X . . . . .
 7 . . . . . . . . . . . . .
 6 . . . . . . . . . . . . .
 5 . . . . . . . . . . . . .
 4 . . . @ . . . . . . X O .
 3 . . . . . . . . X X X2X O
 2 . . . . . . . . . O X O1.
 1 . . . . . . . . . . . . .

koPOSITIONALscoreAREAtaxNONEsui1komi7.5
Time taken: 2.4849
Root visits: 204
New playouts: 204
NN rows: 201
NN batches: 69
NN avg batch size: 2.91304
PV: D4 M10 M8 G8 G11
Tree:
: T 110.73c W 100.00c S  11.02c (+98.2 L +97.0) N     204  --  D4 M10 M8 G8 G11
---Black(^)---
D4  : T 111.98c W 100.00c S  12.17c (+99.9 L +98.5) LCB  109.78c P 18.73% WF 315.6 PSV     400 N      62  --  D4 M10 M8 G8 G11
D6  : T 110.95c W 100.00c S  11.05c (+98.2 L +97.0) LCB  108.36c P 28.63% WF 249.8 PSV     206 N      47  --  D6 M10 D4 M12 L13 L7
D5  : T 110.97c W 100.00c S  11.24c (+98.6 L +97.2) LCB  107.85c P 19.94% WF 215.0 PSV     145 N      41  --  D5 M10 M8 G8 E8
E6  : T 110.43c W 100.00c S  10.81c (+98.0 L +96.7) LCB  103.39c P  4.59% WF  77.0 PSV      25 N      14  --  E6 M10 M8
E8  : T 108.74c W 100.00c S   8.93c (+95.4 L +94.8) LCB  102.39c P  7.36% WF  67.9 PSV      23 N      12  --  E8 E7 F9 D4
E5  : T 108.44c W 100.00c S   8.98c (+95.6 L +95.0) LCB   98.63c P  6.08% WF  43.7 PSV      18 N       9  --  E5 G8 E8 E7
C5  : T 108.95c W 100.00c S   9.31c (+96.1 L +95.0) LCB   99.77c P  1.94% WF  53.5 PSV       6 N      11  --  C5 G8 E8 E7
F7  : T 106.73c W 100.00c S   7.37c (+93.9 L +93.4) LCB  -44.94c P  1.80% WF  11.4 PSV       3 N       2  --  F7 C4
C6  : T 105.71c W 100.00c S   5.71c (+92.2 L +92.1) LCB -244.29c P  1.87% WF   5.2 PSV       3 N       1  --  C6
C4  : T 105.07c W 100.00c S   5.07c (+91.3 L +91.4) LCB -244.93c P  1.65% WF   4.3 PSV       2 N       1  --  C4

2026-07-17 03:51:27+0100: = D4
2026-07-17 03:52:29+0100: Controller: play W B8
2026-07-17 03:52:29+0100: = 
2026-07-17 03:52:29+0100: Controller: genmove B
2026-07-17 03:52:31+0100: MoveNum: 48 HASH: 2ACA4843B06F8E17D82ECE5183878586
   A B C D E F G H J K L M N
13 . . . . . O . . . . . . .
12 . . O X X X O O . O X . .
11 . . . O X O . . O O X O .
10 . O O X X O . X X X X . .
 9 . X X X O . O X O . O1. .
 8 . O3@ O . . . X . . . . .
 7 . . . . . . . . . . . . .
 6 . . . . . . . . . . . . .
 5 . . . . . . . . . . . . .
 4 . . . X2. . . . . . X O .
 3 . . . . . . . . X X X X O
 2 . . . . . . . . . O X O .
 1 . . . . . . . . . . . . .

koPOSITIONALscoreAREAtaxNONEsui1komi7.5
Time taken: 1.41945
Root visits: 206
New playouts: 206
NN rows: 195
NN batches: 67
NN avg batch size: 2.91045
PV: C8 M10 M8 C7 D7 E8 C6 B7
Tree:
: T 111.99c W 100.00c S  12.12c (+110.9 L +109.7) N     206  --  C8 M10 M8 C7 D7 E8 C6
---Black(^)---
C8  : T 112.58c W 100.00c S  12.65c (+111.6 L +110.3) LCB  111.20c P 86.88% WF 961.8 PSV     959 N     185  --  C8 M10 M8 C7 D7 E8 C6 B7
E8  : T 106.27c W 100.00c S   7.17c (+104.7 L +103.9) LCB   94.11c P  9.47% WF  37.6 PSV      16 N       8  --  E8 E7 F9
D7  : T 102.46c W  99.99c S   3.40c (+100.0 L +99.4) LCB   57.73c P  0.25% WF  11.8 PSV       0 N       4  --  D7 C8 E8
D6  : T 101.88c W  99.98c S   2.73c (+98.8 L +98.0) LCB   57.57c P  0.24% WF  11.4 PSV       0 N       4  --  D6 C8 E8
C5  : T 100.59c W  99.98c S   2.13c (+97.7 L +97.4) LCB   26.20c P  0.26% WF   7.7 PSV       0 N       3  --  C5 C8 E8
E7  : T  99.32c W 100.00c S  -0.68c (+95.7 L +96.2) LCB -250.68c P  0.20% WF   4.4 PSV       0 N       1  --  E7

2026-07-17 03:52:31+0100: = C8
2026-07-17 03:53:17+0100: Controller: play W C7
2026-07-17 03:53:17+0100: = 
2026-07-17 03:53:17+0100: Controller: genmove B
2026-07-17 03:53:17+0100: MoveNum: 50 HASH: 7EBD7F2AFA18F96749A543F36AB5F0EA
   A B C D E F G H J K L M N
13 . . . . . O . . . . . . .
12 . . O X X X O O . O X . .
11 . . . O X O . . O O X O .
10 . O O X X O . X X X X . .
 9 . X X X O . O X O . O . .
 8 . O1X2O . . . X . . . . .
 7 . . O3@ . . . . . . . . .
 6 . . . . . . . . . . . . .
 5 . . . . . . . . . . . . .
 4 . . . X . . . . . . X O .
 3 . . . . . . . . X X X X O
 2 . . . . . . . . . O X O .
 1 . . . . . . . . . . . . .

koPOSITIONALscoreAREAtaxNONEsui1komi7.5
Time taken: 0.709974
Root visits: 205
New playouts: 142
NN rows: 135
NN batches: 46
NN avg batch size: 2.93478
PV: D7 M10 M8 E8 B7 C6 D6 B6
Tree:
: T 116.19c W 100.00c S  16.22c (+110.9 L +109.8) N     205  --  D7 M10 M8 E8 B7 C6 D6
---Black(^)---
D7  : T 116.43c W 100.00c S  16.41c (+111.2 L +110.1) LCB  115.15c P 78.93% WF 942.1 PSV     940 N     175  --  D7 M10 M8 E8 B7 C6 D6 B6
E8  : T 115.10c W 100.00c S  15.10c (+109.1 L +108.1) LCB  111.66c P  8.65% WF 106.2 PSV      46 N      20  --  E8 M10 M8 D7
B7  : T 113.69c W 100.00c S  14.52c (+108.6 L +107.3) LCB  102.92c P  8.79% WF  47.6 PSV      29 N       9  --  B7 B6 D7 A7

2026-07-17 03:53:17+0100: = D7
2026-07-17 03:54:56+0100: Controller: play W E7
2026-07-17 03:54:56+0100: = 
2026-07-17 03:54:56+0100: Controller: genmove B
2026-07-17 03:54:58+0100: MoveNum: 52 HASH: 503307003A2703672FFB7EB2CC70145D
   A B C D E F G H J K L M N
13 . . . . . O . . . . . . .
12 . . O X X X O O . O X . .
11 . . . O X O . . O O X O .
10 . O O X X O . X X X X . .
 9 . X X X O . O X O . O . .
 8 . O X O . . . X . . . . .
 7 . . O1X2O3. . . . . . . .
 6 . . . @ . . . . . . . . .
 5 . . . . . . . . . . . . .
 4 . . . X . . . . . . X O .
 3 . . . . . . . . X X X X O
 2 . . . . . . . . . O X O .
 1 . . . . . . . . . . . . .

koPOSITIONALscoreAREAtaxNONEsui1komi7.5
Time taken: 1.84437
Root visits: 206
New playouts: 206
NN rows: 200
NN batches: 68
NN avg batch size: 2.94118
PV: D6 E8 C6 B7 C11 G8 G7 G10
Tree:
: T 111.84c W  99.99c S  11.86c (+117.0 L +115.7) N     206  --  D6 E8 C6 B7 C11 G8 G7
---Black(^)---
D6  : T 112.71c W  99.99c S  12.75c (+118.2 L +116.8) LCB  110.59c P 72.92% WF 849.4 PSV     845 N     173  --  D6 E8 C6 B7 C11 G8 G7 G10
E8  : T 108.47c W 100.00c S   8.93c (+112.9 L +111.8) LCB  103.63c P 25.72% WF 105.0 PSV      68 N      23  --  E8 M10 M8 D6 D8
B7  : T  89.99c W 100.00c S -10.01c (+85.8 L +86.4) LCB -260.01c P  0.09% WF   2.6 PSV       0 N       1  --  B7
F8  : T  89.12c W 100.00c S -10.88c (+84.6 L +85.1) LCB -260.88c P  0.06% WF   2.2 PSV       0 N       1  --  F8
C6  : T  87.81c W 100.00c S -12.19c (+81.1 L +81.8) LCB -262.19c P  0.06% WF   1.9 PSV       0 N       1  --  C6
B6  : T  88.75c W 100.00c S -11.25c (+83.0 L +83.7) LCB -261.25c P  0.05% WF   1.9 PSV       0 N       1  --  B6
F7  : T  87.11c W 100.00c S -12.89c (+80.2 L +80.7) LCB -262.89c P  0.04% WF   1.8 PSV       0 N       1  --  F7
E6  : T  85.10c W 100.00c S -14.90c (+72.0 L +72.4) LCB -264.90c P  0.04% WF   1.6 PSV       0 N       1  --  E6
C5  : T  87.51c W 100.00c S -12.49c (+79.1 L +79.6) LCB -262.49c P  0.04% WF   1.7 PSV       0 N       1  --  C5
C11 : T  85.50c W 100.00c S -14.50c (+77.4 L +77.3) LCB -264.50c P  0.04% WF   1.6 PSV       0 N       1  --  C11

2026-07-17 03:54:58+0100: = D6
2026-07-17 03:57:05+0100: Controller: play W K13
2026-07-17 03:57:05+0100: = 
2026-07-17 03:57:05+0100: Controller: genmove B
2026-07-17 03:57:07+0100: MoveNum: 54 HASH: 3679A91EFAFA663ED0BB423796455170
   A B C D E F G H J K L M N
13 . . . . . O . . . O3. . .
12 . . O X X X O O . O X . .
11 . . . O X O . . O O X O .
10 . O O X X O . X X X X . .
 9 . X X X O . O X O . O . .
 8 . O X O . . . X . . . . .
 7 . @ O X O1. . . . . . . .
 6 . . . X2. . . . . . . . .
 5 . . . . . . . . . . . . .
 4 . . . X . . . . . . X O .
 3 . . . . . . . . X X X X O
 2 . . . . . . . . . O X O .
 1 . . . . . . . . . . . . .

koPOSITIONALscoreAREAtaxNONEsui1komi7.5
Time taken: 1.83014
Root visits: 206
New playouts: 206
NN rows: 203
NN batches: 69
NN avg batch size: 2.94203
PV: B7 M10 M8 M12 L13 D3 E3 E4
Tree:
: T 113.48c W  99.99c S  13.26c (+138.9 L +138.9) N     206  --  B7 M10 M8 M12 L13 D3 E3
---Black(^)---
B7  : T 114.63c W  99.99c S  14.29c (+140.5 L +139.8) LCB  112.40c P  6.28% WF 383.6 PSV    1016 N      64  --  B7 M10 M8 M12 L13 D3 E3 E4
E8  : T 113.56c W 100.00c S  13.26c (+138.6 L +138.9) LCB  111.52c P 64.65% WF 586.3 PSV     586 N      92  --  E8 C3 E2 B5 C4 B4 C2
C6  : T 111.74c W  99.99c S  11.98c (+137.6 L +137.7) LCB  104.66c P 13.43% WF 161.8 PSV      58 N      29  --  C6 E8 G8 D13 C11
C11 : T 105.70c W 100.00c S   5.50c (+129.7 L +129.4) LCB  -43.98c P  6.64% WF  11.3 PSV      10 N       2  --  C11 M10
C3  : T 112.48c W  99.98c S  12.47c (+138.4 L +138.6) LCB  103.03c P  1.23% WF  63.9 PSV       6 N      13  --  C3 D13 C11 B11
D3  : T 110.89c W  99.98c S  11.16c (+136.6 L +136.2) LCB   82.31c P  1.37% WF  22.5 PSV       4 N       5  --  D3 D13

2026-07-17 03:57:07+0100: = B7
2026-07-17 03:58:49+0100: Controller: play W A9
2026-07-17 03:58:49+0100: = 
2026-07-17 03:58:49+0100: Controller: genmove B
2026-07-17 03:58:50+0100: MoveNum: 56 HASH: 9DF68B880E2D2404853FB0916F35BB29
   A B C D E F G H J K L M N
13 . . . . . O . . . O1. . .
12 . . O X X X O O . O X . .
11 . . . O X O . . O O X O .
10 . O O X X O . X X X X . .
 9 O3X X X O . O X O . O . .
 8 . O X O . . . X . . . . .
 7 . X2O X O . . . . . . . .
 6 . . @ X . . . . . . . . .
 5 . . . . . . . . . . . . .
 4 . . . X . . . . . . X O .
 3 . . . . . . . . X X X X O
 2 . . . . . . . . . O X O .
 1 . . . . . . . . . . . . .

koPOSITIONALscoreAREAtaxNONEsui1komi7.5
Time taken: 1.77304
Root visits: 205
New playouts: 205
NN rows: 202
NN batches: 69
NN avg batch size: 2.92754
PV: C6 H3 F3 M10
Tree:
: T 115.65c W  99.99c S  14.94c (+146.5 L +146.6) N     205  --  C6 H3 F3 M10
---Black(^)---
C6  : T 117.11c W  99.99c S  16.25c (+148.1 L +148.3) LCB  114.17c P 17.67% WF 579.8 PSV     572 N      87  --  C6 H3 F3 M10
E8  : T 115.70c W  99.99c S  14.85c (+146.2 L +146.6) LCB  113.29c P 30.91% WF 359.4 PSV     254 N      57  --  E8 C3 D2 D13 C11
A8  : T 114.23c W  99.99c S  13.85c (+145.4 L +144.8) LCB  112.05c P 28.72% WF 247.4 PSV     133 N      41  --  A8 D3 E3 M10 M8
C11 : T 112.07c W  99.99c S  11.81c (+142.6 L +142.4) LCB  105.35c P 18.94% WF  72.3 PSV      53 N      12  --  C11 M10 M8 M12
G13 : T 108.70c W  99.99c S   8.89c (+139.2 L +138.3) LCB   64.37c P  0.60% WF  19.1 PSV       1 N       4  --  G13 M12
D13 : T 105.87c W 100.00c S   5.87c (+136.1 L +137.4) LCB -244.13c P  1.02% WF   6.3 PSV       1 N       1  --  D13
B12 : T 109.84c W  99.99c S   9.30c (+139.7 L +139.0) LCB  -41.05c P  0.21% WF   9.3 PSV       0 N       2  --  B12 D3

2026-07-17 03:58:50+0100: = C6
2026-07-17 04:00:43+0100: Controller: play W D5
2026-07-17 04:00:43+0100: = 
2026-07-17 04:00:43+0100: Controller: genmove B
2026-07-17 04:00:44+0100: MoveNum: 58 HASH: 39C834D5FBACA1BC809B44350CDB6DBB
   A B C D E F G H J K L M N
13 . . . . . O . . . O . . .
12 . . O X X X O O . O X . .
11 . . . O X O . . O O X O .
10 . O O X X O . X X X X . .
 9 O1X X X O . O X O . O . .
 8 . O X O . . . X . . . . .
 7 . X . X O . . . . . . . .
 6 . . X2X . . . . . . . . .
 5 . . . O3. . . . . . . . .
 4 . . . X . . . . . . X O .
 3 . . . @ . . . . X X X X O
 2 . . . . . . . . . O X O .
 1 . . . . . . . . . . . . .

koPOSITIONALscoreAREAtaxNONEsui1komi7.5
Time taken: 1.87941
Root visits: 206
New playouts: 206
NN rows: 205
NN batches: 69
NN avg batch size: 2.97101
PV: D3 D13 C11 B11 E13
Tree:
: T 112.20c W  99.99c S  11.48c (+151.0 L +151.5) N     206  --  D3 D13 C11 B11 E13
---Black(^)---
D3  : T 113.67c W  99.99c S  12.46c (+152.0 L +152.8) LCB  111.00c P 27.90% WF 572.9 PSV     566 N      86  --  D3 D13 C11 B11 E13
E4  : T 112.43c W  99.99c S  11.84c (+151.4 L +151.8) LCB  109.25c P 15.13% WF 259.4 PSV     118 N      40  --  E4 M10 M8 M12 L13 G8 H7
E3  : T 111.42c W  99.99c S  10.71c (+150.1 L +150.6) LCB  106.75c P  7.21% WF 133.4 PSV      37 N      21  --  E3 M10 M8 M12 L13
E5  : T 112.18c W  99.99c S  11.64c (+151.3 L +151.4) LCB  108.89c P  4.41% WF 201.4 PSV      30 N      32  --  E5 M10 M8 M12 L13
E8  : T 103.49c W 100.00c S   4.12c (+142.6 L +142.8) LCB   58.86c P 11.94% WF  24.2 PSV      17 N       4  --  E8 D3 C3
C4  : T 107.62c W  99.99c S   8.26c (+147.4 L +147.9) LCB   31.03c P  5.00% WF  17.9 PSV      11 N       3  --  C4 M10
C3  : T 107.83c W  99.98c S   8.58c (+147.7 L +148.2) LCB   31.59c P  4.15% WF  18.2 PSV       9 N       3  --  C3 D13
E6  : T 109.21c W  99.98c S   9.45c (+148.8 L +148.4) LCB   63.94c P  2.44% WF  22.5 PSV       7 N       4  --  E6 D13
E2  : T 108.12c W  99.98c S   9.25c (+148.5 L +149.2) LCB  -45.42c P  2.95% WF  12.8 PSV       7 N       2  --  E2 M10
D2  : T 108.41c W  99.98c S   8.69c (+147.9 L +148.6) LCB  -43.76c P  1.89% WF  12.8 PSV       4 N       2  --  D2 M10

2026-07-17 04:00:44+0100: = D3
2026-07-17 04:03:03+0100: Controller: play W B6
2026-07-17 04:03:03+0100: = 
2026-07-17 04:03:03+0100: Controller: genmove B
2026-07-17 04:03:05+0100: MoveNum: 60 HASH: 8857E1BFBB24AB0DDB7324CED17AB133
   A B C D E F G H J K L M N
13 . . . . . O . . . O . . .
12 . . O X X X O O . O X . .
11 . . . O X O . . O O X O .
10 . O O X X O . X X X X . .
 9 O X X X O . O X O . O . .
 8 . O X O . . . X . . . . .
 7 . X . X O . . . . . . . .
 6 . O3X X . . . . . . . . .
 5 . . @ O1. . . . . . . . .
 4 . . . X . . . . . . X O .
 3 . . . X2. . . . X X X X O
 2 . . . . . . . . . O X O .
 1 . . . . . . . . . . . . .

koPOSITIONALscoreAREAtaxNONEsui1komi7.5
Time taken: 2.1785
Root visits: 205
New playouts: 205
NN rows: 201
NN batches: 69
NN avg batch size: 2.91304
PV: C5 M10 M8 M12 L13 G8
Tree:
: T 113.46c W 100.00c S  12.67c (+152.4 L +153.1) N     205  --  C5 M10 M8 M12 L13 G8
---Black(^)---
C5  : T 115.91c W 100.00c S  14.47c (+154.2 L +155.2) LCB  112.79c P  5.74% WF 499.6 PSV     550 N      73  --  C5 M10 M8 M12 L13 G8
E8  : T 112.91c W 100.00c S  12.56c (+152.1 L +152.9) LCB  110.21c P 39.61% WF 404.8 PSV     204 N      58  --  E8 F8 E6 M12
A8  : T 112.40c W  99.99c S  11.77c (+151.7 L +151.8) LCB  108.63c P 17.66% WF 236.0 PSV      78 N      36  --  A8 E6 C5 G8 H7
C11 : T 111.87c W  99.99c S  10.93c (+150.7 L +150.9) LCB  106.74c P  9.88% WF 103.8 PSV      38 N      16  --  C11 C5 E5 M10
M10 : T 108.32c W 100.00c S   8.82c (+148.3 L +148.9) LCB   78.82c P  8.87% WF  29.2 PSV      18 N       5  --  M10 D13
B5  : T 109.41c W  99.98c S  10.54c (+150.1 L +150.8) LCB   64.37c P  2.91% WF  24.4 PSV       7 N       4  --  B5 M12
E6  : T 108.94c W 100.00c S   9.76c (+149.3 L +149.9) LCB   63.91c P  2.02% WF  24.2 PSV       4 N       4  --  E6 D13
G11 : T 109.45c W 100.00c S   9.80c (+149.5 L +149.0) LCB   31.70c P  1.60% WF  17.2 PSV       3 N       3  --  G11 A7
M12 : T 110.30c W 100.00c S  10.30c (+149.7 L +151.0) LCB -239.70c P  1.11% WF   7.0 PSV       3 N       1  --  M12
E5  : T 109.38c W 100.00c S  11.07c (+150.6 L +151.4) LCB  -47.29c P  0.92% WF  12.6 PSV       2 N       2  --  E5 D13

2026-07-17 04:03:05+0100: = C5
2026-07-17 04:04:53+0100: Controller: play W A7
2026-07-17 04:04:53+0100: = 
2026-07-17 04:04:53+0100: Controller: genmove B
2026-07-17 04:04:55+0100: MoveNum: 62 HASH: 71D2206B1B91E820E284BCF1E6960C00
   A B C D E F G H J K L M N
13 . . . . . O . . . O . . .
12 . . O X X X O O . O X . .
11 . . . O X O . . O O X O .
10 . O O X X O . X X X X . .
 9 O X X X O . O X O . O . .
 8 . O X O . . . X . . . . .
 7 O3X @ X O . . . . . . . .
 6 . O1X X . . . . . . . . .
 5 . . X2O . . . . . . . . .
 4 . . . X . . . . . . X O .
 3 . . . X . . . . X X X X O
 2 . . . . . . . . . O X O .
 1 . . . . . . . . . . . . .

koPOSITIONALscoreAREAtaxNONEsui1komi7.5
Time taken: 1.9663
Root visits: 205
New playouts: 187
NN rows: 178
NN batches: 60
NN avg batch size: 2.96667
PV: C7 L5 M10 M6 L7
Tree:
: T 120.13c W 100.00c S  19.14c (+153.8 L +155.0) N     205  --  C7 L5 M10 M6 L7
---Black(^)---
C7  : T 120.68c W 100.00c S  19.75c (+154.4 L +155.6) LCB  118.75c P 30.01% WF 729.1 PSV     726 N      98  --  C7 L5 M10 M6 L7
C11 : T 120.40c W 100.00c S  19.18c (+153.9 L +155.1) LCB  118.30c P 28.72% WF 421.3 PSV     421 N      58  --  C11 M10 M8 M12 L13 M9 L8
E8  : T 119.59c W 100.00c S  18.40c (+153.0 L +154.1) LCB  116.03c P 23.51% WF 274.6 PSV     218 N      39  --  E8 C7 C11 M10 M8
A8  : T 115.44c W 100.00c S  16.26c (+151.0 L +151.8) LCB   71.17c P  8.89% WF  26.5 PSV      24 N       4  --  A8 M12
M10 : T 110.19c W 100.00c S  14.24c (+149.5 L +150.4) LCB  -45.56c P  1.42% WF  12.6 PSV       2 N       2  --  M10 D13
D13 : T 111.33c W 100.00c S  11.33c (+145.6 L +146.7) LCB -238.67c P  1.62% WF   7.0 PSV       2 N       1  --  D13
G13 : T 114.29c W 100.00c S  14.29c (+148.3 L +149.7) LCB -235.71c P  0.93% WF   7.1 PSV       2 N       1  --  G13

2026-07-17 04:04:55+0100: = C7
2026-07-17 04:05:30+0100: Controller: play W C4
2026-07-17 04:05:30+0100: = 
2026-07-17 04:05:30+0100: Controller: genmove B
2026-07-17 04:05:32+0100: MoveNum: 64 HASH: 9E9E04A2141A1DE9C538ED0376C4E661
   A B C D E F G H J K L M N
13 . . . . . O . . . O . . .
12 . . O X X X O O . O X . .
11 . . . O X O . . O O X O .
10 . O O X X O . X X X X . .
 9 O X X X O . O X O . O . .
 8 . O X O . . . X . . . . .
 7 O1X X2X O . . . . . . . .
 6 . O X X . . . . . . . . .
 5 . . X O . . . . . . . . .
 4 . . O3X . . . . . . X O .
 3 . . @ X . . . . X X X X O
 2 . . . . . . . . . O X O .
 1 . . . . . . . . . . . . .

koPOSITIONALscoreAREAtaxNONEsui1komi7.5
Time taken: 1.84042
Root visits: 206
New playouts: 206
NN rows: 205
NN batches: 69
NN avg batch size: 2.97101
PV: C3 L5 M10 D13 E13
Tree:
: T 115.15c W 100.00c S  14.11c (+153.7 L +154.9) N     206  --  C3 L5 M10 D13 E13
---Black(^)---
C3  : T 116.56c W 100.00c S  15.54c (+155.1 L +156.4) LCB  113.92c P 19.23% WF 449.8 PSV     445 N      62  --  C3 L5 M10 D13 E13
E5  : T 116.52c W 100.00c S  14.90c (+154.3 L +155.6) LCB  113.73c P 13.57% WF 388.4 PSV     296 N      54  --  E5 C3 B5 M10 M8
B5  : T 114.66c W 100.00c S  13.83c (+153.5 L +154.6) LCB  110.55c P 12.52% WF 211.6 PSV      80 N      30  --  B5 M10 M8 M12 L13
B4  : T 115.79c W 100.00c S  14.55c (+154.1 L +155.2) LCB  112.70c P  4.45% WF 243.5 PSV      50 N      34  --  B4 M10 M8 M12 L13
M10 : T 105.89c W 100.00c S   6.13c (+146.1 L +147.4) LCB   77.32c P 21.04% WF  32.5 PSV      31 N       5  --  M10 C3 C2
E8  : T 108.28c W  99.99c S   8.76c (+148.7 L +149.6) LCB   64.35c P  5.16% WF  25.6 PSV       9 N       4  --  E8 M12
M12 : T 106.79c W 100.00c S   6.79c (+147.0 L +148.5) LCB -243.21c P  2.71% WF   7.1 PSV       4 N       1  --  M12
B3  : T 113.05c W 100.00c S  13.05c (+152.2 L +153.6) LCB -236.95c P  1.12% WF   7.5 PSV       4 N       1  --  B3
C2  : T 113.24c W 100.00c S  13.24c (+152.4 L +153.8) LCB -236.76c P  0.99% WF   7.6 PSV       4 N       1  --  C2
D2  : T 109.47c W  99.99c S  10.36c (+150.1 L +151.1) LCB  -41.19c P  1.13% WF  13.6 PSV       2 N       2  --  D2 M10

2026-07-17 04:05:32+0100: = C3
2026-07-17 04:05:57+0100: Controller: play W E4
2026-07-17 04:05:57+0100: = 
2026-07-17 04:05:57+0100: Controller: genmove B
2026-07-17 04:05:59+0100: MoveNum: 66 HASH: 1E76386CAAF0F3D18D7C31EC16A588A7
   A B C D E F G H J K L M N
13 . . . . . O . . . O . . .
12 . . O X X X O O . O X . .
11 . . . O X O . . O O X O .
10 . O O X X O . X X X X @ .
 9 O X X X O . O X O . O . .
 8 . O X O . . . X . . . . .
 7 O X X X O . . . . . . . .
 6 . O X X . . . . . . . . .
 5 . . X O . . . . . . . . .
 4 . . O1X O3. . . . . X O .
 3 . . X2X . . . . X X X X O
 2 . . . . . . . . . O X O .
 1 . . . . . . . . . . . . .

koPOSITIONALscoreAREAtaxNONEsui1komi7.5
Time taken: 1.9361
Root visits: 206
New playouts: 206
NN rows: 206
NN batches: 70
NN avg batch size: 2.94286
PV: M10 L5 M5 G8 E8
Tree:
: T 117.48c W 100.00c S  17.36c (+155.5 L +157.1) N     206  --  M10 L5 M5 G8 E8
---Black(^)---
M10 : T 118.78c W 100.00c S  18.36c (+156.4 L +158.0) LCB  116.81c P 34.35% WF 642.4 PSV     636 N      85  --  M10 L5 M5 G8 E8
M8  : T 118.32c W 100.00c S  18.10c (+156.3 L +158.0) LCB  114.73c P  4.92% WF 236.9 PSV      60 N      31  --  M8 E6 G8 F8
L8  : T 117.57c W 100.00c S  17.54c (+155.5 L +157.1) LCB  114.13c P  5.13% WF 174.4 PSV      40 N      23  --  L8 E3 E6
M12 : T 117.51c W 100.00c S  17.35c (+156.3 L +157.6) LCB  111.07c P  4.41% WF  97.7 PSV      33 N      13  --  M12 L5 M5
M9  : T 117.36c W 100.00c S  17.26c (+155.3 L +157.0) LCB  113.12c P  3.83% WF 121.5 PSV      27 N      16  --  M9 L5 M8
L7  : T 115.40c W 100.00c S  15.55c (+153.9 L +155.5) LCB   86.95c P  3.79% WF  36.5 PSV      14 N       5  --  L7 M12
G8  : T 111.73c W 100.00c S  13.40c (+151.7 L +153.4) LCB  -38.74c P  6.33% WF  14.0 PSV      13 N       2  --  G8 M10
E8  : T 109.78c W 100.00c S  11.94c (+150.6 L +152.1) LCB  -40.65c P  5.75% WF  13.8 PSV       9 N       2  --  E8 M10
M7  : T 116.42c W 100.00c S  16.31c (+154.6 L +156.3) LCB  -32.74c P  1.74% WF  15.0 PSV       8 N       2  --  M7 G8
M6  : T 113.35c W 100.00c S  13.93c (+152.5 L +153.9) LCB   38.74c P  2.43% WF  21.3 PSV       6 N       3  --  M6 M12

2026-07-17 04:05:59+0100: = M10
2026-07-17 04:06:34+0100: Controller: play W H7
2026-07-17 04:06:34+0100: = 
2026-07-17 04:06:34+0100: Controller: genmove B
2026-07-17 04:06:36+0100: MoveNum: 68 HASH: 67EDAFF168C6125FF3CD6933C6C01B8B
   A B C D E F G H J K L M N
13 . . . . . O . . . O . . .
12 . . O X X X O O . O X . .
11 . . . O X O . . O O X O .
10 . O O X X O . X X X X X2.
 9 O X X X O . O X O . O . .
 8 . O X O . . @ X . . . . .
 7 O X X X O . . O3. . . . .
 6 . O X X . . . . . . . . .
 5 . . X O . . . . . . . . .
 4 . . O X O1. . . . . X O .
 3 . . X X . . . . X X X X O
 2 . . . . . . . . . O X O .
 1 . . . . . . . . . . . . .

koPOSITIONALscoreAREAtaxNONEsui1komi7.5
Time taken: 2.18621
Root visits: 205
New playouts: 205
NN rows: 201
NN batches: 69
NN avg batch size: 2.91304
PV: G8 H3 J2 D13
Tree:
: T 119.25c W 100.00c S  19.11c (+155.9 L +157.5) N     205  --  G8 H3 J2 D13
---Black(^)---
G8  : T 120.17c W 100.00c S  19.78c (+156.5 L +158.2) LCB  118.21c P 35.92% WF 575.7 PSV     571 N      76  --  G8 H3 J2 D13
G7  : T 118.89c W 100.00c S  18.88c (+155.4 L +157.0) LCB  116.08c P  9.35% WF 185.3 PSV      65 N      25  --  G7 L5 G8 M6 L7
E8  : T 118.50c W 100.00c S  18.77c (+155.6 L +157.1) LCB  114.15c P  9.15% WF 122.0 PSV      54 N      16  --  E8 L5 M5 G8
G11 : T 119.23c W 100.00c S  18.83c (+156.2 L +157.7) LCB  114.65c P  4.92% WF 137.2 PSV      40 N      18  --  G11 L5 M5 G8
E5  : T 120.85c W 100.00c S  19.89c (+157.6 L +158.8) LCB   92.57c P  2.57% WF  38.0 PSV      38 N       5  --  E5 L5 G8
J7  : T 119.33c W 100.00c S  19.14c (+155.7 L +157.2) LCB  115.47c P  3.71% WF 168.6 PSV      31 N      22  --  J7 H3 H2
E6  : T 118.82c W 100.00c S  18.81c (+155.6 L +157.2) LCB  106.87c P  3.21% WF  60.9 PSV      21 N       8  --  E6 L5 M5
G6  : T 118.15c W 100.00c S  18.25c (+155.0 L +156.7) LCB   89.70c P  1.54% WF  37.5 PSV       8 N       5  --  G6 G7 F6
F5  : T 117.37c W 100.00c S  17.39c (+154.6 L +155.8) LCB  -31.95c P  2.12% WF  14.8 PSV       8 N       2  --  F5 G8
H5  : T 118.33c W 100.00c S  18.86c (+155.8 L +157.2) LCB  -30.93c P  1.52% WF  15.0 PSV       8 N       2  --  H5 G8

2026-07-17 04:06:36+0100: = G8
2026-07-17 04:07:04+0100: Controller: play W F8
2026-07-17 04:07:04+0100: = 
2026-07-17 04:07:04+0100: Controller: genmove B
2026-07-17 04:07:05+0100: MoveNum: 70 HASH: 8129B1255E67A19386B3DDEAE8C1C05B
   A B C D E F G H J K L M N
13 . . . . . O . . . O . . .
12 . . O X X X O O . O X . .
11 . . . O X O . . O O X O .
10 . O O X X O . X X X X X .
 9 O X X X O . O X O . O . .
 8 . O X O . O3X2X . . . . .
 7 O X X X O . @ O1. . . . .
 6 . O X X . . . . . . . . .
 5 . . X O . . . . . . . . .
 4 . . O X O . . . . . X O .
 3 . . X X . . . . X X X X O
 2 . . . . . . . . . O X O .
 1 . . . . . . . . . . . . .

koPOSITIONALscoreAREAtaxNONEsui1komi7.5
Time taken: 1.76903
Root visits: 206
New playouts: 204
NN rows: 193
NN batches: 65
NN avg batch size: 2.96923
PV: G7 L5 E5 M6 K6
Tree:
: T 116.33c W 100.00c S  16.18c (+156.8 L +158.5) N     206  --  G7 L5 E5 M6 K6
---Black(^)---
G7  : T 117.31c W 100.00c S  17.00c (+157.5 L +159.2) LCB  115.02c P 27.90% WF 641.0 PSV     636 N      84  --  G7 L5 E5 M6 K6
E6  : T 116.53c W 100.00c S  16.23c (+156.8 L +158.5) LCB  114.04c P  9.53% WF 248.9 PSV     103 N      33  --  E6 L5 G7 M6 L7
E5  : T 116.87c W 100.00c S  16.48c (+157.0 L +158.8) LCB  114.02c P  5.96% WF 212.7 PSV      83 N      28  --  E5 L5 G7 M6 K6
G11 : T 115.19c W 100.00c S  15.35c (+156.2 L +157.9) LCB  103.76c P  6.25% WF  59.7 PSV      35 N       8  --  G11 L5 M5
E8  : T 115.05c W 100.00c S  14.66c (+155.7 L +157.0) LCB   71.99c P  4.03% WF  29.5 PSV      21 N       4  --  E8 B13
G13 : T 115.12c W 100.00c S  14.80c (+156.4 L +157.9) LCB   72.01c P  3.78% WF  28.6 PSV      21 N       4  --  G13 G7 F6
F5  : T 115.12c W 100.00c S  15.42c (+156.0 L +158.0) LCB   41.22c P  2.74% WF  22.4 PSV      15 N       3  --  F5 G7
F6  : T 113.01c W 100.00c S  13.42c (+154.5 L +156.3) LCB  -36.24c P  2.93% WF  14.7 PSV       9 N       2  --  F6 E6
G10 : T 115.50c W 100.00c S  15.34c (+156.3 L +157.7) LCB  -33.55c P  1.51% WF  14.9 PSV       9 N       2  --  G10 G7
H5  : T 115.85c W 100.00c S  16.03c (+156.4 L +158.5) LCB  -33.33c P  1.36% WF  15.3 PSV       9 N       2  --  H5 G7

2026-07-17 04:07:05+0100: = G7
2026-07-17 04:08:06+0100: Controller: play W G6
2026-07-17 04:08:06+0100: = 
2026-07-17 04:08:06+0100: Controller: genmove B
2026-07-17 04:08:08+0100: MoveNum: 72 HASH: 01AD2EFD8529C699BCBB3BB9F35021BA
   A B C D E F G H J K L M N
13 . . . . . O . . . O . . .
12 . . O X X X O O . O X . .
11 . . . O X O . . O O X O .
10 . O O X X O . X X X X X .
 9 O X X X O . O X O . O . .
 8 . O X O . O1X X . . . . .
 7 O X X X O . X2O . . . . .
 6 . O X X . . O3. . . . . .
 5 . . X O @ . . . . . . . .
 4 . . O X O . . . . . X O .
 3 . . X X . . . . X X X X O
 2 . . . . . . . . . O X O .
 1 . . . . . . . . . . . . .

koPOSITIONALscoreAREAtaxNONEsui1komi7.5
Time taken: 1.6152
Root visits: 206
New playouts: 204
NN rows: 205
NN batches: 69
NN avg batch size: 2.97101
PV: E5 L5 M5 F5 E6
Tree:
: T 119.16c W 100.00c S  19.13c (+157.2 L +158.9) N     206  --  E5 L5 M5 F5 E6
---Black(^)---
E5  : T 120.86c W 100.00c S  20.46c (+158.2 L +159.9) LCB  118.75c P 10.47% WF 345.3 PSV     340 N      44  --  E5 L5 M5 F5 E6
E6  : T 119.21c W 100.00c S  18.82c (+156.6 L +158.4) LCB  116.58c P 13.78% WF 184.6 PSV     101 N      24  --  E6 H3 J2 L5
G4  : T 121.21c W 100.00c S  20.19c (+158.1 L +159.8) LCB  106.35c P  2.44% WF  54.4 PSV      54 N       7  --  G4 E6 E5
C11 : T 119.09c W 100.00c S  18.95c (+157.1 L +158.7) LCB  114.38c P  6.72% WF 107.4 PSV      46 N      14  --  C11 H3 J2
G13 : T 118.69c W 100.00c S  18.93c (+157.0 L +158.8) LCB  114.71c P  7.03% WF 114.9 PSV      41 N      15  --  G13 L5 M5
F5  : T 119.39c W 100.00c S  19.03c (+156.9 L +158.8) LCB  113.69c P  2.61% WF  99.3 PSV      20 N      13  --  F5 E5 E6 F6
J13 : T 118.56c W 100.00c S  18.67c (+157.7 L +159.4) LCB  103.71c P  3.21% WF  52.8 PSV      18 N       7  --  J13 E6 E5
E8  : T 117.63c W 100.00c S  17.68c (+156.0 L +157.5) LCB   97.05c P  2.97% WF  44.7 PSV      12 N       6  --  E8 D13
H5  : T 118.92c W 100.00c S  18.65c (+156.4 L +158.2) LCB   90.36c P  1.85% WF  38.1 PSV      12 N       5  --  H5 E6 E5
G11 : T 114.80c W 100.00c S  15.41c (+153.9 L +155.6) LCB   39.85c P  5.07% WF  21.9 PSV      12 N       3  --  G11 D13

2026-07-17 04:08:08+0100: = E5
2026-07-17 04:10:28+0100: Controller: play W F5
2026-07-17 04:10:28+0100: = 
2026-07-17 04:10:28+0100: Controller: genmove B
2026-07-17 04:10:30+0100: MoveNum: 74 HASH: 3FFE3E71650533718B4B8DAED1333415
   A B C D E F G H J K L M N
13 . . . . . O . . . O . . .
12 . . O X X X O O . O X . .
11 . . . O X O . . O O X O .
10 . O O X X O . X X X X X .
 9 O X X X O . O X O . O . .
 8 . O X O . O X X . . . . .
 7 O X X X O . X O . . . . .
 6 . O X X . . O1. . . . . .
 5 . . X . X2O3. . . . . . .
 4 . . O X O . @ . . . X O .
 3 . . X X . . . . X X X X O
 2 . . . . . . . . . O X O .
 1 . . . . . . . . . . . . .

koPOSITIONALscoreAREAtaxNONEsui1komi7.5
Time taken: 1.67311
Root visits: 206
New playouts: 195
NN rows: 195
NN batches: 66
NN avg batch size: 2.95455
PV: G4 L5 M6 H4
Tree:
: T 120.41c W 100.00c S  20.29c (+157.6 L +159.3) N     206  --  G4 L5 M6 H4
---Black(^)---
G4  : T 121.77c W 100.00c S  21.54c (+158.8 L +160.5) LCB  119.73c P  8.72% WF 345.6 PSV     375 N      44  --  G4 L5 M6 H4
H5  : T 121.97c W 100.00c S  21.55c (+158.7 L +160.6) LCB  119.61c P  4.77% WF 298.9 PSV     296 N      38  --  H5 H6 J5 E6 F7
E6  : T 119.99c W 100.00c S  19.61c (+156.9 L +158.6) LCB  117.96c P 20.51% WF 244.7 PSV     148 N      32  --  E6 H3 J2 H5
F7  : T 119.01c W 100.00c S  19.02c (+156.5 L +158.2) LCB  112.88c P 10.04% WF  83.3 PSV      50 N      11  --  F7 L5 M5
E3  : T 120.61c W 100.00c S  20.31c (+157.8 L +159.5) LCB  117.02c P  3.33% WF 160.6 PSV      33 N      21  --  E3 L5 M5 M6
J7  : T 119.44c W 100.00c S  19.56c (+156.6 L +158.3) LCB   91.61c P  4.07% WF  38.3 PSV      23 N       5  --  J7 E6 D5
G11 : T 117.55c W 100.00c S  17.74c (+155.6 L +157.2) LCB   73.67c P  5.06% WF  29.5 PSV      17 N       4  --  G11 D13
F6  : T 117.00c W 100.00c S  18.20c (+155.8 L +157.7) LCB  -32.19c P  4.19% WF  14.9 PSV      12 N       2  --  F6 E6
G13 : T 118.27c W 100.00c S  18.44c (+156.8 L +158.4) LCB   75.23c P  2.90% WF  29.6 PSV      11 N       4  --  G13 F7
M5  : T 119.29c W 100.00c S  19.93c (+157.3 L +158.9) LCB   76.34c P  1.76% WF  30.5 PSV       9 N       4  --  M5 E6 D5

2026-07-17 04:10:30+0100: = G4
2026-07-17 04:13:40+0100: Controller: play W E6
2026-07-17 04:13:40+0100: = 
2026-07-17 04:13:40+0100: Controller: genmove B
2026-07-17 04:13:42+0100: MoveNum: 76 HASH: 6463057DA47F7BE6D7F8694207B48F9F
   A B C D E F G H J K L M N
13 . . . . . O . . . O . . .
12 . . O X X X O O . O X . .
11 . . . O X O . . O O X O .
10 . O O X X O . X X X X X .
 9 O X X X O . O X O . O . .
 8 . O X O . O X X . . . . .
 7 O X X X O . X O . . . . .
 6 . O X X O3. O . . . . . .
 5 . . X @ X O1. . . . . . .
 4 . . O X O . X2. . . X O .
 3 . . X X . . . . X X X X O
 2 . . . . . . . . . O X O .
 1 . . . . . . . . . . . . .

koPOSITIONALscoreAREAtaxNONEsui1komi7.5
Time taken: 1.58558
Root visits: 206
New playouts: 195
NN rows: 194
NN batches: 66
NN avg batch size: 2.93939
PV: D5 L5 M5 H4 H3 M6
Tree:
: T 119.62c W 100.00c S  19.56c (+158.0 L +159.8) N     206  --  D5 L5 M5 H4 H3 M6
---Black(^)---
D5  : T 120.92c W 100.00c S  20.66c (+159.1 L +160.9) LCB  118.74c P 14.23% WF 564.3 PSV     558 N      74  --  D5 L5 M5 H4 H3 M6
F7  : T 119.50c W 100.00c S  19.20c (+157.7 L +159.3) LCB  116.44c P 12.32% WF 206.7 PSV     108 N      27  --  F7 L5 M6 M5
G13 : T 119.21c W 100.00c S  19.03c (+157.5 L +159.3) LCB  113.20c P  7.40% WF  99.3 PSV      56 N      13  --  G13 L5 M6
C11 : T 118.53c W 100.00c S  18.78c (+157.2 L +159.0) LCB  104.15c P  6.17% WF  52.8 PSV      35 N       7  --  C11 F7
G11 : T 117.65c W 100.00c S  17.15c (+155.8 L +157.6) LCB   88.71c P  7.50% WF  37.0 PSV      32 N       5  --  G11 D13 E13
E3  : T 119.02c W 100.00c S  18.81c (+157.2 L +158.7) LCB  106.72c P  3.92% WF  60.6 PSV      27 N       8  --  E3 L5 M6
G5  : T 119.64c W 100.00c S  19.56c (+157.8 L +159.7) LCB  113.04c P  2.40% WF  84.5 PSV      22 N      11  --  G5 H6 F7
J13 : T 118.32c W 100.00c S  18.05c (+156.8 L +158.8) LCB   75.42c P  3.34% WF  30.0 PSV      17 N       4  --  J13 D5
E13 : T 120.50c W 100.00c S  19.60c (+158.3 L +159.8) LCB  -28.48c P  1.59% WF  15.4 PSV      16 N       2  --  E13 G11
D13 : T 119.74c W 100.00c S  19.69c (+158.2 L +160.0) LCB  100.15c P  1.70% WF  45.8 PSV      15 N       6  --  D13 H4

2026-07-17 04:13:42+0100: = D5
2026-07-17 04:15:44+0100: Controller: play W L5
2026-07-17 04:15:44+0100: = 
2026-07-17 04:15:44+0100: Controller: genmove B
2026-07-17 04:15:45+0100: MoveNum: 78 HASH: 96387951AF58A05D9CE3AE69E8B0A761
   A B C D E F G H J K L M N
13 . . . . . O . . . O . . .
12 . . O X X X O O . O X . .
11 . . . O X O . . O O X O .
10 . O O X X O . X X X X X .
 9 O X X X O . O X O . O . .
 8 . O X O . O X X . . . . .
 7 O X X X O . X O . . . . .
 6 . O X X O1. O . . . . . .
 5 . . X X2X O . . . . O3@ .
 4 . . O X O . X . . . X O .
 3 . . X X . . . . X X X X O
 2 . . . . . . . . . O X O .
 1 . . . . . . . . . . . . .

koPOSITIONALscoreAREAtaxNONEsui1komi7.5
Time taken: 0.876238
Root visits: 206
New playouts: 157
NN rows: 156
NN batches: 52
NN avg batch size: 3
PV: M5 H4 G3 M6 N4 G11
Tree:
: T 121.01c W 100.00c S  20.66c (+158.7 L +160.4) N     206  --  M5 H4 G3 M6 N4 G11
---Black(^)---
M5  : T 122.63c W 100.00c S  22.12c (+160.3 L +161.9) LCB  120.39c P 10.82% WF 689.2 PSV     680 N      93  --  M5 H4 G3 M6 N4 G11
M6  : T 120.67c W 100.00c S  20.36c (+158.3 L +160.2) LCB  117.64c P 14.24% WF 243.5 PSV     105 N      32  --  M6 M5 M7 H4
J7  : T 119.25c W 100.00c S  19.08c (+156.6 L +158.6) LCB  114.85c P 13.06% WF  97.6 PSV      59 N      13  --  J7 J6 H6
K5  : T 120.94c W 100.00c S  20.63c (+158.4 L +160.2) LCB  117.81c P  6.44% WF 183.7 PSV      54 N      24  --  K5 L6 M9 K6
L7  : T 119.55c W 100.00c S  19.44c (+157.1 L +159.1) LCB  108.34c P  6.78% WF  60.4 PSV      33 N       8  --  L7 L6 K7
L6  : T 120.67c W 100.00c S  19.80c (+157.6 L +159.4) LCB   77.67c P  3.95% WF  30.5 PSV      29 N       4  --  L6 K5 M6
H6  : T 117.29c W 100.00c S  17.14c (+155.3 L +157.0) LCB   74.38c P  7.49% WF  28.9 PSV      22 N       4  --  H6 H5
K6  : T 118.96c W 100.00c S  18.81c (+156.4 L +158.5) LCB   76.14c P  5.03% WF  30.0 PSV      21 N       4  --  K6 K5 J6
M9  : T 119.18c W 100.00c S  18.91c (+157.1 L +158.9) LCB   91.26c P  4.60% WF  37.1 PSV      20 N       5  --  M9 F4
F7  : T 118.73c W 100.00c S  18.92c (+157.2 L +158.2) LCB  -30.43c P  2.68% WF  14.9 PSV      10 N       2  --  F7 M6

2026-07-17 04:15:45+0100: = M5
2026-07-17 04:18:29+0100: Controller: play W M6
2026-07-17 04:18:29+0100: = 
2026-07-17 04:18:29+0100: Controller: genmove B
2026-07-17 04:18:31+0100: MoveNum: 80 HASH: 9E8BD51711345A8002EBEB5A224D541C
   A B C D E F G H J K L M N
13 . . . . . O . . . O . . .
12 . . O X X X O O . O X . .
11 . . . O X O . . O O X O .
10 . O O X X O . X X X X X .
 9 O X X X O . O X O . O . .
 8 . O X O . O X X . . . . .
 7 O X X X O . X O . . . . .
 6 . O X X O . O . . . . O3.
 5 . . X X X O . . . . O1X2.
 4 . . O X O . X . . . X O @
 3 . . X X . . . . X X X X O
 2 . . . . . . . . . O X O .
 1 . . . . . . . . . . . . .

koPOSITIONALscoreAREAtaxNONEsui1komi7.5
Time taken: 1.88508
Root visits: 205
New playouts: 199
NN rows: 194
NN batches: 66
NN avg batch size: 2.93939
PV: N4 K7 K5 J5 H6
Tree:
: T 118.36c W 100.00c S  18.12c (+161.0 L +162.6) N     205  --  N4 K7 K5 J5 H6
---Black(^)---
N4  : T 118.74c W 100.00c S  18.49c (+161.3 L +162.9) LCB  117.40c P 77.64% WF 1460.2 PSV    1458 N     192  --  N4 K7 K5 J5 H6
L7  : T 113.72c W 100.00c S  13.63c (+157.3 L +158.6) LCB   70.60c P  5.79% WF  27.8 PSV      16 N       4  --  L7 N5 L6
K5  : T 111.00c W 100.00c S  12.12c (+155.9 L +157.1) LCB  -39.44c P  3.45% WF  13.7 PSV       6 N       2  --  K5 N5
L6  : T 112.45c W 100.00c S  13.05c (+156.8 L +158.5) LCB  -37.24c P  2.58% WF  13.9 PSV       5 N       2  --  L6 N5
N5  : T 107.89c W 100.00c S   7.89c (+152.1 L +154.1) LCB -242.11c P  3.02% WF   6.7 PSV       4 N       1  --  N5
K6  : T 112.94c W 100.00c S  12.94c (+156.3 L +158.5) LCB -237.06c P  1.70% WF   7.5 PSV       4 N       1  --  K6
M8  : T 109.67c W 100.00c S   9.67c (+153.8 L +155.4) LCB -240.33c P  1.97% WF   7.2 PSV       3 N       1  --  M8
J7  : T 113.57c W 100.00c S  13.57c (+156.9 L +158.9) LCB -236.43c P  0.66% WF   7.5 PSV       1 N       1  --  J7

2026-07-17 04:18:31+0100: = N4
2026-07-17 04:24:31+0100: Controller: play W N5
2026-07-17 04:24:31+0100: = 
2026-07-17 04:24:31+0100: Controller: genmove B
2026-07-17 04:24:33+0100: MoveNum: 82 HASH: 9FADA7AF49A8E08FBDFB430C6E6C7130
   A B C D E F G H J K L M N
13 . . . . . O . . . O . . .
12 . . O X X X O O . O X . .
11 . . . O X O . . O O X O .
10 . O O X X O . X X X X X .
 9 O X X X O . O X O . O . .
 8 . O X O . O X X . . . . .
 7 O X X X O . X O . . . . .
 6 . O X X O . O . . . . O1.
 5 . . X X X O . . . . O X O3
 4 . . O X O . X . . . X @ X2
 3 . . X X . . . . X X X X O
 2 . . . . . . . . . O X O .
 1 . . . . . . . . . . . . .

koPOSITIONALscoreAREAtaxNONEsui1komi7.5
Time taken: 2.02206
Root visits: 206
New playouts: 206
NN rows: 201
NN batches: 69
NN avg batch size: 2.91304
PV: M4 H6 J8 G11 F7
Tree:
: T 124.74c W 100.00c S  24.58c (+161.5 L +163.1) N     206  --  M4 H6 J8 G11 F7
---Black(^)---
M4  : T 125.23c W 100.00c S  24.93c (+161.7 L +163.3) LCB  123.60c P 36.40% WF 599.3 PSV     918 N      78  --  M4 H6 J8 G11 F7
N6  : T 125.27c W 100.00c S  25.19c (+162.1 L +163.7) LCB  123.47c P 44.80% WF 820.6 PSV     818 N     107  --  N6 N7 K5 N5
N2  : T 121.05c W 100.00c S  21.23c (+158.2 L +159.5) LCB  101.39c P 12.24% WF  45.0 PSV      39 N       6  --  N2 M4 K6
L7  : T 120.31c W 100.00c S  20.14c (+157.2 L +158.7) LCB  100.92c P  1.11% WF  41.1 PSV       3 N       6  --  L7 M4 L6 K6
L6  : T 119.09c W 100.00c S  19.02c (+156.0 L +157.8) LCB   76.24c P  0.71% WF  27.0 PSV       1 N       4  --  L6 M4 L7 K6
K5  : T 117.88c W 100.00c S  18.20c (+155.0 L +156.6) LCB   43.75c P  0.84% WF  21.5 PSV       1 N       3  --  K5 M4 L6
K6  : T 118.78c W 100.00c S  18.78c (+155.3 L +157.7) LCB -231.22c P  0.66% WF   7.6 PSV       1 N       1  --  K6

2026-07-17 04:24:33+0100: = M4
2026-07-17 04:26:41+0100: Controller: play W H4
2026-07-17 04:26:41+0100: = 
2026-07-17 04:26:41+0100: Controller: genmove B
2026-07-17 04:26:43+0100: MoveNum: 84 HASH: D368C77425A18872BF3BC92C1FB55B6E
   A B C D E F G H J K L M N
13 . . . . . O . . . O . . .
12 . . O X X X O O . O X . .
11 . . . O X O . . O O X O .
10 . O O X X O . X X X X X .
 9 O X X X O . O X O . O . .
 8 . O X O . O X X . . . . .
 7 O X X X O . X O . . . . .
 6 . O X X O . O . . . . O .
 5 . . X X X O . . . . O X O1
 4 . . O X O . X O3. . X X2X
 3 . . X X . . . @ X X X X O
 2 . . . . . . . . . O X O .
 1 . . . . . . . . . . . . .

koPOSITIONALscoreAREAtaxNONEsui1komi7.5
Time taken: 1.69944
Root visits: 205
New playouts: 199
NN rows: 200
NN batches: 68
NN avg batch size: 2.94118
PV: H3 K7 K5 J5 H6
Tree:
: T 118.74c W 100.00c S  18.55c (+160.2 L +161.9) N     205  --  H3 K7 K5 J5 H6
---Black(^)---
H3  : T 120.22c W 100.00c S  19.99c (+161.5 L +163.1) LCB  118.31c P 16.98% WF 530.3 PSV     524 N      68  --  H3 K7 K5 J5 H6
G3  : T 119.42c W 100.00c S  19.26c (+160.8 L +162.5) LCB  117.52c P 14.56% WF 400.9 PSV     176 N      52  --  G3 J7 L7 G11
F4  : T 118.71c W 100.00c S  18.69c (+160.1 L +161.9) LCB  116.65c P 11.94% WF 244.5 PSV      93 N      32  --  F4 H3 J2 H6
G11 : T 117.36c W 100.00c S  17.33c (+159.0 L +160.9) LCB   97.91c P  6.25% WF  45.2 PSV      29 N       6  --  G11 H3 J2
J7  : T 117.40c W 100.00c S  17.03c (+158.6 L +160.4) LCB   97.95c P  5.96% WF  45.1 PSV      28 N       6  --  J7 H3 F4
F7  : T 117.34c W 100.00c S  17.19c (+159.1 L +160.8) LCB   89.39c P  4.77% WF  37.2 PSV      22 N       5  --  F7 G3 F4
J5  : T 118.14c W 100.00c S  17.93c (+159.5 L +161.4) LCB  110.55c P  3.10% WF  75.9 PSV      19 N      10  --  J5 H5 H3
H5  : T 116.44c W 100.00c S  16.44c (+158.1 L +159.9) LCB   73.58c P  4.13% WF  29.4 PSV      15 N       4  --  H5 G3
H6  : T 114.39c W 100.00c S  14.15c (+156.4 L +158.2) LCB  -34.77c P  4.08% WF  14.5 PSV      10 N       2  --  H6 H5
K5  : T 115.10c W 100.00c S  15.27c (+157.4 L +158.7) LCB  -33.96c P  3.35% WF  14.7 PSV       9 N       2  --  K5 G3

2026-07-17 04:26:43+0100: = H3
2026-07-17 04:28:58+0100: Controller: play W B3
2026-07-17 04:28:58+0100: = 
2026-07-17 04:28:58+0100: Controller: genmove B
2026-07-17 04:29:00+0100: MoveNum: 86 HASH: E4270621F7B8C8033BEB1E8A7D175714
   A B C D E F G H J K L M N
13 . . . . . O . . . O . . .
12 . . O X X X O O . O X . .
11 . . . O X O . . O O X O .
10 . O O X X O . X X X X X .
 9 O X X X O . O X O . O . .
 8 . O X O . O X X . . . . .
 7 O X X X O . X O . . . . .
 6 . O X X O . O . . . . O .
 5 . . X X X O . . . . O X O
 4 . . O X O . X O1. . X X X
 3 . O3X X . . . X2X X X X O
 2 . @ . . . . . . . O X O .
 1 . . . . . . . . . . . . .

koPOSITIONALscoreAREAtaxNONEsui1komi7.5
Time taken: 2.17895
Root visits: 206
New playouts: 206
NN rows: 206
NN batches: 70
NN avg batch size: 2.94286
PV: B2 G3 H5 F4
Tree:
: T 115.31c W 100.00c S  15.11c (+160.4 L +161.9) N     206  --  B2 G3 H5 F4
---Black(^)---
B2  : T 116.74c W 100.00c S  16.53c (+161.6 L +163.0) LCB  113.74c P  6.35% WF 238.9 PSV     337 N      31  --  B2 G3 H5 F4
B4  : T 115.96c W 100.00c S  15.87c (+161.1 L +162.7) LCB  113.33c P  7.62% WF 269.1 PSV     268 N      35  --  B4 H6 G11 J8
C11 : T 116.29c W 100.00c S  15.83c (+161.1 L +162.5) LCB  112.98c P  5.50% WF 238.5 PSV     238 N      31  --  C11 J7 L7 G11
C2  : T 116.85c W 100.00c S  16.29c (+161.5 L +163.0) LCB  113.37c P  3.26% WF 208.9 PSV     207 N      27  --  C2 B5 C11 G11
B5  : T 115.73c W 100.00c S  15.37c (+160.7 L +162.2) LCB  112.43c P  7.53% WF 227.7 PSV     180 N      30  --  B5 J7 L7 G3
G13 : T 114.72c W 100.00c S  14.21c (+159.7 L +161.1) LCB   98.52c P  5.69% WF  52.2 PSV      53 N       7  --  G13 B5 B2
A10 : T 117.99c W 100.00c S  17.51c (+162.6 L +163.7) LCB   89.66c P  2.05% WF  38.7 PSV      39 N       5  --  A10 G3
F7  : T 114.00c W 100.00c S  14.28c (+159.6 L +160.9) LCB   39.05c P  3.48% WF  22.4 PSV      23 N       3  --  F7 B5
F4  : T 110.52c W 100.00c S  11.57c (+157.4 L +158.9) LCB  -38.86c P  4.03% WF  14.5 PSV      11 N       2  --  F4 B5
G11 : T 108.48c W 100.00c S   9.84c (+156.1 L +157.7) LCB  -40.85c P  4.94% WF  14.4 PSV      10 N       2  --  G11 B5

2026-07-17 04:29:00+0100: = B2
2026-07-17 04:30:42+0100: Controller: play W G3
2026-07-17 04:30:42+0100: = 
2026-07-17 04:30:42+0100: Controller: genmove B
2026-07-17 04:30:43+0100: MoveNum: 88 HASH: 918EFF66DA947F22232050A721647CC7
   A B C D E F G H J K L M N
13 . . . . . O . . . O . . .
12 . . O X X X O O . O X . .
11 . . . O X O . . O O X O .
10 . O O X X O . X X X X X .
 9 O X X X O . O X O . O . .
 8 . O X O . O X X . . . . .
 7 O X X X O . X O . . . . .
 6 . O X X O . O . . . . O .
 5 . . X X X O . @ . . O X O
 4 . . O X O . X O . . X X X
 3 . O1X X . . O3X X X X X O
 2 . X2. . . . . . . O X O .
 1 . . . . . . . . . . . . .

koPOSITIONALscoreAREAtaxNONEsui1komi7.5
Time taken: 0.576937
Root visits: 203
New playouts: 194
NN rows: 194
NN batches: 66
NN avg batch size: 2.93939
PV: H5 H6 J5 K7 M9
Tree:
: T 121.29c W 100.00c S  20.78c (+161.1 L +162.6) N     203  --  H5 H6 J5 K7 M9
---Black(^)---
H5  : T 122.76c W 100.00c S  22.08c (+162.5 L +164.0) LCB  120.64c P 27.78% WF 669.3 PSV     661 N      89  --  H5 H6 J5 K7 M9
F3  : T 121.45c W 100.00c S  20.98c (+161.1 L +162.6) LCB  119.34c P 14.37% WF 308.0 PSV     117 N      40  --  F3 J7 L7 J5
F4  : T 120.73c W 100.00c S  20.41c (+160.6 L +161.8) LCB  117.31c P  8.79% WF 202.9 PSV      53 N      27  --  F4 M12 L13 G5
J7  : T 120.84c W 100.00c S  20.44c (+160.5 L +162.0) LCB  116.99c P  7.35% WF 130.3 PSV      46 N      17  --  J7 F4 F3
F7  : T 119.41c W 100.00c S  19.32c (+159.2 L +161.0) LCB   99.74c P  5.18% WF  45.4 PSV      21 N       6  --  F7 F6 H5
G11 : T 118.59c W 100.00c S  18.53c (+158.2 L +160.0) LCB   90.88c P  6.38% WF  37.6 PSV      21 N       5  --  G11 F3
J5  : T 118.55c W 100.00c S  17.65c (+157.8 L +159.3) LCB   74.93c P  3.72% WF  29.8 PSV      12 N       4  --  J5 F3
K5  : T 118.63c W 100.00c S  18.63c (+159.1 L +160.5) LCB -231.37c P  1.49% WF   7.7 PSV       5 N       1  --  K5
E3  : T 116.81c W 100.00c S  16.81c (+157.5 L +159.1) LCB -233.19c P  1.98% WF   7.5 PSV       4 N       1  --  E3
G13 : T 113.09c W 100.00c S  13.09c (+154.9 L +156.7) LCB -236.91c P  2.06% WF   6.9 PSV       3 N       1  --  G13

2026-07-17 04:30:43+0100: = H5
2026-07-17 04:33:43+0100: Controller: play W J5
2026-07-17 04:33:43+0100: = 
2026-07-17 04:33:43+0100: Controller: genmove B
2026-07-17 04:33:46+0100: MoveNum: 90 HASH: 3935245ACE671B1D30BD4358127D7406
   A B C D E F G H J K L M N
13 . . . . . O . . . O . . .
12 . . O X X X O O . O X . .
11 . . . O X O . . O O X O .
10 . O O X X O . X X X X X .
 9 O X X X O . O X O . O . .
 8 . O X O . O X X . . . . .
 7 O X X X O . X O . . . . .
 6 . O X X O . O . . . . O .
 5 . . X X X O . X2O3. O X O
 4 . . O X O . X O @ . X X X
 3 . O X X . . O1X X X X X O
 2 . X . . . . . . . O X O .
 1 . . . . . . . . . . . . .

koPOSITIONALscoreAREAtaxNONEsui1komi7.5
Time taken: 3.1242
Root visits: 206
New playouts: 206
NN rows: 198
NN batches: 67
NN avg batch size: 2.95522
PV: J4 H6 K5 K6 J6 J7
Tree:
: T 123.19c W 100.00c S  22.67c (+161.4 L +163.0) N     206  --  J4 H6 K5 K6 J6 J7
---Black(^)---
J4  : T 124.10c W 100.00c S  23.78c (+162.4 L +163.9) LCB  122.22c P 45.01% WF 795.6 PSV     791 N     105  --  J4 H6 K5 K6 J6 J7
H6  : T 123.77c W 100.00c S  23.12c (+161.6 L +163.3) LCB  121.95c P 24.74% WF 537.3 PSV     326 N      70  --  H6 J4 J7 G5 J6 G11
F4  : T 121.70c W 100.00c S  21.24c (+160.3 L +161.8) LCB  114.73c P  2.51% WF  82.4 PSV      12 N      11  --  F4 H6 J4 G11
G11 : T 118.51c W 100.00c S  17.82c (+157.6 L +159.3) LCB   74.30c P  3.58% WF  28.3 PSV       9 N       4  --  G11 J4 F3
K5  : T 119.73c W 100.00c S  19.83c (+158.2 L +159.5) LCB   76.12c P  2.66% WF  29.4 PSV       8 N       4  --  K5 F4
J7  : T 118.06c W 100.00c S  19.34c (+157.4 L +159.5) LCB  -31.29c P  2.30% WF  14.7 PSV       5 N       2  --  J7 J4
J6  : T 121.09c W 100.00c S  21.09c (+159.3 L +161.1) LCB -228.91c P  1.00% WF   7.7 PSV       4 N       1  --  J6
F7  : T 111.71c W 100.00c S  11.71c (+151.6 L +153.8) LCB -238.29c P  2.42% WF   6.9 PSV       3 N       1  --  F7
F3  : T 117.85c W 100.00c S  17.85c (+156.8 L +158.6) LCB -232.15c P  1.27% WF   7.5 PSV       3 N       1  --  F3
K6  : T 113.92c W 100.00c S  13.92c (+153.6 L +155.7) LCB -236.10c P  1.28% WF   7.2 PSV       1 N       1  --  K6

2026-07-17 04:33:46+0100: = J4
2026-07-17 04:35:48+0100: Controller: play W C2
2026-07-17 04:35:48+0100: = 
2026-07-17 04:35:48+0100: Controller: genmove B
2026-07-17 04:35:50+0100: MoveNum: 92 HASH: A14B9062C37D26DED76BC2437EC1F551
   A B C D E F G H J K L M N
13 . . . . . O . . . O . . .
12 . . O X X X O O . O X . .
11 . . . O X O . . O O X O .
10 . O O X X O . X X X X X .
 9 O X X X O . O X O . O . .
 8 . O X O . O X X . . . . .
 7 O X X X O . X O . . . . .
 6 . O X X O . O . . . . O .
 5 . . X X X O . X O1. O X O
 4 . . O X O . X . X2. X X X
 3 . O X X . . O X X X X X O
 2 . X O3@ . . . . . O X O .
 1 . . . . . . . . . . . . .

koPOSITIONALscoreAREAtaxNONEsui1komi7.5
Time taken: 1.53615
Root visits: 206
New playouts: 206
NN rows: 206
NN batches: 70
NN avg batch size: 2.94286
PV: D2 H6 M12 K5
Tree:
: T 118.77c W 100.00c S  18.41c (+160.3 L +161.8) N     206  --  D2 H6 M12 K5
---Black(^)---
D2  : T 120.19c W 100.00c S  19.71c (+161.5 L +162.8) LCB  117.37c P 19.54% WF 367.0 PSV     363 N      48  --  D2 H6 M12 K5
B4  : T 119.26c W 100.00c S  18.88c (+160.6 L +162.1) LCB  117.00c P 16.34% WF 278.3 PSV     147 N      36  --  B4 H6 M12 J8
A2  : T 119.33c W 100.00c S  19.08c (+160.8 L +162.4) LCB  116.30c P  7.59% WF 194.4 PSV      71 N      25  --  A2 H6 K5 G11
B1  : T 118.35c W 100.00c S  18.21c (+160.0 L +161.7) LCB  114.78c P  8.39% WF 161.7 PSV      50 N      21  --  B1 H6 K5 G11
C11 : T 119.31c W 100.00c S  18.36c (+160.0 L +161.6) LCB  111.66c P  3.97% WF  76.4 PSV      36 N      10  --  C11 D2 B4
C1  : T 118.60c W 100.00c S  18.22c (+160.1 L +161.4) LCB  113.61c P  3.76% WF 130.7 PSV      24 N      17  --  C1 H6 M12 G11
A3  : T 118.34c W 100.00c S  18.08c (+160.0 L +161.5) LCB  111.76c P  3.14% WF  92.6 PSV      18 N      12  --  A3 H6 K5
B5  : T 118.52c W 100.00c S  18.16c (+160.1 L +161.5) LCB  111.38c P  2.54% WF  91.8 PSV      16 N      12  --  B5 D2 E2
F4  : T 117.93c W 100.00c S  17.69c (+159.6 L +160.9) LCB  102.44c P  2.53% WF  52.0 PSV      13 N       7  --  F4 B1 A2
G13 : T 115.99c W 100.00c S  15.82c (+157.9 L +159.5) LCB  -33.46c P  3.17% WF  14.5 PSV      10 N       2  --  G13 A2

2026-07-17 04:35:50+0100: = D2
2026-07-17 04:38:17+0100: Controller: play W A2
2026-07-17 04:38:17+0100: = 
2026-07-17 04:38:17+0100: Controller: genmove B
2026-07-17 04:38:19+0100: MoveNum: 94 HASH: 8C25225328AC89F76A0ED32E604A4C8D
   A B C D E F G H J K L M N
13 . . . . . O . . . O . . .
12 . . O X X X O O . O X . .
11 . . . O X O . . O O X O .
10 . O O X X O . X X X X X .
 9 O X X X O . O X O . O . .
 8 . O X O . O X X . . . . .
 7 O X X X O . X O . . . . .
 6 . O X X O . O . . . . O .
 5 . . X X X O . X O . O X O
 4 . . O X O . X . X . X X X
 3 . O X X . . O X X X X X O
 2 O3X O1X2. . . . . O X O .
 1 . @ . . . . . . . . . . .

koPOSITIONALscoreAREAtaxNONEsui1komi7.5
Time taken: 2.17935
Root visits: 203
New playouts: 199
NN rows: 200
NN batches: 68
NN avg batch size: 2.94118
PV: B1 H6 K5 K6 J6
Tree:
: T 122.07c W 100.00c S  21.63c (+162.5 L +163.8) N     203  --  B1 H6 K5 K6 J6
---Black(^)---
B1  : T 122.46c W 100.00c S  22.08c (+162.7 L +164.2) LCB  120.44c P 44.79% WF 709.5 PSV     973 N      94  --  B1 H6 K5 K6 J6
C1  : T 122.32c W 100.00c S  21.82c (+162.8 L +164.0) LCB  120.08c P 52.66% WF 772.6 PSV     772 N     104  --  C1 M12 L13 H6 M9
D1  : T 105.34c W 100.00c S   8.28c (+150.9 L +151.9) LCB  -44.62c P  0.81% WF  13.3 PSV       0 N       2  --  D1 B1
B4  : T 107.96c W 100.00c S   7.96c (+150.7 L +151.6) LCB -242.04c P  0.36% WF   6.9 PSV       0 N       1  --  B4
A4  : T 106.25c W 100.00c S   6.25c (+149.2 L +150.2) LCB -243.75c P  0.20% WF   6.2 PSV       0 N       1  --  A4

2026-07-17 04:38:19+0100: = B1
2026-07-17 04:40:37+0100: Controller: play W E2
2026-07-17 04:40:37+0100: = 
2026-07-17 04:40:37+0100: Controller: genmove B
2026-07-17 04:40:39+0100: MoveNum: 96 HASH: 97FE744F303CFD91D083658058D6FBD1
   A B C D E F G H J K L M N
13 . . . . . O . . . O . . .
12 . . O X X X O O . O X . .
11 . . @ O X O . . O O X O .
10 . O O X X O . X X X X X .
 9 O X X X O . O X O . O . .
 8 . O X O . O X X . . . . .
 7 O X X X O . X O . . . . .
 6 . O X X O . O . . . . O .
 5 . . X X X O . X O . O X O
 4 . . O X O . X . X . X X X
 3 . O X X . . O X X X X X O
 2 O1X O X O3. . . . O X O .
 1 . X2. . . . . . . . . . .

koPOSITIONALscoreAREAtaxNONEsui1komi7.5
Time taken: 2.05319
Root visits: 205
New playouts: 205
NN rows: 203
NN batches: 69
NN avg batch size: 2.94203
PV: C11 H6 K5 G11
Tree:
: T 113.12c W 100.00c S  13.15c (+161.8 L +163.2) N     205  --  C11 H6 K5 G11
---Black(^)---
C11 : T 114.44c W 100.00c S  14.22c (+162.7 L +164.1) LCB  111.06c P  4.58% WF 240.3 PSV     238 N      31  --  C11 H6 K5 G11
G13 : T 112.89c W 100.00c S  13.16c (+161.8 L +163.6) LCB  106.83c P  7.86% WF  91.9 PSV      70 N      12  --  G13 H6 G11
E3  : T 113.84c W 100.00c S  13.69c (+162.2 L +163.4) LCB  106.94c P  3.25% WF  99.9 PSV      58 N      13  --  E3 H6 K5
F4  : T 113.34c W 100.00c S  13.20c (+161.8 L +162.9) LCB  105.82c P  4.44% WF  91.4 PSV      52 N      12  --  F4 H6 K5
M12 : T 113.34c W 100.00c S  13.63c (+162.2 L +163.5) LCB  105.95c P  4.26% WF  91.7 PSV      49 N      12  --  M12 H6 F4
K5  : T 114.10c W 100.00c S  14.28c (+162.6 L +163.8) LCB  107.48c P  1.89% WF  93.0 PSV      47 N      12  --  K5 F4 G2
K9  : T 115.81c W 100.00c S  15.99c (+163.9 L +164.8) LCB   95.65c P  1.18% WF  46.9 PSV      47 N       6  --  K9 F4 G2
J13 : T 112.66c W 100.00c S  12.91c (+161.7 L +163.3) LCB   96.03c P  5.80% WF  53.6 PSV      46 N       7  --  J13 H6 K5
F7  : T 113.45c W 100.00c S  13.45c (+161.9 L +163.2) LCB  107.70c P  3.50% WF  99.9 PSV      44 N      13  --  F7 B5 C11 B11
H6  : T 112.81c W 100.00c S  12.97c (+161.5 L +162.3) LCB   93.24c P  4.48% WF  45.5 PSV      38 N       6  --  H6 F4 E3

2026-07-17 04:40:39+0100: = C11
2026-07-17 04:43:26+0100: Controller: play W B11
2026-07-17 04:43:26+0100: = 
2026-07-17 04:43:26+0100: Controller: genmove B
2026-07-17 04:43:27+0100: MoveNum: 98 HASH: 0A9256014CD2D6EB8F689D4B9EC32D30
   A B C D E F G H J K L M N
13 . . . . . O . . . O . . .
12 . . O X X X O O . O X @ .
11 . O3X2. X O . . O O X O .
10 . O O X X O . X X X X X .
 9 O X X X O . O X O . O . .
 8 . O X O . O X X . . . . .
 7 O X X X O . X O . . . . .
 6 . O X X O . O . . . . O .
 5 . . X X X O . X O . O X O
 4 . . O X O . X . X . X X X
 3 . O X X . . O X X X X X O
 2 O X O X O1. . . . O X O .
 1 . X . . . . . . . . . . .

koPOSITIONALscoreAREAtaxNONEsui1komi7.5
Time taken: 1.37125
Root visits: 206
New playouts: 205
NN rows: 205
NN batches: 69
NN avg batch size: 2.97101
PV: M12 F4 G2 H6
Tree:
: T 112.20c W 100.00c S  12.17c (+161.8 L +163.3) N     206  --  M12 F4 G2 H6
---Black(^)---
M12 : T 113.74c W 100.00c S  13.61c (+162.9 L +164.3) LCB  110.68c P  3.59% WF 177.9 PSV     349 N      23  --  M12 F4 G2 H6
B12 : T 112.62c W 100.00c S  12.40c (+162.0 L +163.5) LCB  108.57c P  7.26% WF 184.4 PSV     184 N      24  --  B12 H6 K5 G11
G13 : T 112.31c W 100.00c S  12.08c (+161.7 L +163.5) LCB  107.50c P  7.71% WF 121.9 PSV     122 N      16  --  G13 H6 F7
J13 : T 112.45c W 100.00c S  12.44c (+162.0 L +163.7) LCB  108.05c P  5.56% WF 122.1 PSV     111 N      16  --  J13 F4 G11
G10 : T 113.05c W 100.00c S  12.75c (+162.3 L +163.7) LCB  107.12c P  1.40% WF 115.3 PSV     107 N      15  --  G10 H6 K5
B13 : T 114.09c W 100.00c S  13.63c (+162.9 L +164.4) LCB  108.43c P  1.84% WF 100.8 PSV     100 N      13  --  B13 H6 K5
A10 : T 111.96c W 100.00c S  11.61c (+161.4 L +162.9) LCB  105.26c P  8.30% WF  98.6 PSV      99 N      13  --  A10 H6 M9
C13 : T 112.16c W 100.00c S  11.84c (+161.6 L +163.1) LCB  106.51c P  5.79% WF  98.9 PSV      85 N      13  --  C13 H6 G11
A12 : T 112.59c W 100.00c S  12.54c (+162.1 L +163.5) LCB  105.11c P  3.20% WF  84.1 PSV      78 N      11  --  A12 H6 K5
L13 : T 113.04c W 100.00c S  12.58c (+162.0 L +163.0) LCB   97.72c P  2.33% WF  53.2 PSV      53 N       7  --  L13 C13 A10

2026-07-17 04:43:27+0100: = M12
2026-07-17 04:44:57+0100: Controller: play W D11
2026-07-17 04:44:57+0100: = 
2026-07-17 04:44:57+0100: Controller: genmove B
2026-07-17 04:44:59+0100: MoveNum: 100 HASH: B39E984724159B7AD41EC79BD013B0C8
   A B C D E F G H J K L M N
13 . . . . . O @ . . O . . .
12 . . O X X X O O . O X X2.
11 . O1. O3X O . . O O X O .
10 . O O X X O . X X X X X .
 9 O X X X O . O X O . O . .
 8 . O X O . O X X . . . . .
 7 O X X X O . X O . . . . .
 6 . O X X O . O . . . . O .
 5 . . X X X O . X O . O X O
 4 . . O X O . X . X . X X X
 3 . O X X . . O X X X X X O
 2 O X O X O . . . . O X O .
 1 . X . . . . . . . . . . .

koPOSITIONALscoreAREAtaxNONEsui1komi7.5
Time taken: 1.93071
Root visits: 205
New playouts: 205
NN rows: 202
NN batches: 69
NN avg batch size: 2.92754
PV: G13 A12 B13 C13 A10
Tree:
: T 117.71c W 100.00c S  17.77c (+163.1 L +164.3) N     205  --  G13 A12 B13 C13 A10
---Black(^)---
G13 : T 118.89c W 100.00c S  18.44c (+163.7 L +165.0) LCB  116.24c P 11.29% WF 286.9 PSV     284 N      37  --  G13 A12 B13 C13 A10
A10 : T 118.39c W 100.00c S  18.16c (+163.6 L +164.8) LCB  115.73c P 13.68% WF 255.8 PSV     194 N      33  --  A10 H6 K5 F4
D13 : T 118.40c W 100.00c S  18.09c (+163.4 L +164.6) LCB  114.61c P  9.00% WF 154.4 PSV     129 N      20  --  D13 H6 K5 F4
A6  : T 119.46c W 100.00c S  19.48c (+164.5 L +165.0) LCB   99.79c P  0.69% WF  46.3 PSV      46 N       6  --  A6 F4
B13 : T 118.09c W 100.00c S  18.12c (+163.5 L +164.9) LCB  113.65c P  3.24% WF 122.0 PSV      36 N      16  --  B13 C13 A10 A11
A12 : T 117.57c W 100.00c S  17.08c (+162.5 L +163.5) LCB  109.23c P  4.38% WF  76.5 PSV      36 N      10  --  A12 D13 E13 F4
J13 : T 116.11c W 100.00c S  16.35c (+161.9 L +162.7) LCB   99.16c P  6.29% WF  52.1 PSV      29 N       7  --  J13 C13
C1  : T 118.55c W 100.00c S  18.24c (+163.6 L +165.1) LCB  115.12c P  1.72% WF 178.4 PSV      28 N      23  --  C1 F4 F7
B5  : T 117.26c W 100.00c S  17.74c (+163.0 L +163.6) LCB   96.01c P  2.76% WF  45.3 PSV      19 N       6  --  B5 C13
F4  : T 115.79c W 100.00c S  16.42c (+161.8 L +162.3) LCB   86.29c P  3.46% WF  37.3 PSV      15 N       5  --  F4 C13

2026-07-17 04:44:59+0100: = G13
2026-07-17 04:46:49+0100: Controller: play W H13
2026-07-17 04:46:49+0100: = 
2026-07-17 04:46:49+0100: Controller: genmove B
2026-07-17 04:46:51+0100: MoveNum: 102 HASH: C8054198F2FE247CE0EFF3F522790024
   A B C D E F G H J K L M N
13 . . . . . O .2O3. O . . .
12 . . O X X X O O . O X X .
11 . O . O1X O . . O O X O .
10 @ O O X X O . X X X X X .
 9 O X X X O . O X O . O . .
 8 . O X O . O X X . . . . .
 7 O X X X O . X O . . . . .
 6 . O X X O . O . . . . O .
 5 . . X X X O . X O . O X O
 4 . . O X O . X . X . X X X
 3 . O X X . . O X X X X X O
 2 O X O X O . . . . O X O .
 1 . X . . . . . . . . . . .

koPOSITIONALscoreAREAtaxNONEsui1komi7.5
Time taken: 1.88493
Root visits: 206
New playouts: 206
NN rows: 203
NN batches: 69
NN avg batch size: 2.94203
PV: A10 H6 K5 F4 G2
Tree:
: T 120.94c W 100.00c S  20.95c (+163.5 L +164.7) N     206  --  A10 H6 K5 F4 G2
---Black(^)---
A10 : T 122.21c W 100.00c S  21.88c (+164.4 L +165.8) LCB  120.35c P 15.63% WF 408.0 PSV     404 N      52  --  A10 H6 K5 F4 G2
E13 : T 122.19c W 100.00c S  21.70c (+164.3 L +165.5) LCB  119.79c P  6.58% WF 202.2 PSV     164 N      26  --  E13 A12 B13 C13 A10
C1  : T 122.25c W 100.00c S  21.71c (+164.4 L +165.8) LCB  118.57c P  1.58% WF 179.4 PSV      43 N      23  --  C1 H6 K5 G11
B13 : T 121.23c W 100.00c S  21.16c (+163.6 L +165.2) LCB  116.10c P  3.70% WF 116.5 PSV      37 N      15  --  B13 C13 A10 A11
A8  : T 120.77c W 100.00c S  20.54c (+163.1 L +164.4) LCB  115.97c P  3.67% WF 136.9 PSV      29 N      18  --  A8 A12 B13 A10
C11 : T 118.88c W 100.00c S  19.39c (+161.7 L +162.7) LCB   90.09c P  6.18% WF  37.6 PSV      25 N       5  --  C11 C13
A12 : T 117.85c W 100.00c S  18.31c (+160.9 L +162.3) LCB   73.39c P  7.10% WF  29.9 PSV      23 N       4  --  A12 D13
G11 : T 117.11c W 100.00c S  17.48c (+160.7 L +162.1) LCB   85.32c P  6.80% WF  36.2 PSV      19 N       5  --  G11 A12 B13
D13 : T 118.40c W 100.00c S  19.00c (+161.3 L +162.5) LCB   88.72c P  5.36% WF  37.2 PSV      18 N       5  --  D13 C13
B5  : T 120.07c W 100.00c S  20.37c (+162.6 L +163.4) LCB   99.03c P  2.43% WF  45.5 PSV      14 N       6  --  B5 C13

2026-07-17 04:46:51+0100: = A10
2026-07-17 04:48:02+0100: Controller: play W A11
2026-07-17 04:48:02+0100: = 
2026-07-17 04:48:02+0100: Controller: genmove B
2026-07-17 04:48:03+0100: MoveNum: 104 HASH: 43A065FE0B1CED419DC3EBE760ADAF7D
   A B C D E F G H J K L M N
13 . . . . . O . O1. O . . .
12 . . O X X X O O . O X X .
11 O3O . O X O . . O O X O .
10 .2O O X X O . X X X X X .
 9 O X X X O . O X O . O . .
 8 . O X O . O X X . . . . .
 7 O X X X O . X O . . . . .
 6 . O X X O . O . . . . O .
 5 . . X X X O . X O . O X O
 4 . @ O X O . X . X . X X X
 3 . O X X . . O X X X X X O
 2 O X O X O . . . . O X O .
 1 . X . . . . . . . . . . .

koPOSITIONALscoreAREAtaxNONEsui1komi7.5
Time taken: 1.3029
Root visits: 204
New playouts: 201
NN rows: 201
NN batches: 68
NN avg batch size: 2.95588
PV: B4 H6 K5 G11
Tree:
: T 118.12c W 100.00c S  18.17c (+163.7 L +164.9) N     204  --  B4 H6 K5 G11
---Black(^)---
B4  : T 120.45c W 100.00c S  19.93c (+165.3 L +166.5) LCB  117.92c P  2.48% WF 236.5 PSV     363 N      30  --  B4 H6 K5 G11
E13 : T 119.67c W 100.00c S  19.53c (+164.9 L +166.0) LCB  117.59c P  8.19% WF 249.9 PSV     247 N      32  --  E13 H6 K5 B5
B5  : T 120.02c W 100.00c S  19.37c (+164.9 L +166.1) LCB  117.11c P  4.89% WF 250.2 PSV     247 N      32  --  B5 H6 K5 F4 G2
C11 : T 116.98c W 100.00c S  16.73c (+162.5 L +163.8) LCB  105.32c P  6.41% WF  68.1 PSV      33 N       9  --  C11 B13 A12
D13 : T 117.76c W 100.00c S  17.89c (+163.2 L +164.2) LCB   97.08c P  5.11% WF  45.6 PSV      29 N       6  --  D13 B13
A8  : T 115.83c W 100.00c S  16.08c (+161.9 L +162.7) LCB   92.08c P  6.02% WF  44.8 PSV      23 N       6  --  A8 D13
A12 : T 116.78c W 100.00c S  16.40c (+162.2 L +163.5) LCB  102.66c P  4.25% WF  60.5 PSV      21 N       8  --  A12 B5 B4
F4  : T 115.16c W 100.00c S  15.65c (+161.6 L +162.4) LCB   83.40c P  5.01% WF  37.3 PSV      16 N       5  --  F4 D13
G2  : T 117.97c W 100.00c S  18.13c (+163.4 L +164.6) LCB   43.76c P  2.20% WF  22.9 PSV      16 N       3  --  G2 B5
H4  : T 119.63c W 100.00c S  19.13c (+164.5 L +165.9) LCB  -29.33c P  0.75% WF  15.6 PSV      16 N       2  --  H4 H6

2026-07-17 04:48:03+0100: = B4
2026-07-17 04:50:40+0100: Controller: play W A4
2026-07-17 04:50:40+0100: = 
2026-07-17 04:50:40+0100: Controller: genmove B
2026-07-17 04:50:42+0100: MoveNum: 106 HASH: CD15BA4845B65BA8A431194C8D4CA622
   A B C D E F G H J K L M N
13 . . . . @ O . O . O . . .
12 . . O X X X O O . O X X .
11 O1O . O X O . . O O X O .
10 . O O X X O . X X X X X .
 9 O X X X O . O X O . O . .
 8 . O X O . O X X . . . . .
 7 O X X X O . X O . . . . .
 6 . O X X O . O . . . . O .
 5 . . X X X O . X O . O X O
 4 O3X2. X O . X . X . X X X
 3 . O X X . . O X X X X X O
 2 O X O X O . . . . O X O .
 1 . X . . . . . . . . . . .

koPOSITIONALscoreAREAtaxNONEsui1komi7.5
Time taken: 1.98576
Root visits: 206
New playouts: 206
NN rows: 205
NN batches: 69
NN avg batch size: 2.97101
PV: E13 B5 A6 A5
Tree:
: T 117.37c W 100.00c S  17.36c (+164.1 L +165.1) N     206  --  E13 B5 A6 A5
---Black(^)---
E13 : T 119.02c W 100.00c S  18.86c (+165.3 L +166.3) LCB  116.64c P  4.41% WF 187.6 PSV     486 N      24  --  E13 B5 A6 A5
B5  : T 118.50c W 100.00c S  18.07c (+164.7 L +165.7) LCB  115.57c P 12.47% WF 302.9 PSV     300 N      39  --  B5 F4 G2 H6
A5  : T 118.10c W 100.00c S  17.95c (+164.6 L +165.5) LCB  114.85c P 13.76% WF 270.4 PSV     211 N      35  --  A5 F4 G2 H6
C11 : T 118.53c W 100.00c S  17.89c (+164.4 L +165.2) LCB  103.45c P  3.37% WF  53.9 PSV      54 N       7  --  C11 B13 A12
D13 : T 117.09c W 100.00c S  17.13c (+163.6 L +164.7) LCB   96.81c P  4.43% WF  45.6 PSV      29 N       6  --  D13 B5 A6
A3  : T 114.44c W 100.00c S  14.44c (+161.7 L +162.6) LCB   91.84c P  7.90% WF  44.5 PSV      28 N       6  --  A3 B13 A12
F4  : T 117.01c W 100.00c S  16.46c (+163.3 L +164.5) LCB  109.84c P  3.40% WF  99.4 PSV      26 N      13  --  F4 B5 A8
C1  : T 117.45c W 100.00c S  17.45c (+164.1 L +165.3) LCB  110.48c P  2.50% WF  92.2 PSV      24 N      12  --  C1 B5 C4
A6  : T 117.22c W 100.00c S  17.40c (+164.1 L +165.2) LCB  106.99c P  2.35% WF  76.8 PSV      20 N      10  --  A6 A5 B5
E3  : T 118.01c W 100.00c S  18.05c (+164.7 L +165.5) LCB  106.69c P  1.47% WF  69.5 PSV      20 N       9  --  E3 B5 C4

2026-07-17 04:50:42+0100: = E13
2026-07-17 04:52:46+0100: Controller: play W M13
2026-07-17 04:52:46+0100: = 
2026-07-17 04:52:46+0100: Controller: genmove B
2026-07-17 04:52:47+0100: MoveNum: 108 HASH: 456DA4E0708247C2B89BB882C25641C7
   A B C D E F G H J K L M N
13 . . . . X2O . O . O . O3.
12 . . O X X X O O . O X X .
11 O O . O X O . . O O X O .
10 . O O X X O @ X X X X X .
 9 O X X X O . O X O . O . .
 8 . O X O . O X X . . . . .
 7 O X X X O . X O . . . . .
 6 . O X X O . O . . . . O .
 5 . . X X X O . X O . O X O
 4 O1X . X O . X . X . X X X
 3 . O X X . . O X X X X X O
 2 O X O X O . . . . O X O .
 1 . X . . . . . . . . . . .

koPOSITIONALscoreAREAtaxNONEsui1komi7.5
Time taken: 1.57675
Root visits: 206
New playouts: 206
NN rows: 206
NN batches: 70
NN avg batch size: 2.94286
PV: G10 G11 F7 B5
Tree:
: T 113.06c W 100.00c S  13.15c (+165.1 L +166.0) N     206  --  G10 G11 F7 B5
---Black(^)---
G10 : T 114.45c W 100.00c S  14.61c (+166.3 L +167.3) LCB  112.24c P  1.77% WF 209.3 PSV     239 N      27  --  G10 G11 F7 B5
F7  : T 114.89c W 100.00c S  14.21c (+166.0 L +166.6) LCB  110.05c P  2.97% WF 115.8 PSV     115 N      15  --  F7 B5 A6
G11 : T 113.80c W 100.00c S  13.96c (+165.9 L +166.2) LCB  108.10c P  5.01% WF 144.3 PSV     105 N      19  --  G11 B5 C4 A8
C1  : T 113.87c W 100.00c S  13.92c (+165.7 L +166.7) LCB  106.77c P  3.49% WF  84.7 PSV      80 N      11  --  C1 H6 K5
A5  : T 113.39c W 100.00c S  13.36c (+165.3 L +166.3) LCB  104.45c P  4.80% WF  76.5 PSV      66 N      10  --  A5 H6 K5
F4  : T 113.20c W 100.00c S  13.19c (+165.1 L +165.9) LCB   98.99c P  4.97% WF  61.3 PSV      59 N       8  --  F4 H6 K5
L13 : T 113.55c W 100.00c S  13.85c (+165.7 L +166.7) LCB  108.15c P  3.59% WF 115.4 PSV      57 N      15  --  L13 H6 G11
A8  : T 113.29c W 100.00c S  12.90c (+164.9 L +165.7) LCB  100.16c P  4.35% WF  61.2 PSV      55 N       8  --  A8 H6 K5
B13 : T 113.69c W 100.00c S  13.84c (+165.6 L +166.4) LCB   98.82c P  2.65% WF  53.5 PSV      48 N       7  --  B13 H6 K5
B5  : T 112.87c W 100.00c S  13.11c (+165.0 L +166.2) LCB   92.69c P  4.76% WF  45.7 PSV      45 N       6  --  B5 H6 J8

2026-07-17 04:52:47+0100: = G10
2026-07-17 04:55:10+0100: Controller: play W B5
2026-07-17 04:55:10+0100: = 
2026-07-17 04:55:10+0100: Controller: genmove B
2026-07-17 04:55:11+0100: MoveNum: 110 HASH: 294694F4BA6E3BB273CE6BDF36C7F63E
   A B C D E F G H J K L M N
13 . . . . X O . O . O . O1.
12 . . O X X X O O . O X X .
11 O O . O X O . . O O X O .
10 . O O X X O X2X X X X X .
 9 O X X X O . O X O . O . .
 8 . O X O . O X X . . . . .
 7 O X X X O . X O . . . . .
 6 . O X X O . O . . . . O .
 5 . O3X X X O . X O . O X O
 4 O X @ X O . X . X . X X X
 3 . O X X . . O X X X X X O
 2 O X O X O . . . . O X O .
 1 . X . . . . . . . . . . .

koPOSITIONALscoreAREAtaxNONEsui1komi7.5
Time taken: 1.63199
Root visits: 206
New playouts: 200
NN rows: 198
NN batches: 66
NN avg batch size: 3
PV: C4 G11 F7 F6 H6
Tree:
: T 118.87c W 100.00c S  19.25c (+165.0 L +165.8) N     206  --  C4 G11 F7 F6 H6
---Black(^)---
C4  : T 120.46c W 100.00c S  20.43c (+165.9 L +166.9) LCB  118.47c P 12.45% WF 405.7 PSV     496 N      52  --  C4 G11 F7 F6 H6
A6  : T 120.62c W 100.00c S  20.82c (+166.5 L +167.1) LCB  118.17c P 12.26% WF 417.4 PSV     412 N      54  --  A6 H6 K5 A5 A3
A8  : T 120.23c W 100.00c S  19.17c (+164.9 L +165.6) LCB  115.60c P  8.38% WF 170.4 PSV     160 N      22  --  A8 B13 A12 A6
A3  : T 119.79c W 100.00c S  19.34c (+165.2 L +166.0) LCB  116.73c P 12.20% WF 247.3 PSV     157 N      32  --  A3 H6 K5 B3 C4 F4
B13 : T 115.33c W 100.00c S  15.95c (+161.7 L +162.7) LCB   41.07c P  5.00% WF  22.3 PSV      14 N       3  --  B13 A6
C1  : T 112.39c W 100.00c S  15.48c (+161.7 L +162.8) LCB  -37.12c P  5.61% WF  14.6 PSV      11 N       2  --  C1 A6
G11 : T 111.81c W 100.00c S  15.05c (+161.3 L +162.1) LCB  -37.72c P  5.24% WF  14.5 PSV       9 N       2  --  G11 A6
A12 : T 114.65c W 100.00c S  16.71c (+162.6 L +163.7) LCB  -34.67c P  3.09% WF  14.8 PSV       8 N       2  --  A12 A6
C11 : T 113.90c W 100.00c S  16.31c (+162.1 L +163.1) LCB  -35.64c P  2.91% WF  14.7 PSV       7 N       2  --  C11 B13
F9  : T 113.86c W 100.00c S  16.32c (+162.3 L +163.0) LCB  -35.56c P  2.51% WF  14.7 PSV       6 N       2  --  F9 A6

2026-07-17 04:55:11+0100: = C4
2026-07-17 04:57:10+0100: Controller: play W C1
2026-07-17 04:57:10+0100: = 
2026-07-17 04:57:10+0100: Controller: genmove B
2026-07-17 04:57:12+0100: MoveNum: 112 HASH: 1B369CA9B47B44DE9DCECCA2CAA96996
   A B C D E F G H J K L M N
13 . . . . X O . O . O . O .
12 . . O X X X O O . O X X .
11 O O . O X O . . O O X O .
10 . O O X X O X X X X X X .
 9 O X X X O . O X O . O . .
 8 . O X O . O X X . . . . .
 7 O X X X O . X O . . . . .
 6 . O X X O . O . . . . O .
 5 . O1X X X O . X O . O X O
 4 O X X2X O . X . X . X X X
 3 . O X X . . O X X X X X O
 2 O X O X O . . . . O X O .
 1 . X O3@ . . . . . . . . .

koPOSITIONALscoreAREAtaxNONEsui1komi7.5
Time taken: 1.41316
Root visits: 205
New playouts: 205
NN rows: 201
NN batches: 69
NN avg batch size: 2.91304
PV: D1 H6 K5 G11 J6
Tree:
: T 128.98c W 100.00c S  28.89c (+165.6 L +166.5) N     205  --  D1 H6 K5 G11 J6
---Black(^)---
D1  : T 129.65c W 100.00c S  29.66c (+166.9 L +167.7) LCB  128.62c P 65.71% WF 992.5 PSV     987 N     127  --  D1 H6 K5 G11 J6
A3  : T 128.10c W 100.00c S  27.88c (+163.9 L +164.9) LCB  126.17c P 20.45% WF 264.1 PSV     124 N      34  --  A3 H6 K5 B3
A6  : T 129.06c W 100.00c S  28.63c (+165.0 L +165.8) LCB  127.27c P  3.98% WF 218.4 PSV      38 N      28  --  A6 A5 D1 B13 A12
A8  : T 127.02c W 100.00c S  26.22c (+161.3 L +162.6) LCB  117.80c P  3.43% WF  68.6 PSV      14 N       9  --  A8 B13 A12
A5  : T 122.49c W 100.00c S  24.13c (+159.4 L +161.0) LCB   48.07c P  4.16% WF  21.9 PSV       8 N       3  --  A5 A1
B13 : T 123.05c W 100.00c S  23.02c (+158.9 L +160.0) LCB   49.22c P  0.71% WF  21.7 PSV       1 N       3  --  B13 C13

2026-07-17 04:57:12+0100: = D1
2026-07-17 04:58:50+0100: Controller: play W N12
2026-07-17 04:58:50+0100: = 
2026-07-17 04:58:50+0100: Controller: genmove B
2026-07-17 04:58:51+0100: MoveNum: 114 HASH: BA5F36D7627136E4B466995C83E9E3E6
   A B C D E F G H J K L M N
13 . . . . X O . O . O @ O .
12 . . O X X X O O . O X X O3
11 O O . O X O . . O O X O .
10 . O O X X O X X X X X X .
 9 O X X X O . O X O . O . .
 8 . O X O . O X X . . . . .
 7 O X X X O . X O . . . . .
 6 . O X X O . O . . . . O .
 5 . O X X X O . X O . O X O
 4 O X X X O . X . X . X X X
 3 . O X X . . O X X X X X O
 2 O X . X O . . . . O X O .
 1 . X .1X2. . . . . . . . .

koPOSITIONALscoreAREAtaxNONEsui1komi7.5
Time taken: 1.17018
Root visits: 206
New playouts: 206
NN rows: 206
NN batches: 70
NN avg batch size: 2.94286
PV: L13 G11 K5
Tree:
: T 116.22c W 100.00c S  16.31c (+166.9 L +167.4) N     206  --  L13 G11 K5
---Black(^)---
L13 : T 118.55c W 100.00c S  18.32c (+168.6 L +168.9) LCB  114.76c P  4.96% WF 157.6 PSV     155 N      20  --  L13 G11 K5
B13 : T 118.23c W 100.00c S  17.75c (+167.8 L +167.9) LCB   98.33c P  2.62% WF  46.8 PSV      47 N       6  --  B13 L13
N11 : T 116.78c W 100.00c S  16.50c (+167.0 L +167.7) LCB  110.63c P  4.41% WF 108.3 PSV      33 N      14  --  N11 H6 K5
A8  : T 116.92c W 100.00c S  16.73c (+167.2 L +167.8) LCB  110.96c P  3.98% WF 116.2 PSV      32 N      15  --  A8 G11 F9
A12 : T 117.01c W 100.00c S  16.99c (+167.3 L +167.9) LCB  111.74c P  3.38% WF 108.9 PSV      28 N      14  --  A12 L13 H6
J12 : T 120.06c W 100.00c S  19.01c (+169.0 L +169.4) LCB   46.11c P  1.50% WF  23.6 PSV      24 N       3  --  J12 H6
G11 : T 114.15c W 100.00c S  14.74c (+165.6 L +165.7) LCB   96.06c P  5.90% WF  52.8 PSV      21 N       7  --  G11 pass A8
N6  : T 117.53c W 100.00c S  17.34c (+167.8 L +168.2) LCB  112.35c P  1.80% WF 132.9 PSV      20 N      17  --  N6 L13 N11 G11
A5  : T 117.13c W 100.00c S  17.63c (+168.0 L +168.4) LCB  112.04c P  2.25% WF 116.7 PSV      20 N      15  --  A5 G11 H6
M9  : T 116.82c W 100.00c S  17.01c (+167.7 L +167.2) LCB   96.72c P  2.53% WF  54.0 PSV      19 N       7  --  M9 B13

2026-07-17 04:58:51+0100: = L13
2026-07-17 05:00:19+0100: Controller: play W N10
2026-07-17 05:00:19+0100: = 
2026-07-17 05:00:19+0100: Controller: genmove B
2026-07-17 05:00:22+0100: MoveNum: 116 HASH: 6131C0CC8119CFC8B9B372518F602184
   A B C D E F G H J K L M N
13 . . . . X O . O . O X2O @
12 . . O X X X O O . O X X O1
11 O O . O X O . . O O X O .
10 . O O X X O X X X X X X O3
 9 O X X X O . O X O . O . .
 8 . O X O . O X X . . . . .
 7 O X X X O . X O . . . . .
 6 . O X X O . O . . . . O .
 5 . O X X X O . X O . O X O
 4 O X X X O . X . X . X X X
 3 . O X X . . O X X X X X O
 2 O X . X O . . . . O X O .
 1 . X . X . . . . . . . . .

koPOSITIONALscoreAREAtaxNONEsui1komi7.5
Time taken: 2.06484
Root visits: 206
New playouts: 206
NN rows: 206
NN batches: 70
NN avg batch size: 2.94286
PV: N13 G11 H6
Tree:
: T 111.12c W 100.00c S  11.08c (+166.5 L +166.8) N     206  --  N13 G11 H6
---Black(^)---
N13 : T 112.39c W 100.00c S  11.84c (+167.1 L +167.8) LCB  106.92c P  4.30% WF 124.0 PSV     177 N      16  --  N13 G11 H6
N6  : T 112.38c W 100.00c S  11.97c (+167.2 L +167.5) LCB  106.42c P  1.86% WF 131.2 PSV     130 N      17  --  N6 pass G11 pass
N9  : T 112.15c W 100.00c S  11.39c (+166.8 L +167.0) LCB  104.45c P  5.72% WF 115.7 PSV     115 N      15  --  N9 pass N11
M9  : T 111.81c W 100.00c S  11.22c (+166.6 L +166.7) LCB  103.78c P  4.37% WF 115.3 PSV      99 N      15  --  M9 pass G11 pass
J7  : T 112.39c W 100.00c S  11.42c (+166.8 L +166.6) LCB  102.97c P  2.01% WF  84.5 PSV      84 N      11  --  J7 pass A8
A12 : T 111.92c W 100.00c S  12.08c (+167.2 L +167.8) LCB   98.27c P  3.24% WF  61.3 PSV      62 N       8  --  A12 H6 K5
A5  : T 112.37c W 100.00c S  12.68c (+167.7 L +168.2) LCB   99.23c P  1.59% WF  61.3 PSV      61 N       8  --  A5 H6 K5
K9  : T 115.30c W 100.00c S  14.92c (+169.7 L +169.0) LCB   99.03c P  1.68% WF  54.9 PSV      54 N       7  --  K9 pass G11
J8  : T 113.44c W 100.00c S  13.32c (+168.5 L +167.9) LCB   87.41c P  1.67% WF  46.6 PSV      47 N       6  --  J8 B13
M7  : T 116.02c W 100.00c S  15.67c (+170.1 L +169.6) LCB   95.57c P  1.07% WF  47.0 PSV      46 N       6  --  M7 L7

2026-07-17 05:00:22+0100: = N13
2026-07-17 05:00:59+0100: Controller: play W C2
2026-07-17 05:00:59+0100: = 
2026-07-17 05:00:59+0100: Controller: genmove B
2026-07-17 05:01:02+0100: MoveNum: 118 HASH: 5C3B5546669302F2F6C2337EF4645DCC
   A B C D E F G H J K L M N
13 . . . . X O . O . O X . X2
12 . . O X X X O O . O X X O
11 O O . O X O . . O O X O .
10 . O O X X O X X X X X X O1
 9 O X X X O . O X O . O . .
 8 . O X O . O X X . . . . .
 7 O X X X O . X O . . . . .
 6 . O X X O . O . . . . O .
 5 . O X X X O . X O . O X O
 4 O X X X O . X . X . X X X
 3 . O X X . . O X X X X X O
 2 O X O3X O . . . . O X O .
 1 . X @ X . . . . . . . . .

koPOSITIONALscoreAREAtaxNONEsui1komi7.5
Time taken: 2.42503
Root visits: 206
New playouts: 206
NN rows: 206
NN batches: 70
NN avg batch size: 2.94286
PV: C1 H6 K5 G11
Tree:
: T 115.10c W 100.00c S  15.40c (+167.1 L +167.4) N     206  --  C1 H6 K5 G11
---Black(^)---
C1  : T 117.12c W 100.00c S  16.82c (+168.5 L +168.7) LCB  112.70c P  7.72% WF 226.8 PSV     223 N      29  --  C1 H6 K5 G11
A6  : T 117.25c W 100.00c S  17.26c (+168.7 L +168.9) LCB  112.25c P  2.67% WF 132.9 PSV      97 N      17  --  A6 A5 C1 H6
A12 : T 116.30c W 100.00c S  15.78c (+167.4 L +167.8) LCB  110.52c P  4.01% WF 124.3 PSV      52 N      16  --  A12 pass G11
A5  : T 116.31c W 100.00c S  17.38c (+168.7 L +169.1) LCB  110.06c P  2.54% WF 116.9 PSV      33 N      15  --  A5 A6 C1 H6
B13 : T 118.00c W 100.00c S  17.08c (+168.4 L +168.4) LCB   74.25c P  3.04% WF  31.2 PSV      31 N       4  --  B13 C13
N11 : T 114.29c W 100.00c S  14.66c (+166.5 L +166.7) LCB   89.22c P  5.45% WF  45.8 PSV      30 N       6  --  N11 B13
J13 : T 116.66c W 100.00c S  16.71c (+168.3 L +168.7) LCB  105.65c P  1.71% WF  85.7 PSV      29 N      11  --  J13 G11 H6
J8  : T 120.75c W 100.00c S  19.62c (+171.0 L +170.3) LCB   46.69c P  1.19% WF  23.9 PSV      24 N       3  --  J8 G11
C11 : T 114.78c W 100.00c S  14.87c (+166.8 L +167.2) LCB   66.72c P  3.44% WF  30.7 PSV      22 N       4  --  C11 B13
M9  : T 115.56c W 100.00c S  15.72c (+167.2 L +167.1) LCB   71.87c P  1.91% WF  30.6 PSV      16 N       4  --  M9 pass

2026-07-17 05:01:02+0100: = C1
2026-07-17 05:01:39+0100: Controller: play W M13
2026-07-17 05:01:39+0100: = 
2026-07-17 05:01:39+0100: Controller: genmove B
2026-07-17 05:01:41+0100: MoveNum: 120 HASH: 430B3448FE0C4C0264012861898904C2
   A B C D E F G H J K L M N
13 . . . . X O . O . O X O3.
12 . . O X X X O O . O X X O
11 O O . O X O . . O O X O .
10 . O O X X O X X X X X X O
 9 O X X X O . O X O . O . .
 8 @ O X O . O X X . . . . .
 7 O X X X O . X O . . . . .
 6 . O X X O . O . . . . O .
 5 . O X X X O . X O . O X O
 4 O X X X O . X . X . X X X
 3 . O X X . . O X X X X X O
 2 O X .1X O . . . . O X O .
 1 . X X2X . . . . . . . . .

koPOSITIONALscoreAREAtaxNONEsui1komi7.5
Time taken: 2.16547
Root visits: 206
New playouts: 205
NN rows: 206
NN batches: 70
NN avg batch size: 2.94286
PV: A8 G11 H6 F4
Tree:
: T 109.68c W 100.00c S   9.43c (+166.7 L +167.0) N     206  --  A8 G11 H6 F4
---Black(^)---
A8  : T 110.67c W 100.00c S  10.33c (+167.4 L +167.9) LCB  104.52c P  2.92% WF 115.3 PSV     151 N      15  --  A8 G11 H6 F4
N11 : T 111.24c W 100.00c S  10.25c (+167.4 L +167.6) LCB  103.81c P  7.07% WF 132.1 PSV     131 N      17  --  N11 pass G11 H6
G11 : T 111.17c W 100.00c S   9.90c (+167.1 L +166.9) LCB   99.90c P  4.36% WF  69.5 PSV      69 N       9  --  G11 pass F9
N6  : T 112.80c W 100.00c S  10.98c (+167.9 L +167.9) LCB   99.37c P  1.81% WF  62.3 PSV      62 N       8  --  N6 B13 A12
K9  : T 111.86c W 100.00c S  10.25c (+167.4 L +167.2) LCB   94.82c P  1.91% WF  54.2 PSV      54 N       7  --  K9 B13 A12
N9  : T 109.94c W 100.00c S   9.20c (+166.5 L +166.7) LCB  102.53c P  6.47% WF 122.6 PSV      51 N      16  --  N9 pass G11
M9  : T 110.09c W 100.00c S   9.29c (+166.6 L +166.6) LCB  101.65c P  4.82% WF  91.9 PSV      41 N      12  --  M9 pass G11
A12 : T 110.43c W 100.00c S  10.33c (+167.3 L +167.9) LCB  102.67c P  2.74% WF  76.5 PSV      27 N      10  --  A12 G11 H6 F4
A5  : T 110.81c W 100.00c S  11.12c (+168.0 L +168.5) LCB  101.66c P  1.71% WF  69.0 PSV      22 N       9  --  A5 A6 A8
A1  : T 109.51c W 100.00c S   9.10c (+166.4 L +166.9) LCB   66.66c P  2.72% WF  30.1 PSV      18 N       4  --  A1 G11

2026-07-17 05:01:41+0100: = A8
2026-07-17 05:02:10+0100: Controller: play W H2
2026-07-17 05:02:10+0100: = 
2026-07-17 05:02:10+0100: Controller: genmove B
2026-07-17 05:02:11+0100: MoveNum: 122 HASH: B0AAFD14658C1A455E9514C4CA4D5609
   A B C D E F G H J K L M N
13 . . . . X O . O . O X O1.
12 . . O X X X O O . O X X O
11 O O . O X O . . O O X O .
10 . O O X X O X X X X X X O
 9 O X X X O . O X O . O . .
 8 X2. X O . O X X . . . . .
 7 O X X X O . X O . . . . .
 6 . O X X O . O . . . . O .
 5 . O X X X O . X O @ O X O
 4 O X X X O . X . X . X X X
 3 . O X X . . O X X X X X O
 2 O X . X O . . O3. O X O .
 1 . X X X . . . . . . . . .

koPOSITIONALscoreAREAtaxNONEsui1komi7.5
Time taken: 1.61513
Root visits: 206
New playouts: 206
NN rows: 203
NN batches: 69
NN avg batch size: 2.94203
PV: K5 F4 E3 F3 J2
Tree:
: T 109.14c W 100.00c S   8.63c (+165.4 L +165.8) N     206  --  K5 F4 E3 F3 J2
---Black(^)---
K5  : T 110.84c W 100.00c S  10.61c (+167.0 L +167.2) LCB  106.74c P  2.56% WF 246.7 PSV     323 N      32  --  K5 F4 E3 F3 J2
F4  : T 110.90c W 100.00c S   9.92c (+166.4 L +166.4) LCB  105.73c P  5.89% WF 246.8 PSV     244 N      32  --  F4 pass A6 B13 A12
J2  : T 111.11c W 100.00c S  10.41c (+166.9 L +167.2) LCB  104.59c P  3.07% WF 177.6 PSV     176 N      24  --  J2 H6 K5 G11
E3  : T 111.80c W 100.00c S  10.71c (+167.1 L +167.4) LCB  103.36c P  2.53% WF  92.7 PSV      92 N      12  --  E3 G11 H6
H6  : T 110.02c W 100.00c S   9.28c (+165.9 L +166.0) LCB  106.01c P  4.68% WF 221.8 PSV      64 N      29  --  H6 F4 E3 F3 J2
G11 : T 110.07c W 100.00c S   9.54c (+166.1 L +166.3) LCB  104.70c P  4.20% WF 152.7 PSV      60 N      20  --  G11 F4 E3 F3
A10 : T 108.70c W 100.00c S   8.65c (+165.4 L +166.3) LCB   95.43c P  4.69% WF  60.3 PSV      32 N       8  --  A10 F4 G2
A6  : T 108.29c W 100.00c S   8.27c (+165.1 L +166.0) LCB   92.89c P  4.74% WF  52.0 PSV      28 N       7  --  A6 F4 H6
G2  : T 103.68c W 100.00c S   3.68c (+161.4 L +162.7) LCB -246.32c P  3.21% WF   7.5 PSV       7 N       1  --  G2
F9  : T 105.30c W 100.00c S   5.30c (+162.9 L +164.3) LCB -244.70c P  2.43% WF   7.6 PSV       7 N       1  --  F9

2026-07-17 05:02:11+0100: = K5
2026-07-17 05:02:56+0100: Controller: play W K6
2026-07-17 05:02:56+0100: = 
2026-07-17 05:02:56+0100: Controller: genmove B
2026-07-17 05:02:57+0100: MoveNum: 124 HASH: 570A8F8DF96CC10778233F250551EE10
   A B C D E F G H J K L M N
13 . . . . X O . O . O X O .
12 . . O X X X O O . O X X O
11 O O . O X O . . O O X O .
10 . O O X X O X X X X X X O
 9 O X X X O . O X O . O . .
 8 X . X O . O X X . . . . .
 7 O X X X O . X O . . . . .
 6 . O X X O . O @ . O3. O .
 5 . O X X X O . X O X2O X O
 4 O X X X O . X . X . X X X
 3 . O X X . . O X X X X X O
 2 O X . X O . . O1. O X O .
 1 . X X X . . . . . . . . .

koPOSITIONALscoreAREAtaxNONEsui1komi7.5
Time taken: 1.09163
Root visits: 206
New playouts: 206
NN rows: 206
NN batches: 70
NN avg batch size: 2.94286
PV: H6 F4 E3 F3 J2
Tree:
: T 110.74c W 100.00c S  10.37c (+166.0 L +166.3) N     206  --  H6 F4 E3 F3 J2
---Black(^)---
H6  : T 112.54c W 100.00c S  12.22c (+167.4 L +167.4) LCB  109.17c P  6.04% WF 262.9 PSV     626 N      34  --  H6 F4 E3 F3 J2
L6  : T 111.81c W 100.00c S  11.62c (+167.0 L +167.3) LCB  108.17c P 14.17% WF 431.5 PSV     429 N      56  --  L6 F4 E3 G11 F7
J6  : T 112.35c W 100.00c S  11.90c (+167.2 L +167.3) LCB  108.44c P 14.28% WF 357.0 PSV     354 N      47  --  J6 F4 E3 F3 F2
G11 : T 111.86c W 100.00c S  10.62c (+166.1 L +166.0) LCB  104.14c P  3.74% WF  83.6 PSV      84 N      11  --  G11 B13 A12
F4  : T 111.44c W 100.00c S  10.76c (+166.2 L +166.5) LCB  105.99c P  3.28% WF 144.4 PSV      61 N      19  --  F4 L7 L6
J7  : T 104.77c W 100.00c S   4.77c (+161.5 L +162.8) LCB -245.23c P  2.99% WF   7.5 PSV       7 N       1  --  J7
N6  : T 106.10c W 100.00c S   6.10c (+162.5 L +163.8) LCB -243.90c P  2.16% WF   7.5 PSV       6 N       1  --  N6
M9  : T 106.56c W 100.00c S   6.56c (+162.9 L +164.0) LCB -243.44c P  2.00% WF   7.4 PSV       6 N       1  --  M9
F9  : T 106.90c W 100.00c S   6.90c (+163.2 L +164.9) LCB -243.10c P  1.93% WF   7.6 PSV       6 N       1  --  F9
A6  : T 104.20c W 100.00c S   4.20c (+161.0 L +162.4) LCB -245.80c P  2.43% WF   7.4 PSV       5 N       1  --  A6

2026-07-17 05:02:57+0100: = H6
2026-07-17 05:03:47+0100: Controller: play W B8
2026-07-17 05:03:47+0100: = 
2026-07-17 05:03:47+0100: Controller: genmove B
2026-07-17 05:03:49+0100: MoveNum: 126 HASH: 384527759A0533D34CA7E5633704A8B4
   A B C D E F G H J K L M N
13 . . . . X O . O . O X O .
12 . . O X X X O O . O X X O
11 O O . O X O . . O O X O .
10 . O O X X O X X X X X X O
 9 O X X X O . O X O . O . .
 8 . O3X O . O X X . . . . .
 7 O X X X O . X O . . . . .
 6 . O X X O . O X2. O1. O .
 5 . O X X X O . X O X O X O
 4 O X X X O . X . X . X X X
 3 @ O X X . . O X X X X X O
 2 O X . X O . . O . O X O .
 1 . X X X . . . . . . . . .

koPOSITIONALscoreAREAtaxNONEsui1komi7.5
Time taken: 1.84483
Root visits: 206
New playouts: 197
NN rows: 198
NN batches: 66
NN avg batch size: 3
PV: A3 B13 A12 B3
Tree:
: T 120.73c W 100.00c S  20.85c (+167.2 L +167.2) N     206  --  A3 B13 A12 B3
---Black(^)---
A3  : T 123.68c W 100.00c S  22.95c (+169.6 L +168.9) LCB  117.41c P  3.05% WF 103.5 PSV     102 N      13  --  A3 B13 A12 B3
A12 : T 121.72c W 100.00c S  21.72c (+167.6 L +167.8) LCB  112.40c P  4.50% WF  70.9 PSV      31 N       9  --  A12 A8 B12
J6  : T 121.39c W 100.00c S  21.27c (+167.4 L +167.3) LCB   93.46c P  3.64% WF  39.2 PSV      22 N       5  --  J6 A8 A1
A1  : T 120.56c W 100.00c S  20.42c (+166.9 L +166.4) LCB  103.21c P  4.59% WF  54.0 PSV      21 N       7  --  A1 B13
A5  : T 121.17c W 100.00c S  21.27c (+167.6 L +167.7) LCB   93.35c P  3.22% WF  39.1 PSV      18 N       5  --  A5 A6 A8
L6  : T 120.49c W 100.00c S  20.55c (+166.9 L +167.0) LCB  111.78c P  3.84% WF  85.3 PSV      17 N      11  --  L6 A8 A1
G11 : T 119.49c W 100.00c S  19.49c (+165.9 L +165.7) LCB   97.12c P  4.88% WF  46.0 PSV      17 N       6  --  G11 A8 A6
E3  : T 121.01c W 100.00c S  21.17c (+167.7 L +167.7) LCB  108.96c P  2.96% WF  70.2 PSV      16 N       9  --  E3 A8 A6
F4  : T 119.28c W 100.00c S  19.45c (+165.8 L +165.7) LCB   97.55c P  4.28% WF  45.9 PSV      15 N       6  --  F4 A8 A1
A6  : T 120.69c W 100.00c S  21.33c (+167.8 L +167.9) LCB   92.22c P  3.22% WF  39.2 PSV      15 N       5  --  A6 A5 A8

2026-07-17 05:03:49+0100: = A3
2026-07-17 05:04:38+0100: Controller: play W K4
2026-07-17 05:04:38+0100: = 
2026-07-17 05:04:38+0100: Controller: genmove B
2026-07-17 05:04:40+0100: MoveNum: 128 HASH: CA6478B9BAB96F8D9BB4E03B9D239816
   A B C D E F G H J K L M N
13 . . . . X O . O . O X O .
12 . . O X X X O O . O X X O
11 O O . O X O . . O O X O .
10 . O O X X O X X X X X X O
 9 O X X X O . O X O . O . .
 8 . O1X O . O X X . . . . .
 7 O X X X O . X O . . . . .
 6 . O X X O . O X . O . O .
 5 . O X X X O . X O . O X O
 4 O X X X O . X . X O3X X X
 3 X2. X X . . O X X X X X O
 2 O X . X O . . O @ O X O .
 1 . X X X . . . . . . . . .

koPOSITIONALscoreAREAtaxNONEsui1komi7.5
Time taken: 2.23433
Root visits: 206
New playouts: 205
NN rows: 206
NN batches: 70
NN avg batch size: 2.94286
PV: J2 L7 K7 B3
Tree:
: T 112.95c W 100.00c S  12.40c (+165.8 L +165.9) N     206  --  J2 L7 K7 B3
---Black(^)---
J2  : T 114.22c W 100.00c S  13.55c (+166.8 L +166.7) LCB  108.46c P  3.42% WF 184.4 PSV     183 N      24  --  J2 L7 K7 B3
N6  : T 115.14c W 100.00c S  14.41c (+167.5 L +167.2) LCB  107.94c P  3.47% WF 148.0 PSV     146 N      19  --  N6 F4 E3 F3
J7  : T 113.28c W 100.00c S  12.62c (+165.9 L +165.8) LCB  108.38c P  6.91% WF 160.4 PSV      98 N      21  --  J7 F4 E3 F3
G2  : T 116.02c W 100.00c S  14.24c (+167.2 L +166.9) LCB  107.70c P  3.03% WF  93.7 PSV      93 N      12  --  G2 B13 A12 B3
N2  : T 115.26c W 100.00c S  14.90c (+167.6 L +167.3) LCB  100.09c P  3.11% WF  62.0 PSV      62 N       8  --  N2 B13
A8  : T 113.27c W 100.00c S  12.23c (+165.5 L +166.0) LCB  105.50c P  4.20% WF  98.8 PSV      59 N      13  --  A8 F4 E3
F4  : T 113.04c W 100.00c S  12.62c (+166.0 L +165.8) LCB  106.13c P  4.36% WF 129.9 PSV      52 N      17  --  F4 L7 M9 M8
A5  : T 112.63c W 100.00c S  12.58c (+165.8 L +165.9) LCB  101.86c P  4.40% WF  67.8 PSV      41 N       9  --  A5 F4 E3
G11 : T 112.74c W 100.00c S  11.87c (+165.3 L +165.1) LCB  103.46c P  4.08% WF  83.3 PSV      40 N      11  --  G11 L7 K7
E1  : T 113.69c W 100.00c S  13.13c (+166.4 L +166.4) LCB  107.00c P  1.29% WF 154.0 PSV      27 N      20  --  E1 L7 M8

2026-07-17 05:04:40+0100: = J2
2026-07-17 05:05:30+0100: Controller: play W B3
2026-07-17 05:05:30+0100: = 
2026-07-17 05:05:30+0100: Controller: genmove B
2026-07-17 05:05:32+0100: MoveNum: 130 HASH: FBDEBDF1EA36D64C941DCCC8C6D86C0E
   A B C D E F G H J K L M N
13 . . . . X O . O . O X O .
12 . . O X X X O O . O X X O
11 O O . O X O . . O O X O .
10 . O O X X O X X X X X X O
 9 O X X X O @ O X O . O . .
 8 . O X O . O X X . . . . .
 7 O X X X O . X O . . . . .
 6 . O X X O . O X . O . O .
 5 . O X X X O . X O . O X O
 4 O X X X O . X . X O1X X X
 3 . O3X X . . O X X X X X O
 2 O X . X O . . O X2O X O .
 1 . X X X . . . . . . . . .

koPOSITIONALscoreAREAtaxNONEsui1komi7.5
Time taken: 1.87373
Root visits: 204
New playouts: 203
NN rows: 201
NN batches: 68
NN avg batch size: 2.95588
PV: F9 L7 M9 M8
Tree:
: T 113.78c W 100.00c S  13.61c (+167.5 L +167.2) N     204  --  F9 L7 M9 M8
---Black(^)---
F9  : T 114.29c W 100.00c S  13.92c (+167.7 L +167.3) LCB  108.74c P  2.43% WF 146.3 PSV     202 N      19  --  F9 L7 M9 M8
A8  : T 113.79c W 100.00c S  13.39c (+167.4 L +167.4) LCB  106.88c P  6.50% WF 138.0 PSV     139 N      18  --  A8 M9 N6
A5  : T 115.70c W 100.00c S  15.68c (+169.3 L +169.0) LCB  108.42c P  4.21% WF 101.6 PSV     101 N      13  --  A5 A6 J7
N2  : T 115.39c W 100.00c S  15.51c (+169.0 L +168.6) LCB  108.14c P  1.49% WF 101.3 PSV     101 N      13  --  N2 L7 J7
N9  : T 114.56c W 100.00c S  14.39c (+168.2 L +167.4) LCB  105.61c P  2.04% WF  92.8 PSV      93 N      12  --  N9 pass G11
E8  : T 116.60c W 100.00c S  15.24c (+168.9 L +168.0) LCB  105.23c P  2.18% WF  70.4 PSV      70 N       9  --  E8 B13 A12
N11 : T 114.90c W 100.00c S  14.76c (+168.5 L +167.6) LCB   98.05c P  2.39% WF  62.1 PSV      62 N       8  --  N11 B13
K9  : T 114.14c W 100.00c S  13.99c (+167.9 L +167.1) LCB  103.56c P  1.44% WF  77.1 PSV      57 N      10  --  K9 pass G11
A12 : T 113.37c W 100.00c S  13.34c (+167.2 L +167.3) LCB  105.41c P  3.69% WF  99.5 PSV      54 N      13  --  A12 L7 K7
N6  : T 113.60c W 100.00c S  13.54c (+167.5 L +166.9) LCB  102.58c P  2.72% WF  68.7 PSV      49 N       9  --  N6 pass A8

2026-07-17 05:05:32+0100: = F9
2026-07-17 05:06:31+0100: Controller: play W J1
2026-07-17 05:06:31+0100: = 
2026-07-17 05:06:31+0100: Controller: genmove B
2026-07-17 05:06:33+0100: MoveNum: 132 HASH: A2741DD4D7BAC2D03199CF16B5144740
   A B C D E F G H J K L M N
13 . . . . X O . O . O X O .
12 . . O X X X O O . O X X O
11 O O . O X O . . O O X O .
10 . O O X X O X X X X X X O
 9 O X X X O X2. X O . O . .
 8 . O X O . O X X . . . . .
 7 O X X X O . X O . . . . .
 6 . O X X O . O X . O . O .
 5 . O X X X O . X O . O X O
 4 O X X X O . X . X O X X X
 3 . O1X X . . O X X X X X O
 2 O X . X O . . O X O X O .
 1 . X X X . . . . O3@ . . .

koPOSITIONALscoreAREAtaxNONEsui1komi7.5
Time taken: 1.55525
Root visits: 206
New playouts: 206
NN rows: 206
NN batches: 71
NN avg batch size: 2.90141
PV: K1 pass E8 pass C11
Tree:
: T 113.69c W 100.00c S  13.68c (+165.8 L +165.7) N     206  --  K1 pass E8 pass C11
---Black(^)---
K1  : T 115.99c W 100.00c S  15.21c (+167.2 L +166.6) LCB  111.85c P  9.46% WF 421.9 PSV     415 N      55  --  K1 pass E8 pass C11
G2  : T 115.61c W 100.00c S  14.77c (+166.7 L +166.5) LCB  109.31c P  3.32% WF 200.1 PSV      80 N      26  --  G2 L1 N2 B13
H4  : T 115.69c W 100.00c S  15.72c (+167.5 L +167.1) LCB  110.22c P  2.47% WF 308.7 PSV      65 N      40  --  H4 pass E8 pass
N6  : T 114.68c W 100.00c S  14.77c (+166.8 L +166.3) LCB  107.08c P  5.44% WF 184.8 PSV      62 N      24  --  N6 pass G11 B13
N2  : T 115.99c W 100.00c S  13.97c (+165.8 L +165.8) LCB   94.41c P  7.22% WF  46.2 PSV      46 N       6  --  N2 B13 A12
L1  : T 111.85c W 100.00c S  12.53c (+164.7 L +164.8) LCB   33.44c P  2.01% WF  22.5 PSV       8 N       3  --  L1 B13
K5  : T 105.38c W 100.00c S   9.36c (+162.1 L +162.8) LCB  -44.22c P  4.38% WF  14.5 PSV       8 N       2  --  K5 B13
G11 : T 101.90c W 100.00c S   6.79c (+160.1 L +161.3) LCB  -47.90c P  4.40% WF  14.3 PSV       6 N       2  --  G11 L1
A1  : T 107.69c W 100.00c S   7.69c (+160.8 L +161.6) LCB -242.31c P  2.87% WF   7.4 PSV       6 N       1  --  A1
H1  : T 109.71c W 100.00c S   9.71c (+162.4 L +163.5) LCB -240.29c P  2.27% WF   7.6 PSV       6 N       1  --  H1

2026-07-17 05:06:33+0100: = K1
2026-07-17 05:07:41+0100: Controller: play W G9
2026-07-17 05:07:41+0100: = 
2026-07-17 05:07:41+0100: Controller: genmove B
2026-07-17 05:07:43+0100: MoveNum: 134 HASH: 29803CDD7B9A47E6E4A87EC11C3D4553
   A B C D E F G H J K L M N
13 . . . . X O . O . O X O .
12 . . O X X X O O . O X X O
11 O O . O X O . . O O X O .
10 . O O X X O X X X X X X O
 9 O X X X O . O3X O . O . .
 8 . O X O . O X X . . . . .
 7 O X X X O . X O . . . . .
 6 . O X X O . O X . O . O .
 5 . O X X X O . X O . O X O
 4 O X X X O . X . X O X X X
 3 . O X X . . O X X X X X O
 2 O X . X O . . O X . X O .
 1 . X X X . . . . O1X2. @ .

koPOSITIONALscoreAREAtaxNONEsui1komi7.5
Time taken: 2.30217
Root visits: 206
New playouts: 205
NN rows: 206
NN batches: 70
NN avg batch size: 2.94286
PV: M1 G11 M9
Tree:
: T 112.79c W 100.00c S  12.38c (+167.2 L +167.3) N     206  --  M1 G11 M9
---Black(^)---
M1  : T 114.46c W 100.00c S  13.80c (+168.3 L +168.9) LCB  110.83c P  1.16% WF 201.8 PSV     242 N      26  --  M1 G11 M9
A3  : T 113.95c W 100.00c S  12.99c (+167.7 L +167.5) LCB  106.72c P  4.27% WF 122.8 PSV     122 N      16  --  A3 L7 M9 M8
A8  : T 115.11c W 100.00c S  14.20c (+168.7 L +168.4) LCB  107.15c P  3.11% WF 108.2 PSV     107 N      14  --  A8 M9 K7
K5  : T 115.25c W 100.00c S  14.32c (+168.9 L +168.5) LCB  106.93c P  2.50% WF 101.0 PSV     100 N      13  --  K5 pass A12
A12 : T 115.30c W 100.00c S  14.61c (+168.8 L +168.6) LCB  104.66c P  3.39% WF  70.2 PSV      70 N       9  --  A12 L7 M9
F7  : T 113.28c W 100.00c S  12.54c (+167.3 L +167.0) LCB  107.88c P  2.65% WF 137.6 PSV      37 N      18  --  F7 L7 M9 M8
F4  : T 113.12c W 100.00c S  13.00c (+167.6 L +166.9) LCB   96.85c P  2.58% WF  61.0 PSV      32 N       8  --  F4 B13
A5  : T 112.91c W 100.00c S  13.11c (+167.8 L +167.9) LCB  104.29c P  2.53% WF  99.4 PSV      27 N      13  --  A5 A6 F9
A6  : T 112.90c W 100.00c S  13.12c (+167.7 L +168.0) LCB  107.23c P  2.24% WF 107.1 PSV      24 N      14  --  A6 A5 G11
J7  : T 111.16c W 100.00c S  11.32c (+166.3 L +165.9) LCB   79.55c P  4.51% WF  37.7 PSV      24 N       5  --  J7 B13

2026-07-17 05:07:43+0100: = M1
2026-07-17 05:08:14+0100: Controller: play W D13
2026-07-17 05:08:14+0100: = 
2026-07-17 05:08:14+0100: Controller: genmove B
2026-07-17 05:08:16+0100: MoveNum: 136 HASH: 860BF2DFDAEB963A60D66375FECE997E
   A B C D E F G H J K L M N
13 . . . O3X O @ O . O X O .
12 . . O X X X O O . O X X O
11 O O . O X O . . O O X O .
10 . O O X X O X X X X X X O
 9 O X X X O . O1X O . O . .
 8 . O X O . O X X . . . . .
 7 O X X X O . X O . . . . .
 6 . O X X O . O X . O . O .
 5 . O X X X O . X O . O X O
 4 O X X X O . X . X O X X X
 3 . O X X . . O X X X X X O
 2 O X . X O . . O X . X O .
 1 . X X X . . . . O X . X2.

koPOSITIONALscoreAREAtaxNONEsui1komi7.5
Time taken: 1.82912
Root visits: 206
New playouts: 206
NN rows: 206
NN batches: 70
NN avg batch size: 2.94286
PV: A5 A6 C13
Tree:
: T 108.19c W 100.00c S   8.93c (+166.2 L +166.7) N     206  --  A5 A6 C13
---Black(^)---
A5  : T 112.14c W 100.00c S  11.71c (+168.5 L +168.6) LCB  106.59c P  1.67% WF 220.7 PSV     369 N      28  --  A5 A6 C13
G13 : T 110.79c W 100.00c S  10.75c (+167.7 L +168.1) LCB  105.53c P  2.54% WF 281.5 PSV     276 N      36  --  G13 G11 J7 B13
A6  : T 111.25c W 100.00c S  10.65c (+167.6 L +167.8) LCB  105.07c P  1.87% WF 148.3 PSV     146 N      19  --  A6 L7 K7
J8  : T 113.07c W 100.00c S  11.93c (+168.8 L +168.1) LCB  104.01c P  1.11% WF 110.3 PSV     108 N      14  --  J8 pass C13
B13 : T 110.04c W 100.00c S   9.51c (+166.7 L +166.9) LCB   98.86c P  4.85% WF  85.0 PSV      85 N      11  --  B13 L7 J7
A12 : T 109.54c W 100.00c S   9.57c (+166.8 L +167.4) LCB  100.94c P  4.95% WF 123.7 PSV      71 N      16  --  A12 L7 M8
C13 : T 109.82c W 100.00c S   9.06c (+166.4 L +167.3) LCB   66.37c P  6.49% WF  30.4 PSV      31 N       4  --  C13 B13 A12 M9
A1  : T 109.48c W 100.00c S   9.70c (+166.9 L +166.6) LCB   62.17c P  2.18% WF  30.5 PSV      30 N       4  --  A1 B13
N9  : T 108.89c W 100.00c S   9.32c (+166.6 L +166.3) LCB   61.46c P  2.22% WF  30.5 PSV      22 N       4  --  N9 B13
L7  : T 107.57c W 100.00c S   8.70c (+166.1 L +166.2) LCB   28.81c P  2.03% WF  22.9 PSV      12 N       3  --  L7 B13

2026-07-17 05:08:16+0100: = G13
2026-07-17 05:08:35+0100: Controller: play W J7
2026-07-17 05:08:35+0100: = 
2026-07-17 05:08:35+0100: Controller: genmove B
2026-07-17 05:08:37+0100: MoveNum: 138 HASH: 684EBD31ABB3D6EE0D9FFF3B2584E9CC
   A B C D E F G H J K L M N
13 . . . O1X . X2O . O X O .
12 . . O X X X O O . O X X O
11 O O . O X O . . O O X O .
10 . O O X X O X X X X X X O
 9 O X X X O . O X O . O . .
 8 . O X O . O X X . . . . .
 7 O X X X O . X O O3. . . .
 6 . O X X O . O X . O . O @
 5 . O X X X O . X O . O X O
 4 O X X X O . X . X O X X X
 3 . O X X . . O X X X X X O
 2 O X . X O . . O X . X O .
 1 . X X X . . . . O X . X .

koPOSITIONALscoreAREAtaxNONEsui1komi7.5
Time taken: 2.04523
Root visits: 206
New playouts: 205
NN rows: 206
NN batches: 70
NN avg batch size: 2.94286
PV: N6 M9 K8 B13
Tree:
: T 110.72c W 100.00c S  10.45c (+166.0 L +166.5) N     206  --  N6 M9 K8 B13
---Black(^)---
N6  : T 113.38c W 100.00c S  12.53c (+167.7 L +168.1) LCB  108.23c P  2.70% WF 223.9 PSV     475 N      29  --  N6 M9 K8 B13
M9  : T 111.54c W 100.00c S  11.28c (+166.7 L +166.9) LCB  105.51c P 10.36% WF 268.4 PSV     268 N      35  --  M9 pass G11 B13
L7  : T 112.15c W 100.00c S  11.84c (+167.2 L +167.2) LCB  106.15c P 10.63% WF 231.8 PSV     231 N      30  --  L7 pass G11 pass
K8  : T 112.00c W 100.00c S  11.30c (+166.8 L +167.0) LCB  105.14c P  3.64% WF 183.1 PSV     183 N      24  --  K8 pass G11
J6  : T 113.35c W 100.00c S  11.88c (+167.2 L +167.5) LCB  107.26c P  3.27% WF 162.2 PSV     160 N      21  --  J6 J8 K9
J8  : T 113.21c W 100.00c S  12.23c (+167.5 L +167.8) LCB  105.76c P  4.23% WF 131.4 PSV     130 N      17  --  J8 L7 K8
K9  : T 110.64c W 100.00c S  10.97c (+166.4 L +166.6) LCB   64.35c P  2.24% WF  30.2 PSV      26 N       4  --  K9 L7
G11 : T  99.94c W 100.00c S   2.80c (+160.2 L +161.2) LCB  -49.30c P  5.80% WF  14.3 PSV       9 N       2  --  G11 L7
C13 : T 104.10c W 100.00c S   5.26c (+162.0 L +163.6) LCB  -44.91c P  2.95% WF  14.3 PSV       7 N       2  --  C13 M9
N9  : T 105.96c W 100.00c S   5.96c (+162.6 L +164.4) LCB -244.04c P  2.56% WF   7.5 PSV       7 N       1  --  N9

2026-07-17 05:08:37+0100: = N6
2026-07-17 05:09:04+0100: Controller: play W N7
2026-07-17 05:09:04+0100: = 
2026-07-17 05:09:04+0100: Controller: genmove B
2026-07-17 05:09:05+0100: MoveNum: 140 HASH: AC684953D2CA4EA700E20370604AA1D3
   A B C D E F G H J K L M N
13 . . . O X . X O . O X O .
12 . . O X X X O O . O X X O
11 O O . O X O . . O O X O .
10 . O O X X O X X X X X X O
 9 O X X X O . O X O . O . .
 8 . O X O . O X X . @ . . .
 7 O X X X O . X O O1. . . O3
 6 . O X X O . O X . O . O X2
 5 . O X X X O . X O . O X .
 4 O X X X O . X . X O X X X
 3 . O X X . . O X X X X X O
 2 O X . X O . . O X . X O .
 1 . X X X . . . . O X . X .

koPOSITIONALscoreAREAtaxNONEsui1komi7.5
Time taken: 1.75483
Root visits: 205
New playouts: 205
NN rows: 204
NN batches: 70
NN avg batch size: 2.91429
PV: K8 G11 N9 F4 E3
Tree:
: T 117.22c W 100.00c S  17.27c (+166.7 L +167.0) N     205  --  K8 G11 N9 F4 E3
---Black(^)---
K8  : T 119.24c W 100.00c S  18.92c (+168.1 L +168.4) LCB  116.11c P  3.72% WF 555.8 PSV     697 N      72  --  K8 G11 N9 F4 E3
L7  : T 119.00c W 100.00c S  19.17c (+168.4 L +168.2) LCB  114.50c P 17.58% WF 437.8 PSV     434 N      57  --  L7 pass A12 B12 A13
M9  : T 117.66c W 100.00c S  17.45c (+166.9 L +167.0) LCB  112.01c P 11.59% WF 253.1 PSV     132 N      33  --  M9 pass A12
M7  : T 104.98c W 100.00c S   7.93c (+158.8 L +160.5) LCB  -44.33c P 10.35% WF  14.0 PSV      14 N       2  --  M7 L7
M8  : T 114.57c W 100.00c S  14.65c (+163.9 L +164.9) LCB  -34.45c P  2.55% WF  14.8 PSV      10 N       2  --  M8 M9
K5  : T 111.14c W 100.00c S  12.27c (+161.9 L +163.2) LCB  -37.97c P  3.16% WF  14.6 PSV       7 N       2  --  K5 L7
J6  : T 112.26c W 100.00c S  12.81c (+162.4 L +163.4) LCB  -36.82c P  2.58% WF  14.5 PSV       7 N       2  --  J6 L7
K7  : T 113.85c W 100.00c S  13.85c (+163.4 L +165.1) LCB -236.15c P  1.80% WF   7.5 PSV       6 N       1  --  K7
F4  : T 114.44c W 100.00c S  14.44c (+164.0 L +165.3) LCB -235.56c P  1.52% WF   7.5 PSV       6 N       1  --  F4
N9  : T 107.38c W 100.00c S  10.03c (+160.3 L +161.8) LCB  -41.96c P  3.25% WF  14.2 PSV       5 N       2  --  N9 L7

2026-07-17 05:09:05+0100: = K8
2026-07-17 05:09:39+0100: Controller: play W F13
2026-07-17 05:09:39+0100: = 
2026-07-17 05:09:39+0100: Controller: genmove B
2026-07-17 05:09:41+0100: MoveNum: 142 HASH: C8D5DB5CE208378255C370E6DBFEE8CF
   A B C D E F G H J K L M N
13 . . . O X O3. O . O X O .
12 . . O X X X O O . O X X O
11 O O . O X O . . O O X O .
10 . O O X X O X X X X X X O
 9 O X X X O . O X O . O . .
 8 . O X O . O X X . X2. . .
 7 O X X X O . X O O . . @ O1
 6 . O X X O . O X . O . O X
 5 . O X X X O . X O . O X .
 4 O X X X O . X . X O X X X
 3 . O X X . . O X X X X X O
 2 O X . X O . . O X . X O .
 1 . X X X . . . . O X . X .

koPOSITIONALscoreAREAtaxNONEsui1komi7.5
Time taken: 1.9138
Root visits: 206
New playouts: 206
NN rows: 206
NN batches: 70
NN avg batch size: 2.94286
PV: M7 M8 L6 F4
Tree:
: T 110.89c W 100.00c S  10.33c (+167.1 L +167.2) N     206  --  M7 M8 L6 F4
---Black(^)---
M7  : T 115.27c W 100.00c S  13.65c (+169.8 L +169.3) LCB  109.40c P  2.81% WF 165.5 PSV     585 N      21  --  M7 M8 L6 F4
K9  : T 110.33c W 100.00c S  10.08c (+166.9 L +166.8) LCB  103.15c P  2.71% WF 218.1 PSV     230 N      30  --  K9 pass G11 B13
M9  : T 110.63c W 100.00c S  10.06c (+166.8 L +166.9) LCB  104.33c P  3.14% WF 197.7 PSV     200 N      26  --  M9 pass G11 pass
A12 : T 113.58c W 100.00c S  12.45c (+168.8 L +168.9) LCB  106.66c P  4.19% WF 195.9 PSV     193 N      25  --  A12 L7 M8 G11
J13 : T 114.72c W 100.00c S  13.03c (+169.3 L +169.2) LCB  106.23c P  2.31% WF 109.3 PSV     107 N      14  --  J13 B13 A12 G11
J8  : T 109.95c W 100.00c S   9.63c (+166.5 L +166.6) LCB  102.72c P  3.05% WF 193.0 PSV     101 N      26  --  J8 pass C13 B13
N11 : T 117.68c W 100.00c S  15.77c (+171.8 L +170.8) LCB  108.80c P  2.80% WF 104.5 PSV     101 N      13  --  N11 B13 A12 F4
N9  : T 107.60c W 100.00c S   8.25c (+165.4 L +165.6) LCB   28.98c P  3.19% WF  22.5 PSV      22 N       3  --  N9 B13
K7  : T 108.09c W 100.00c S   8.57c (+165.6 L +165.6) LCB   28.39c P  2.47% WF  22.7 PSV      20 N       3  --  K7 B13
G11 : T 103.64c W 100.00c S   4.27c (+162.3 L +162.7) LCB   27.29c P  6.49% WF  21.9 PSV      19 N       3  --  G11 B13

2026-07-17 05:09:41+0100: = M7
2026-07-17 05:10:14+0100: Controller: play W N5
2026-07-17 05:10:14+0100: = 
2026-07-17 05:10:14+0100: Controller: genmove B
2026-07-17 05:10:16+0100: MoveNum: 144 HASH: 4939B6866FD8D15161FE21EA5288EBE6
   A B C D E F G H J K L M N
13 . . . O X O1. O . O X O .
12 . . O X X X O O . O X X O
11 O O . O X O . . O O X O .
10 . O O X X O X X X X X X O
 9 O X X X O . O X O . O . .
 8 . O X O . O X X . X . . @
 7 O X X X O . X O O . . X2O
 6 . O X X O . O X . O . O .
 5 . O X X X O . X O . O X O3
 4 O X X X O . X . X O X X X
 3 . O X X . . O X X X X X O
 2 O X . X O . . O X . X O .
 1 . X X X . . . . O X . X .

koPOSITIONALscoreAREAtaxNONEsui1komi7.5
Time taken: 1.64946
Root visits: 206
New playouts: 205
NN rows: 204
NN batches: 69
NN avg batch size: 2.95652
PV: N8 L7 N6 B13 A12
Tree:
: T 112.71c W 100.00c S  11.97c (+166.4 L +166.6) N     206  --  N8 L7 N6 B13 A12
---Black(^)---
N8  : T 115.68c W 100.00c S  13.72c (+167.9 L +167.7) LCB  109.84c P  7.77% WF 278.0 PSV     272 N      37  --  N8 L7 N6 B13 A12
G13 : T 115.57c W 100.00c S  13.62c (+167.7 L +168.1) LCB  108.67c P  3.90% WF 179.3 PSV     115 N      23  --  G13 J8 K9 G11
N9  : T 118.11c W 100.00c S  15.70c (+169.6 L +169.0) LCB  100.02c P  2.68% WF  55.2 PSV      54 N       7  --  N9 B13 A12
J8  : T 113.73c W 100.00c S  12.93c (+167.2 L +167.2) LCB  106.86c P  2.80% WF 237.1 PSV      22 N      31  --  J8 pass C13
L8  : T 113.37c W 100.00c S  12.99c (+167.2 L +167.2) LCB  107.67c P  2.82% WF 264.4 PSV      20 N      35  --  L8 pass C11 B13
M8  : T 113.56c W 100.00c S  12.88c (+167.1 L +167.1) LCB  106.72c P  2.41% WF 169.9 PSV      18 N      22  --  M8 pass C13
G11 : T 108.82c W 100.00c S   9.41c (+164.2 L +164.3) LCB   32.07c P  4.83% WF  22.2 PSV      13 N       3  --  G11 B13
M9  : T 109.70c W 100.00c S  10.47c (+165.0 L +165.4) LCB   31.90c P  3.65% WF  22.4 PSV      11 N       3  --  M9 B13
L7  : T 102.39c W 100.00c S   6.32c (+161.9 L +162.9) LCB  -47.19c P  6.01% WF  14.4 PSV       8 N       2  --  L7 B13
K9  : T 110.23c W 100.00c S  10.87c (+165.4 L +165.6) LCB   32.87c P  2.25% WF  22.5 PSV       7 N       3  --  K9 B13

2026-07-17 05:10:16+0100: = N8
2026-07-17 05:10:34+0100: Controller: play W M8
2026-07-17 05:10:34+0100: = 
2026-07-17 05:10:34+0100: Controller: genmove B
2026-07-17 05:10:36+0100: MoveNum: 146 HASH: 074843A88AFA5B35BF04ABE976A4EC4B
   A B C D E F G H J K L M N
13 . . . O X O . O . O X O .
12 . . O X X X O O . O X X O
11 O O . O X O . . O O X O .
10 . O O X X O X X X X X X O
 9 O X X X O . O X O . O @ .
 8 . O X O . O X X . X . O3X2
 7 O X X X O . X O O . . X O
 6 . O X X O . O X . O . O .
 5 . O X X X O . X O . O X O1
 4 O X X X O . X . X O X X X
 3 . O X X . . O X X X X X O
 2 O X . X O . . O X . X O .
 1 . X X X . . . . O X . X .

koPOSITIONALscoreAREAtaxNONEsui1komi7.5
Time taken: 1.95088
Root visits: 204
New playouts: 200
NN rows: 194
NN batches: 66
NN avg batch size: 2.93939
PV: M9 L7 N9 B13 A12
Tree:
: T 120.18c W 100.00c S  20.05c (+166.3 L +166.7) N     204  --  M9 L7 N9 B13 A12
---Black(^)---
M9  : T 121.48c W 100.00c S  21.07c (+167.4 L +167.6) LCB  118.02c P  7.06% WF 390.1 PSV     973 N      50  --  M9 L7 N9 B13 A12
N6  : T 119.97c W 100.00c S  19.85c (+166.0 L +166.4) LCB  117.05c P 36.84% WF 620.5 PSV     623 N      82  --  N6 pass G13 L7 M9
L7  : T 120.49c W 100.00c S  20.49c (+166.7 L +167.0) LCB  116.93c P 36.44% WF 473.4 PSV     473 N      62  --  L7 pass N6 B13 A12 pass
K7  : T 109.03c W 100.00c S  11.87c (+158.9 L +160.4) LCB  -40.34c P  6.25% WF  14.2 PSV       9 N       2  --  K7 L7
K5  : T 115.04c W 100.00c S  15.04c (+161.8 L +163.3) LCB -234.96c P  2.42% WF   7.5 PSV       7 N       1  --  K5
N11 : T 115.43c W 100.00c S  15.43c (+162.1 L +164.0) LCB -234.57c P  1.72% WF   7.6 PSV       5 N       1  --  N11
J6  : T 115.56c W 100.00c S  15.56c (+161.9 L +163.9) LCB -234.44c P  1.62% WF   7.6 PSV       5 N       1  --  J6
L8  : T 115.12c W 100.00c S  15.12c (+161.9 L +163.5) LCB -234.88c P  1.26% WF   7.5 PSV       3 N       1  --  L8
K9  : T 114.66c W 100.00c S  14.66c (+161.8 L +163.8) LCB -235.34c P  0.72% WF   7.4 PSV       2 N       1  --  K9
J8  : T 114.99c W 100.00c S  14.99c (+162.0 L +164.0) LCB -235.01c P  0.71% WF   7.4 PSV       2 N       1  --  J8

2026-07-17 05:10:36+0100: = M9
2026-07-17 05:11:05+0100: Controller: play W L7
2026-07-17 05:11:05+0100: = 
2026-07-17 05:11:05+0100: Controller: genmove B
2026-07-17 05:11:07+0100: MoveNum: 148 HASH: 8DA34588FCE9081A1F11813C542E8387
   A B C D E F G H J K L M N
13 . . . O X O . O . O X O .
12 . . O X X X O O . O X X O
11 O O . O X O . . O O X O .
10 . O O X X O X X X X X X O
 9 O X X X O . O X O . O X2.
 8 . O X O . O X X . X . O1X
 7 O X X X O . X O O @ O3. O
 6 . O X X O . O X . O . O .
 5 . O X X X O . X O . O X O
 4 O X X X O . X . X O X X X
 3 . O X X . . O X X X X X O
 2 O X . X O . . O X . X O .
 1 . X X X . . . . O X . X .

koPOSITIONALscoreAREAtaxNONEsui1komi7.5
Time taken: 1.53856
Root visits: 206
New playouts: 185
NN rows: 182
NN batches: 62
NN avg batch size: 2.93548
PV: K7 F4 E3 G11
Tree:
: T 119.77c W 100.00c S  19.48c (+167.2 L +167.6) N     206  --  K7 F4 E3 G11
---Black(^)---
K7  : T 120.81c W 100.00c S  20.59c (+168.3 L +168.6) LCB  118.01c P 27.40% WF 893.9 PSV     888 N     121  --  K7 F4 E3 G11
L8  : T 121.77c W 100.00c S  21.01c (+168.6 L +168.7) LCB  117.69c P  8.65% WF 271.4 PSV     269 N      35  --  L8 N9 K7 B13 A12
N9  : T 118.61c W 100.00c S  18.45c (+166.0 L +166.3) LCB  111.84c P 12.35% WF 164.9 PSV      84 N      22  --  N9 L8 N6 B13
J6  : T 115.76c W 100.00c S  16.22c (+163.7 L +164.2) LCB   84.36c P  6.52% WF  36.0 PSV      22 N       5  --  J6 K7
N6  : T 114.45c W 100.00c S  15.01c (+162.6 L +163.4) LCB   39.84c P  6.34% WF  21.6 PSV      17 N       3  --  N6 K7
K5  : T 111.20c W 100.00c S  13.08c (+161.0 L +161.9) LCB  -38.18c P  7.90% WF  14.2 PSV      14 N       2  --  K5 B13
N11 : T 112.61c W 100.00c S  13.37c (+161.5 L +161.9) LCB  -36.69c P  3.42% WF  14.1 PSV       7 N       2  --  N11 K7
K9  : T 114.84c W 100.00c S  15.81c (+163.5 L +163.9) LCB  -35.16c P  2.04% WF  14.0 PSV       5 N       2  --  K9 K7
G11 : T 113.45c W 100.00c S  13.45c (+162.0 L +163.6) LCB -236.55c P  2.23% WF   7.1 PSV       5 N       1  --  G11
J8  : T 114.60c W 100.00c S  14.60c (+162.9 L +164.5) LCB -235.40c P  1.66% WF   7.3 PSV       4 N       1  --  J8

2026-07-17 05:11:07+0100: = K7
2026-07-17 05:11:29+0100: Controller: play W N9
2026-07-17 05:11:29+0100: = 
2026-07-17 05:11:29+0100: Controller: genmove B
2026-07-17 05:11:30+0100: MoveNum: 150 HASH: 0B0C69BFFAFDC38BA62B4C48E8A71AC2
   A B C D E F G H J K L M N
13 . . . O X O . O . O X O .
12 . . O X X X O O . O X X O
11 O O . O X O . . O O X O .
10 . O O X X O X X X X X X O
 9 O X X X O . O X O . O X O3
 8 . O X O . O X X @ X . O .
 7 O X X X O . X O O X2O1. O
 6 . O X X O . O X . O . O .
 5 . O X X X O . X O . O X O
 4 O X X X O . X . X O X X X
 3 . O X X . . O X X X X X O
 2 O X . X O . . O X . X O .
 1 . X X X . . . . O X . X .

koPOSITIONALscoreAREAtaxNONEsui1komi7.5
Time taken: 1.7335
Root visits: 206
New playouts: 162
NN rows: 163
NN batches: 55
NN avg batch size: 2.96364
PV: J8 G11 J6 F4 E3
Tree:
: T 121.42c W 100.00c S  21.41c (+168.6 L +169.1) N     206  --  J8 G11 J6 F4 E3
---Black(^)---
J8  : T 123.34c W 100.00c S  23.19c (+170.4 L +170.6) LCB  121.06c P  5.86% WF 535.1 PSV     527 N      68  --  J8 G11 J6 F4 E3
J6  : T 125.04c W 100.00c S  23.43c (+171.6 L +170.8) LCB  117.53c P 10.48% WF 110.9 PSV     109 N      14  --  J6 G5 H4 F4
K9  : T 122.54c W 100.00c S  22.37c (+169.6 L +170.2) LCB  119.69c P  2.82% WF 381.5 PSV      50 N      49  --  K9 F4 E3 G11 F3
G13 : T 120.65c W 100.00c S  20.58c (+167.3 L +167.6) LCB   90.76c P  2.46% WF  37.7 PSV      15 N       5  --  G13 B13
G11 : T 117.26c W 100.00c S  18.33c (+165.2 L +165.5) LCB   41.19c P  5.52% WF  22.0 PSV      15 N       3  --  G11 B13
B13 : T 120.39c W 100.00c S  20.33c (+167.2 L +168.1) LCB   92.12c P  2.52% WF  37.9 PSV      14 N       5  --  B13 J6 J8
A5  : T 121.40c W 100.00c S  20.46c (+167.6 L +167.9) LCB  100.72c P  1.58% WF  45.3 PSV      13 N       6  --  A5 B13 A12
N11 : T 112.15c W 100.00c S  14.76c (+162.1 L +163.2) LCB  -37.54c P  7.09% WF  14.2 PSV      11 N       2  --  N11 B13
C11 : T 119.51c W 100.00c S  19.43c (+166.0 L +166.7) LCB   76.16c P  2.34% WF  29.8 PSV      10 N       4  --  C11 B13
N6  : T 117.65c W 100.00c S  18.09c (+165.2 L +165.7) LCB   42.13c P  3.27% WF  22.0 PSV      10 N       3  --  N6 B13

2026-07-17 05:11:30+0100: = J8
2026-07-17 05:11:49+0100: Controller: play W F2
2026-07-17 05:11:49+0100: = 
2026-07-17 05:11:49+0100: Controller: genmove B
2026-07-17 05:11:50+0100: MoveNum: 152 HASH: 6079E147C46E0166AA5267F1DCED694B
   A B C D E F G H J K L M N
13 . . . O X O . O . O X O .
12 . . O X X X O O . O X X O
11 O O . O X O . . O O X O .
10 . O O X X O X X X X X X O
 9 O X X X O . O X O . O X O1
 8 . O X O . O X X X2X . O .
 7 O X X X O . X O O X O . O
 6 . O X X O . O X . O . O .
 5 . O X X X O . X O . O X O
 4 O X X X O . X . X O X X X
 3 . O X X . . O X X X X X O
 2 O X . X O O3. O X . X O .
 1 . X X X . . . @ O X . X .

koPOSITIONALscoreAREAtaxNONEsui1komi7.5
Time taken: 1.08742
Root visits: 206
New playouts: 206
NN rows: 206
NN batches: 70
NN avg batch size: 2.94286
PV: H1 F4 E3 J6 F3
Tree:
: T 108.68c W 100.00c S   8.76c (+168.3 L +168.6) N     206  --  H1 F4 E3 J6 F3
---Black(^)---
H1  : T 110.97c W 100.00c S  10.64c (+169.8 L +170.1) LCB  107.02c P  5.34% WF 400.9 PSV     394 N      52  --  H1 F4 E3 J6 F3
E3  : T 110.61c W 100.00c S  10.12c (+169.4 L +169.6) LCB  105.21c P  5.55% WF 269.5 PSV     175 N      35  --  E3 J6 F4 B13
F4  : T 109.36c W 100.00c S   9.58c (+169.0 L +168.8) LCB  102.95c P  8.56% WF 267.7 PSV      90 N      35  --  F4 pass J6 B13
E1  : T 110.44c W 100.00c S   9.42c (+168.8 L +169.2) LCB  100.67c P  2.39% WF  75.6 PSV      59 N      10  --  E1 F4 E3
G11 : T 108.98c W 100.00c S   7.89c (+167.6 L +167.4) LCB  100.70c P  5.17% WF 113.3 PSV      45 N      15  --  G11 E3 F4 B13
A5  : T 111.20c W 100.00c S  10.79c (+169.9 L +169.6) LCB   65.27c P  1.73% WF  30.3 PSV      31 N       4  --  A5 F4
J6  : T 102.15c W 100.00c S   5.46c (+165.8 L +167.2) LCB  -47.30c P  6.86% WF  14.7 PSV      14 N       2  --  J6 F4
F3  : T 107.95c W 100.00c S   8.28c (+167.9 L +167.9) LCB   73.17c P  2.31% WF  37.4 PSV      13 N       5  --  F3 B13
F7  : T 107.40c W 100.00c S   7.74c (+167.5 L +167.3) LCB   58.87c P  2.26% WF  29.9 PSV      11 N       4  --  F7 B13
G2  : T 106.46c W 100.00c S   6.29c (+166.5 L +167.6) LCB  -42.65c P  2.35% WF  14.8 PSV       9 N       2  --  G2 G1

2026-07-17 05:11:50+0100: = H1
2026-07-17 05:12:07+0100: Controller: play W G1
2026-07-17 05:12:07+0100: = 
2026-07-17 05:12:07+0100: Controller: genmove B
2026-07-17 05:12:09+0100: MoveNum: 154 HASH: 91282B20ADAED1A1067241841BC03840
   A B C D E F G H J K L M N
13 . . . O X O . O . O X O .
12 . . O X X X O O . O X X O
11 O O . O X O . . O O X O .
10 . O O X X O X X X X X X O
 9 O X X X O . O X O . O X O
 8 . O X O . O X X X X . O .
 7 O X X X O . X O O X O . O
 6 . O X X O . O X . O . O .
 5 . O X X X O . X O . O X O
 4 O X X X O . X . X O X X X
 3 . O X X . . O X X X X X O
 2 O X . X O O1@ O X . X O .
 1 . X X X . . O3X2. X . X .

koPOSITIONALscoreAREAtaxNONEsui1komi7.5
Time taken: 1.86306
Root visits: 206
New playouts: 206
NN rows: 204
NN batches: 69
NN avg batch size: 2.95652
PV: G2 J6 F3
Tree:
: T 111.58c W 100.00c S  11.23c (+170.0 L +170.0) N     206  --  G2 J6 F3
---Black(^)---
G2  : T 114.13c W 100.00c S  13.24c (+171.5 L +171.8) LCB  109.61c P  9.82% WF 224.0 PSV     653 N      29  --  G2 J6 F3
F4  : T 113.10c W 100.00c S  12.89c (+171.5 L +170.5) LCB  107.16c P  8.50% WF 386.9 PSV     383 N      50  --  F4 pass A6 B13 A12 A5
F3  : T 113.40c W 100.00c S  12.43c (+171.0 L +171.1) LCB  108.14c P  2.50% WF 214.6 PSV     213 N      28  --  F3 J6 G2 G11
E3  : T 112.71c W 100.00c S  12.22c (+170.7 L +170.6) LCB  108.53c P  4.73% WF 335.2 PSV     113 N      44  --  E3 F3 E1 F4 J6
E1  : T 110.08c W 100.00c S   9.45c (+168.5 L +169.1) LCB  102.13c P  5.67% WF 104.3 PSV      32 N      14  --  E1 F4 E3
J1  : T 109.74c W 100.00c S   9.48c (+168.5 L +168.9) LCB   86.48c P  4.52% WF  44.0 PSV      23 N       6  --  J1 F4 E3
J6  : T 103.18c W 100.00c S   5.63c (+165.6 L +166.4) LCB  -46.01c P  5.86% WF  14.5 PSV      11 N       2  --  J6 F4
G11 : T 104.11c W 100.00c S   4.74c (+165.1 L +165.6) LCB  -44.92c P  5.66% WF  14.6 PSV      11 N       2  --  G11 F4
F9  : T 105.71c W 100.00c S   5.71c (+165.6 L +166.7) LCB -244.29c P  2.97% WF   7.5 PSV       7 N       1  --  F9
E8  : T 106.62c W 100.00c S   6.62c (+166.3 L +167.4) LCB -243.38c P  2.60% WF   7.5 PSV       7 N       1  --  E8

2026-07-17 05:12:09+0100: = G2
2026-07-17 05:12:26+0100: Controller: play W N1
2026-07-17 05:12:26+0100: = 
2026-07-17 05:12:26+0100: Controller: genmove B
2026-07-17 05:12:27+0100: MoveNum: 156 HASH: 60BAB69B50506C0581F206C9CFC31465
   A B C D E F G H J K L M N
13 . . . O X O . O . O X O .
12 . . O X X X O O . O X X O
11 O O . O X O . . O O X O .
10 . O O X X O X X X X X X O
 9 O X X X O . O X O . O X O
 8 . O X O . O X X X X . O .
 7 O X X X O . X O O X O . O
 6 . O X X O . O X . O . O .
 5 . O X X X O . X O . O X O
 4 O X X X O @ X . X O X X X
 3 . O X X . . O X X X X X O
 2 O X . X O O X2. X . X O .
 1 . X X X . . O1X . X . X O3

koPOSITIONALscoreAREAtaxNONEsui1komi7.5
Time taken: 1.77388
Root visits: 204
New playouts: 204
NN rows: 201
NN batches: 69
NN avg batch size: 2.91304
PV: F4 H2 J1
Tree:
: T 104.81c W 100.00c S   4.54c (+169.8 L +169.8) N     204  --  F4 H2 J1
---Black(^)---
F4  : T 109.50c W 100.00c S   8.83c (+173.4 L +172.3) LCB  101.71c P  3.12% WF 214.8 PSV     527 N      27  --  F4 H2 J1
H2  : T 105.64c W 100.00c S   5.44c (+170.5 L +170.5) LCB  100.32c P  4.03% WF 368.5 PSV     367 N      48  --  H2 J6 L8 B13
N2  : T 105.04c W 100.00c S   4.63c (+170.0 L +170.3) LCB   99.04c P  6.64% WF 198.2 PSV     166 N      26  --  N2 H2 F4 B13
G11 : T 104.88c W 100.00c S   4.25c (+169.5 L +169.2) LCB   96.32c P  3.96% WF 138.3 PSV      82 N      18  --  G11 H2 F9
C11 : T 104.85c W 100.00c S   3.97c (+169.5 L +169.9) LCB   97.67c P  3.25% WF 122.1 PSV      66 N      16  --  C11 H2 J1
E3  : T 110.71c W 100.00c S   7.87c (+172.5 L +171.4) LCB   91.89c P  2.68% WF  55.1 PSV      54 N       7  --  E3 B13 A12
G13 : T 104.90c W 100.00c S   4.07c (+169.5 L +169.9) LCB   96.84c P  2.30% WF 106.3 PSV      49 N      14  --  G13 H2 J6
J6  : T 101.09c W 100.00c S   1.55c (+167.5 L +167.6) LCB   24.07c P  4.62% WF  22.5 PSV      19 N       3  --  J6 B13
E8  : T 107.15c W 100.00c S   5.06c (+170.5 L +170.8) LCB  -42.05c P  2.18% WF  15.4 PSV      16 N       2  --  E8 H2
F1  : T  95.67c W 100.00c S  -0.96c (+165.2 L +166.1) LCB  -53.71c P  7.70% WF  14.6 PSV      15 N       2  --  F1 B13

2026-07-17 05:12:27+0100: = F4
2026-07-17 05:12:43+0100: Controller: play W L1
2026-07-17 05:12:43+0100: = 
2026-07-17 05:12:43+0100: Controller: genmove B
2026-07-17 05:12:44+0100: MoveNum: 158 HASH: 5D6351C4F05D6FDDE472551351478638
   A B C D E F G H J K L M N
13 . . . O X O . O . O X O .
12 . . O X X X O O . O X X O
11 O O . O X O . . O O X O .
10 . O O X X O X X X X X X O
 9 O X X X O . O X O . O X O
 8 . O X O . O X X X X . O .
 7 O X X X O . X O O X O . O
 6 . O X X O . O X . O . O .
 5 . O X X X O . X O . O X O
 4 O X X X O X2X . X O X X X
 3 . O X X @ . O X X X X X O
 2 O X . X O O X . X . X O .
 1 . X X X . . O X . X O3. O1

koPOSITIONALscoreAREAtaxNONEsui1komi7.5
Time taken: 1.87998
Root visits: 206
New playouts: 205
NN rows: 204
NN batches: 69
NN avg batch size: 2.95652
PV: E3 pass C13
Tree:
: T 110.06c W 100.00c S   9.76c (+170.5 L +170.1) N     206  --  E3 pass C13
---Black(^)---
E3  : T 113.11c W 100.00c S  12.69c (+173.1 L +171.8) LCB  105.76c P  2.90% WF 211.9 PSV     360 N      27  --  E3 pass C13
N2  : T 111.00c W 100.00c S  10.50c (+171.2 L +170.8) LCB  104.05c P  3.11% WF 256.7 PSV     255 N      34  --  N2 pass A8
J6  : T 112.18c W 100.00c S  11.12c (+171.7 L +170.7) LCB  105.19c P  5.44% WF 217.9 PSV     215 N      29  --  J6 H2 J1
G13 : T 111.14c W 100.00c S  10.69c (+171.3 L +171.1) LCB  103.71c P  2.49% WF 192.7 PSV     192 N      25  --  G13 H2 J1 B13
A12 : T 110.16c W 100.00c S  10.20c (+170.9 L +170.5) LCB   99.50c P  4.49% WF 123.1 PSV      87 N      16  --  A12 H2 C13
B13 : T 110.69c W 100.00c S   9.97c (+170.6 L +169.8) LCB   85.34c P  3.67% WF  45.9 PSV      46 N       6  --  B13 B12
A6  : T 109.67c W 100.00c S   9.12c (+170.0 L +169.7) LCB   98.20c P  2.29% WF  91.0 PSV      30 N      12  --  A6 H2 J1
G11 : T 107.50c W 100.00c S   7.53c (+168.7 L +168.0) LCB   60.01c P  4.00% WF  29.9 PSV      22 N       4  --  G11 B13
L8  : T 108.71c W 100.00c S   8.77c (+169.7 L +168.9) LCB   60.41c P  2.71% WF  30.2 PSV      22 N       4  --  L8 B13
C11 : T 107.17c W 100.00c S   6.95c (+168.3 L +168.6) LCB   30.84c P  3.96% WF  22.6 PSV      20 N       3  --  C11 B13

2026-07-17 05:12:44+0100: = E3
2026-07-17 05:13:06+0100: Controller: play W H2
2026-07-17 05:13:06+0100: = 
2026-07-17 05:13:06+0100: Controller: genmove B
2026-07-17 05:13:07+0100: MoveNum: 160 HASH: 039AA20127300169D2A4A666BFB0CB97
   A B C D E F G H J K L M N
13 . . . O X O . O . O X O .
12 . . O X X X O O . O X X O
11 O O . O X O . . O O X O .
10 . O O X X O X X X X X X O
 9 O X X X O . O X O . O X O
 8 . O X O . O X X X X . O .
 7 O X X X O . X O O X O . O
 6 . O X X O . O X . O . O .
 5 . O X X X O . X O . O X O
 4 O X X X . X X . X O X X X
 3 . O X X X2. O X X X X X O
 2 O X . X O O . O3X . X O .
 1 . X X X . . O X . X O1@ O

koPOSITIONALscoreAREAtaxNONEsui1komi7.5
Time taken: 1.57206
Root visits: 205
New playouts: 201
NN rows: 194
NN batches: 66
NN avg batch size: 2.93939
PV: M1 J1 F3 L1 G2
Tree:
: T 118.62c W 100.00c S  18.41c (+169.5 L +169.2) N     205  --  M1 J1 F3 L1 G2
---Black(^)---
M1  : T 120.02c W 100.00c S  19.73c (+171.0 L +170.4) LCB  115.34c P  5.83% WF 371.7 PSV     372 N      49  --  M1 J1 F3 L1 G2
F3  : T 120.28c W 100.00c S  19.87c (+171.3 L +170.6) LCB  115.29c P  4.65% WF 282.7 PSV     293 N      38  --  F3 J1 M1 B13 A12
J1  : T 124.23c W 100.00c S  22.79c (+174.1 L +172.5) LCB  113.63c P  7.89% WF  71.7 PSV      70 N       9  --  J1 B13 A12 A8
E1  : T 117.43c W 100.00c S  18.04c (+169.2 L +168.8) LCB   98.29c P  5.81% WF  53.0 PSV      37 N       7  --  E1 J1 M1
K5  : T 118.63c W 100.00c S  18.52c (+169.4 L +169.0) LCB  111.94c P  3.03% WF 129.9 PSV      33 N      17  --  K5 J1 M1 F3
A5  : T 119.00c W 100.00c S  18.44c (+169.4 L +169.4) LCB  108.17c P  1.83% WF  69.0 PSV      26 N       9  --  A5 J1 F3
A8  : T 117.89c W 100.00c S  17.07c (+167.9 L +167.7) LCB  105.27c P  3.15% WF  60.2 PSV      24 N       8  --  A8 B13 A12
J6  : T 116.74c W 100.00c S  16.92c (+167.7 L +167.1) LCB   85.61c P  4.58% WF  37.3 PSV      24 N       5  --  J6 B13
A12 : T 117.31c W 100.00c S  17.02c (+167.7 L +167.9) LCB   88.68c P  3.87% WF  37.8 PSV      24 N       5  --  A12 J1 E1
G11 : T 117.96c W 100.00c S  17.71c (+168.2 L +167.9) LCB   89.92c P  3.11% WF  38.0 PSV      24 N       5  --  G11 J1 M1

2026-07-17 05:13:07+0100: = M1
2026-07-17 05:13:20+0100: Controller: play W E1
2026-07-17 05:13:20+0100: = 
2026-07-17 05:13:20+0100: Controller: genmove B
2026-07-17 05:13:23+0100: MoveNum: 162 HASH: DB5175F7FC4D960EF188B9BAA343DAFF
   A B C D E F G H J K L M N
13 . . . O X O . O . O X O .
12 . . O X X X O O . O X X O
11 O O . O X O . . O O X O .
10 . O O X X O X X X X X X O
 9 O X X X O . O X O . O X O
 8 . O X O . O X X X X . O .
 7 O X X X O . X O O X O . O
 6 . O X X O . O X . O . O .
 5 . O X X X O . X O . O X O
 4 O X X X . X X . X O X X X
 3 . O X X X @ O X X X X X O
 2 O X . X O O . O1X . X O .
 1 . X X X O3. O X . X . X2O

koPOSITIONALscoreAREAtaxNONEsui1komi7.5
Time taken: 2.15056
Root visits: 206
New playouts: 205
NN rows: 204
NN batches: 69
NN avg batch size: 2.95652
PV: F3 L1 G2 B13
Tree:
: T 110.04c W 100.00c S  10.88c (+169.4 L +168.9) N     206  --  F3 L1 G2 B13
---Black(^)---
F3  : T 114.80c W 100.00c S  15.73c (+173.7 L +172.8) LCB  108.69c P  9.21% WF 285.7 PSV     906 N      36  --  F3 L1 G2 B13
J1  : T 112.62c W 100.00c S  12.94c (+171.4 L +170.4) LCB  107.55c P 13.67% WF 672.1 PSV     659 N      92  --  J1 L1 L8 B13 A12 J6
G2  : T 103.63c W 100.00c S   4.59c (+164.3 L +164.9) LCB   58.87c P  8.64% WF  28.9 PSV      20 N       4  --  G2 B13 A12
N2  : T 101.23c W 100.00c S   2.70c (+163.2 L +163.6) LCB   27.07c P  5.45% WF  21.7 PSV      10 N       3  --  N2 F3
C13 : T 103.56c W 100.00c S   4.56c (+164.5 L +164.8) LCB  -45.43c P  4.11% WF  14.6 PSV       9 N       2  --  C13 J1
A5  : T 109.57c W 100.00c S   8.92c (+167.8 L +167.5) LCB   94.76c P  1.41% WF  58.8 PSV       8 N       8  --  A5 F3 J1
J6  : T 103.82c W 100.00c S   5.79c (+165.4 L +165.3) LCB  -45.25c P  3.67% WF  14.5 PSV       8 N       2  --  J6 J1
A8  : T 103.95c W 100.00c S   4.46c (+164.6 L +164.3) LCB   74.67c P  3.31% WF  35.9 PSV       7 N       5  --  A8 F3
A12 : T 103.04c W 100.00c S   3.96c (+164.1 L +164.4) LCB   28.04c P  3.50% WF  21.5 PSV       7 N       3  --  A12 F3
C11 : T 102.99c W 100.00c S   3.83c (+164.1 L +164.0) LCB   28.85c P  3.41% WF  21.7 PSV       7 N       3  --  C11 F3

2026-07-17 05:13:23+0100: = F3
2026-07-17 05:13:31+0100: Controller: play W J1
2026-07-17 05:13:31+0100: = 
2026-07-17 05:13:31+0100: Controller: genmove B
2026-07-17 05:13:33+0100: MoveNum: 164 HASH: 57C5EB692044DCC61CA5B1BF725FA0C3
   A B C D E F G H J K L M N
13 . . . O X O . O . O X O .
12 . . O X X X O O . O X X O
11 O O . O X O . . O O X O .
10 . O O X X O X X X X X X O
 9 O X X X O . O X O . O X O
 8 . O X O . O X X X X . O .
 7 O X X X O . X O O X O . O
 6 . O X X O . O X . O . O .
 5 . O X X X O . X O . O X O
 4 O X X X . X X . X O X X X
 3 . O X X X X2O X X X X X O
 2 O X . X O O @ O X . X O .
 1 . X X X O1. O . O3X . X O

koPOSITIONALscoreAREAtaxNONEsui1komi7.5
Time taken: 1.99091
Root visits: 204
New playouts: 199
NN rows: 195
NN batches: 66
NN avg batch size: 2.95455
PV: N6 G2 H1
Tree:
: T 119.31c W 100.00c S  19.40c (+171.4 L +170.8) N     204  --  N6 G2 H1
---Black(^)---
N6  : T 119.97c W 100.00c S  19.81c (+171.8 L +171.5) LCB  113.56c P  2.97% WF 140.5 PSV     263 N      18  --  N6 G2 H1
G2  : T 119.68c W 100.00c S  20.06c (+172.4 L +171.5) LCB  112.62c P 10.33% WF 216.7 PSV     216 N      28  --  G2 L1 H1 B13
K5  : T 120.29c W 100.00c S  20.03c (+172.2 L +171.5) LCB  113.26c P  3.48% WF 139.2 PSV     139 N      18  --  K5 L1 H1 B13
J6  : T 119.78c W 100.00c S  19.55c (+171.4 L +171.0) LCB  113.50c P  4.94% WF 108.7 PSV     109 N      14  --  J6 G2 H1
G13 : T 120.14c W 100.00c S  19.62c (+171.5 L +171.3) LCB  112.59c P  2.29% WF 109.0 PSV      96 N      14  --  G13 G2 H1
A6  : T 120.32c W 100.00c S  20.58c (+172.6 L +172.0) LCB  112.20c P  2.21% WF  94.0 PSV      94 N      12  --  A6 A5 N2
A5  : T 121.63c W 100.00c S  21.46c (+173.7 L +172.3) LCB  113.08c P  1.91% WF  94.1 PSV      93 N      12  --  A5 B13 A12 A6
A3  : T 122.15c W 100.00c S  21.68c (+173.9 L +172.5) LCB  112.12c P  2.41% WF  78.8 PSV      78 N      10  --  A3 B13 A12 L1
G11 : T 120.77c W 100.00c S  19.69c (+171.5 L +170.4) LCB  109.44c P  3.67% WF  70.0 PSV      70 N       9  --  G11 B13 A12 G2
A12 : T 119.09c W 100.00c S  19.16c (+170.9 L +170.1) LCB  106.38c P  4.50% WF  69.6 PSV      57 N       9  --  A12 L1 H1

2026-07-17 05:13:33+0100: = G2
2026-07-17 05:13:42+0100: Controller: play W L1
2026-07-17 05:13:42+0100: = 
2026-07-17 05:13:42+0100: Controller: genmove B
2026-07-17 05:13:44+0100: MoveNum: 166 HASH: CB1C80460B946E302BB1FB4FF736B7E6
   A B C D E F G H J K L M N
13 . . . O X O . O . O X O .
12 . . O X X X O O . O X X O
11 O O . O X O . . O O X O .
10 . O O X X O X X X X X X O
 9 O X X X O . O X O . O X O
 8 . O X O . O X X X X . O .
 7 O X X X O . X O O X O . O
 6 . O X X O . O X . O . O .
 5 . O X X X O . X O . O X O
 4 O X X X . X X . X O X X X
 3 . O X X X X . X X X X X O
 2 O X . X O O X2O X . X O @
 1 . X X X O . O . O1X O3. O

koPOSITIONALscoreAREAtaxNONEsui1komi7.5
Time taken: 1.71643
Root visits: 205
New playouts: 189
NN rows: 188
NN batches: 64
NN avg batch size: 2.9375
PV: N2 K2 F1
Tree:
: T 120.94c W 100.00c S  21.14c (+170.0 L +169.7) N     205  --  N2 K2 F1
---Black(^)---
N2  : T 125.64c W 100.00c S  25.20c (+174.7 L +173.8) LCB  121.42c P  3.99% WF 153.8 PSV    1112 N      19  --  N2 K2 F1
H1  : T 121.22c W 100.00c S  21.52c (+170.2 L +169.9) LCB  117.31c P 17.07% WF 387.4 PSV     387 N      51  --  H1 J6 F1 B13
F1  : T 120.83c W 100.00c S  21.22c (+170.6 L +169.8) LCB  115.33c P 11.69% WF 306.0 PSV     180 N      41  --  F1 pass J6 B13
A6  : T 123.16c W 100.00c S  22.73c (+171.7 L +171.0) LCB  117.18c P  1.73% WF 118.0 PSV     117 N      15  --  A6 K2 F1
A8  : T 122.67c W 100.00c S  22.09c (+171.0 L +170.7) LCB  114.91c P  3.03% WF  93.9 PSV      94 N      12  --  A8 K2 G3
A5  : T 123.92c W 100.00c S  23.07c (+171.9 L +171.3) LCB  115.16c P  1.48% WF  78.8 PSV      78 N      10  --  A5 A6 F1
B13 : T 119.52c W 100.00c S  19.47c (+167.9 L +167.5) LCB   88.39c P  2.72% WF  37.9 PSV      20 N       5  --  B13 B12
J6  : T 117.74c W 100.00c S  18.71c (+166.9 L +167.1) LCB   42.62c P  3.87% WF  22.3 PSV      16 N       3  --  J6 B13
G11 : T 118.12c W 100.00c S  18.43c (+166.8 L +166.4) LCB   72.69c P  3.14% WF  29.8 PSV      15 N       4  --  G11 B13
F9  : T 119.03c W 100.00c S  19.26c (+167.2 L +167.2) LCB   74.78c P  2.16% WF  30.2 PSV      13 N       4  --  F9 B13

2026-07-17 05:13:44+0100: = N2
2026-07-17 05:13:53+0100: Controller: play W K2
2026-07-17 05:13:53+0100: = 
2026-07-17 05:13:53+0100: Controller: genmove B
2026-07-17 05:13:55+0100: MoveNum: 168 HASH: B81893E29A0E3747B7F91398FC040181
   A B C D E F G H J K L M N
13 . . . O X O . O . O X O .
12 . . O X X X O O . O X X O
11 O O . O X O . . O O X O .
10 . O O X X O X X X X X X O
 9 O X X X O . O X O . O X O
 8 . O X O . O X X X X . O .
 7 O X X X O . X O O X O . O
 6 . O X X O . O X . O . O .
 5 . O X X X O . X O @ O X O
 4 O X X X . X X . X O X X X
 3 . O X X X X . X X X X X .
 2 O X . X O O X O X O3X O X2
 1 . X X X O . O . O . O1. O

koPOSITIONALscoreAREAtaxNONEsui1komi7.5
Time taken: 1.18235
Root visits: 206
New playouts: 200
NN rows: 197
NN batches: 67
NN avg batch size: 2.9403
PV: K5 N3 F1 B13 A12 A8
Tree:
: T 118.44c W 100.00c S  18.40c (+170.7 L +170.3) N     206  --  K5 N3 F1 B13 A12 A8
---Black(^)---
K5  : T 120.52c W 100.00c S  20.34c (+172.9 L +171.7) LCB  115.41c P  3.69% WF 393.9 PSV     388 N      51  --  K5 N3 F1 B13 A12 A8
F1  : T 120.23c W 100.00c S  19.81c (+172.3 L +171.5) LCB  113.96c P  9.68% WF 164.3 PSV     163 N      21  --  F1 pass H1
M1  : T 118.33c W 100.00c S  18.14c (+170.5 L +170.1) LCB  111.77c P 12.24% WF 176.1 PSV     101 N      23  --  M1 pass J6 B13
A12 : T 121.32c W 100.00c S  20.60c (+172.2 L +170.9) LCB  105.62c P  3.87% WF  54.8 PSV      55 N       7  --  A12 N3
N6  : T 119.38c W 100.00c S  19.19c (+171.4 L +171.1) LCB  114.54c P  3.29% WF 286.2 PSV      48 N      37  --  N6 N3 J6 G3
A6  : T 120.09c W 100.00c S  19.45c (+170.8 L +170.1) LCB   77.10c P  1.78% WF  30.8 PSV      31 N       4  --  A6 N3
A8  : T 118.39c W 100.00c S  18.11c (+170.3 L +170.3) LCB  110.09c P  3.12% WF  91.6 PSV      26 N      12  --  A8 N3 K1
J6  : T 115.41c W 100.00c S  16.09c (+168.0 L +168.0) LCB   70.82c P  4.40% WF  29.6 PSV      16 N       4  --  J6 B13
H1  : T 109.15c W 100.00c S  12.48c (+165.2 L +166.0) LCB  -40.51c P  8.77% WF  14.3 PSV      14 N       2  --  H1 B13
G11 : T 115.98c W 100.00c S  16.02c (+167.9 L +167.4) LCB   86.03c P  3.02% WF  37.1 PSV      12 N       5  --  G11 B13

2026-07-17 05:13:55+0100: = K5
2026-07-17 05:14:08+0100: Controller: play W G3
2026-07-17 05:14:08+0100: = 
2026-07-17 05:14:08+0100: Controller: genmove B
2026-07-17 05:14:10+0100: MoveNum: 170 HASH: 5B4CEDDDCCA422E79A48313A06812CC9
   A B C D E F G H J K L M N
13 . . . O X O . O . O X O .
12 . . O X X X O O . O X X O
11 O O . O X O . . O O X O .
10 . O O X X O X X X X X X O
 9 O X X X O @ O X O . O X O
 8 . O X O . O X X X X . O .
 7 O X X X O . X O O X O . O
 6 . O X X O . O X . O . O .
 5 . O X X X O . X O X2O X O
 4 O X X X . X X . X . X X X
 3 . O X X X X O3X X X X X .
 2 O X . X O O . O X O1X O X
 1 . X X X O . O . O . O . O

koPOSITIONALscoreAREAtaxNONEsui1komi7.5
Time taken: 1.66458
Root visits: 206
New playouts: 200
NN rows: 192
NN batches: 65
NN avg batch size: 2.95385
PV: F9 N3 J6 G2
Tree:
: T 117.26c W 100.00c S  17.06c (+170.6 L +170.2) N     206  --  F9 N3 J6 G2
---Black(^)---
F9  : T 119.32c W 100.00c S  18.93c (+172.4 L +171.7) LCB  114.38c P  1.99% WF 149.0 PSV     441 N      19  --  F9 N3 J6 G2
K1  : T 117.90c W 100.00c S  17.84c (+171.5 L +170.9) LCB  110.84c P 10.58% WF 208.9 PSV     208 N      27  --  K1 N3 J6 B13 A12
M1  : T 116.83c W 100.00c S  16.80c (+170.5 L +170.1) LCB  109.97c P 13.02% WF 207.1 PSV     208 N      27  --  M1 pass J6 B13
L6  : T 117.28c W 100.00c S  16.75c (+170.3 L +170.0) LCB  111.73c P  8.12% WF 177.9 PSV     179 N      23  --  L6 G2 J6 B13
J6  : T 116.28c W 100.00c S  16.07c (+169.7 L +169.7) LCB  110.21c P 12.21% WF 159.8 PSV     135 N      21  --  J6 G2 M1 B13
A6  : T 120.08c W 100.00c S  19.20c (+172.5 L +171.6) LCB  111.59c P  1.58% WF  86.2 PSV      85 N      11  --  A6 A5 J6
N6  : T 122.30c W 100.00c S  20.45c (+174.0 L +172.4) LCB  112.22c P  3.27% WF  80.0 PSV      78 N      10  --  N6 B13 A12 G2
A12 : T 120.47c W 100.00c S  19.74c (+172.7 L +171.1) LCB  104.66c P  3.55% WF  55.0 PSV      54 N       7  --  A12 B12
G13 : T 117.30c W 100.00c S  16.84c (+170.1 L +169.8) LCB   98.87c P  1.76% WF  53.7 PSV      45 N       7  --  G13 N3 J6
A8  : T 116.49c W 100.00c S  16.59c (+170.0 L +169.4) LCB   71.05c P  2.72% WF  30.2 PSV      31 N       4  --  A8 B13

2026-07-17 05:14:10+0100: = F9
2026-07-17 05:14:20+0100: Controller: play W K4
2026-07-17 05:14:20+0100: = 
2026-07-17 05:14:20+0100: Controller: genmove B
2026-07-17 05:14:22+0100: MoveNum: 172 HASH: 152A70AE87B4BCF0E3E671293C3BFD3B
   A B C D E F G H J K L M N
13 . . . O X O . O . O X O .
12 . . O X X X O O . O X X O
11 O O . O X O . . O O X O .
10 . O O X X O X X X X X X O
 9 O X X X O X2. X O . O X O
 8 . O X O . O X X X X . O .
 7 O X X X O . X O O X O . O
 6 . O X X O . O X . O . O @
 5 . O X X X O . X O . O X O
 4 O X X X . X X . X O3X X X
 3 . O X X X X O1X X X X X .
 2 O X . X O O . O X O X O X
 1 . X X X O . O . O . O . O

koPOSITIONALscoreAREAtaxNONEsui1komi7.5
Time taken: 2.0561
Root visits: 206
New playouts: 202
NN rows: 202
NN batches: 68
NN avg batch size: 2.97059
PV: N6 G2 M1 B13 A12
Tree:
: T 117.57c W 100.00c S  18.03c (+169.6 L +169.4) N     206  --  N6 G2 M1 B13 A12
---Black(^)---
N6  : T 120.49c W 100.00c S  19.77c (+170.9 L +170.6) LCB  116.50c P  5.99% WF 260.3 PSV     627 N      33  --  N6 G2 M1 B13 A12
M1  : T 119.28c W 100.00c S  19.16c (+170.6 L +169.8) LCB  114.02c P 14.74% WF 350.0 PSV     346 N      45  --  M1 pass J6 B13
H4  : T 119.68c W 100.00c S  19.67c (+171.2 L +170.3) LCB  114.27c P  3.97% WF 280.1 PSV     168 N      36  --  H4 pass E8 B13
K1  : T 118.31c W 100.00c S  18.87c (+170.3 L +170.2) LCB  112.26c P 12.70% WF 254.4 PSV     145 N      33  --  K1 N3 H1 B13
G2  : T 121.76c W 100.00c S  20.50c (+171.9 L +171.3) LCB  116.03c P  9.02% WF 142.2 PSV     139 N      18  --  G2 N3 F1 G9
J6  : T 106.26c W 100.00c S  11.74c (+163.9 L +165.2) LCB  -43.78c P  9.09% WF  14.2 PSV      13 N       2  --  J6 N3
G11 : T 106.65c W 100.00c S  12.32c (+164.5 L +165.9) LCB  -43.38c P  5.83% WF  14.3 PSV       9 N       2  --  G11 N3
J12 : T 117.12c W 100.00c S  17.12c (+168.8 L +170.5) LCB -232.88c P  1.03% WF   7.5 PSV       7 N       1  --  J12
E8  : T 105.16c W 100.00c S  10.96c (+163.3 L +164.6) LCB  -44.97c P  4.62% WF  14.3 PSV       6 N       2  --  E8 N3
C11 : T 112.59c W 100.00c S  14.87c (+166.4 L +167.2) LCB  -36.65c P  2.03% WF  14.5 PSV       5 N       2  --  C11 B13

2026-07-17 05:14:22+0100: = N6
2026-07-17 05:14:33+0100: Controller: play W N3
2026-07-17 05:14:33+0100: = 
2026-07-17 05:14:33+0100: Controller: genmove B
2026-07-17 05:14:34+0100: MoveNum: 174 HASH: 4261480B33117FC6D79167E03D6EA7CC
   A B C D E F G H J K L M N
13 . . . O X O . O . O X O .
12 . . O X X X O O . O X X O
11 O O . O X O . . O O X O .
10 . O O X X O X X X X X X O
 9 O X X X O X . X O . O X O
 8 . O X O . O X X X X . O .
 7 O X X X O . X O O X O . O
 6 . O X X O . O X . O . O X2
 5 . O X X X O . X O . O X .
 4 O X X X . X X . X O1X X X
 3 . O X X X X O X X X X X O3
 2 O X . X O O . O X O X O .
 1 . X X X O . O . O @ O . O

koPOSITIONALscoreAREAtaxNONEsui1komi7.5
Time taken: 1.56543
Root visits: 206
New playouts: 201
NN rows: 175
NN batches: 59
NN avg batch size: 2.9661
PV: K1 G9 J6 G2
Tree:
: T 117.81c W 100.00c S  18.21c (+169.2 L +169.2) N     206  --  K1 G9 J6 G2
---Black(^)---
K1  : T 121.33c W 100.00c S  20.77c (+171.4 L +171.4) LCB  118.20c P 10.35% WF 310.1 PSV     720 N      39  --  K1 G9 J6 G2
K5  : T 119.49c W 100.00c S  19.62c (+170.4 L +170.0) LCB  114.78c P 12.64% WF 319.3 PSV     316 N      41  --  K5 G2 J6 B13
H4  : T 120.61c W 100.00c S  19.97c (+171.1 L +170.3) LCB  115.65c P  5.22% WF 274.2 PSV     270 N      35  --  H4 pass G11 pass
G2  : T 119.47c W 100.00c S  19.23c (+170.0 L +170.0) LCB  115.29c P  9.80% WF 286.1 PSV     242 N      37  --  G2 G9 J6 B13
J6  : T 112.82c W 100.00c S  14.94c (+166.2 L +166.4) LCB   64.14c P  5.24% WF  29.1 PSV      14 N       4  --  J6 N5
E8  : T 111.84c W 100.00c S  13.83c (+165.1 L +165.7) LCB   34.03c P  5.55% WF  22.1 PSV      13 N       3  --  E8 N5
A1  : T 116.45c W 100.00c S  16.90c (+168.0 L +167.8) LCB   67.98c P  1.92% WF  30.3 PSV      10 N       4  --  A1 N5
B13 : T 112.94c W 100.00c S  13.79c (+164.9 L +165.4) LCB   65.93c P  3.52% WF  29.3 PSV       9 N       4  --  B13 N5
F7  : T 116.34c W 100.00c S  16.34c (+167.4 L +168.8) LCB -233.66c P  1.54% WF   7.6 PSV       8 N       1  --  F7
G11 : T 105.59c W 100.00c S  11.50c (+163.2 L +164.6) LCB  -44.67c P  5.49% WF  14.5 PSV       7 N       2  --  G11 N5

2026-07-17 05:14:34+0100: = K1
2026-07-17 05:14:49+0100: Controller: play W A1
2026-07-17 05:14:49+0100: = 
2026-07-17 05:14:49+0100: Controller: genmove B
2026-07-17 05:14:51+0100: MoveNum: 176 HASH: F0DC41D8E01FEFEE60A41E427559EB3C
   A B C D E F G H J K L M N
13 . . . O X O . O . O X O .
12 . . O X X X O O . O X X O
11 O O . O X O . . O O X O .
10 . O O X X O X X X X X X O
 9 O X X X O X . X O . O X O
 8 . O X O . O X X X X @ O .
 7 O X X X O . X O O X O . O
 6 . O X X O . O X . O . O X
 5 . O X X X O . X O . O X .
 4 O X X X . X X . X O X X X
 3 . O X X X X O X X X X X O1
 2 O X . X O O . O X . X O .
 1 O3X X X O . O . O X2O . O

koPOSITIONALscoreAREAtaxNONEsui1komi7.5
Time taken: 1.76249
Root visits: 206
New playouts: 206
NN rows: 201
NN batches: 69
NN avg batch size: 2.91304
PV: L8 pass J6 B13
Tree:
: T 105.92c W 100.00c S   6.13c (+168.9 L +168.3) N     206  --  L8 pass J6 B13
---Black(^)---
L8  : T 109.10c W 100.00c S   8.22c (+170.7 L +169.7) LCB  103.00c P  3.55% WF 290.2 PSV     602 N      38  --  L8 pass J6 B13
J6  : T 106.47c W 100.00c S   6.47c (+169.1 L +168.3) LCB   99.30c P  5.46% WF 318.9 PSV     318 N      45  --  J6 G2 K5 B13
A12 : T 108.07c W 100.00c S   7.85c (+170.4 L +169.4) LCB   97.77c P  3.74% WF 164.0 PSV     162 N      21  --  A12 pass E8
G11 : T 107.42c W 100.00c S   7.27c (+170.0 L +169.0) LCB   99.34c P  4.78% WF 161.3 PSV     161 N      21  --  G11 pass H1 B13
E8  : T 108.35c W 100.00c S   7.61c (+170.2 L +169.4) LCB  100.31c P  3.64% WF 123.3 PSV     122 N      16  --  E8 pass G2
A3  : T 105.84c W 100.00c S   6.41c (+169.2 L +168.5) LCB   96.75c P  4.94% WF 190.7 PSV     107 N      25  --  A3 G2 H1 B13
N13 : T 104.55c W 100.00c S   5.04c (+168.0 L +167.4) LCB   25.32c P  2.59% WF  22.7 PSV      23 N       3  --  N13 B13
M1  : T  96.85c W 100.00c S   0.13c (+164.5 L +165.5) LCB  -52.53c P  6.87% WF  14.7 PSV      15 N       2  --  M1 B13
H1  : T  97.26c W 100.00c S   1.17c (+165.1 L +166.1) LCB  -52.29c P  6.62% WF  14.7 PSV      15 N       2  --  H1 B13
G2  : T  96.89c W 100.00c S   0.23c (+164.4 L +164.9) LCB  -52.45c P  5.42% WF  14.7 PSV      11 N       2  --  G2 B13

2026-07-17 05:14:51+0100: = L8
2026-07-17 05:15:03+0100: Controller: play W K2
2026-07-17 05:15:03+0100: = 
2026-07-17 05:15:03+0100: Controller: genmove B
2026-07-17 05:15:05+0100: MoveNum: 178 HASH: 3B5E60296109D8F6432972771803F7DD
   A B C D E F G H J K L M N
13 . . . O X O . O . O X O .
12 . . O X X X O O . O X X O
11 O O . O X O . . O O X O .
10 . O O X X O X X X X X X O
 9 O X X X O X . X O . O X O
 8 . O X O . O X X X X X2O .
 7 O X X X O . X O O X O . O
 6 . O X X O . O X . O . O X
 5 . O X X X O . X O . O X .
 4 O X X X . X X . X O X X X
 3 . O X X X X O X X X X X O
 2 O X . X O O @ O X O3X O .
 1 O1X X X O . O . O . O . O

koPOSITIONALscoreAREAtaxNONEsui1komi7.5
Time taken: 1.65516
Root visits: 206
New playouts: 205
NN rows: 205
NN batches: 69
NN avg batch size: 2.97101
PV: G2 K1 G3 B13 A12 G9
Tree:
: T 113.59c W 100.00c S  13.23c (+169.3 L +169.0) N     206  --  G2 K1 G3 B13 A12 G9
---Black(^)---
G2  : T 116.13c W 100.00c S  15.17c (+171.0 L +170.3) LCB  111.19c P 10.25% WF 408.7 PSV     400 N      53  --  G2 K1 G3 B13 A12 G9
N2  : T 114.11c W 100.00c S  13.76c (+169.7 L +169.5) LCB  108.79c P 10.32% WF 305.8 PSV      83 N      40  --  N2 pass M1 B13
K5  : T 114.27c W 100.00c S  14.24c (+170.1 L +169.6) LCB  108.72c P  7.51% WF 240.1 PSV      65 N      32  --  K5 K1 J6 B13
J6  : T 114.71c W 100.00c S  13.03c (+169.1 L +168.4) LCB   91.99c P  6.01% WF  45.9 PSV      46 N       6  --  J6 N5 K5
H4  : T 114.47c W 100.00c S  13.88c (+169.8 L +169.6) LCB  108.61c P  4.01% WF 162.0 PSV      38 N      21  --  H4 K1 G2 B13
A3  : T 111.50c W 100.00c S  11.68c (+168.1 L +167.5) LCB   61.95c P  4.03% WF  30.0 PSV      16 N       4  --  A3 N5
E8  : T 110.68c W 100.00c S  10.80c (+167.2 L +166.6) LCB   77.55c P  4.03% WF  37.0 PSV      14 N       5  --  E8 N5
G11 : T 109.23c W 100.00c S   9.96c (+166.5 L +166.5) LCB   61.53c P  4.99% WF  29.3 PSV      13 N       4  --  G11 N5
A12 : T 110.19c W 100.00c S   9.85c (+166.5 L +166.4) LCB   61.70c P  4.30% WF  30.0 PSV      13 N       4  --  A12 N5
N13 : T 111.38c W 100.00c S  11.63c (+168.0 L +167.4) LCB   62.07c P  2.95% WF  29.9 PSV      11 N       4  --  N13 N5

2026-07-17 05:15:05+0100: = G2
2026-07-17 05:15:15+0100: Controller: play W G9
2026-07-17 05:15:15+0100: = 
2026-07-17 05:15:15+0100: Controller: genmove B
2026-07-17 05:15:17+0100: MoveNum: 180 HASH: 966C83657CB35341173610C6D83C0B67
   A B C D E F G H J K L M N
13 . . . O X O . O . O X O .
12 . . O X X X O O . O X X O
11 O O . O X O . . O O X O .
10 . O O X X O X X X X X X O
 9 O X X X O . O3X O . O X O
 8 . O X O . O X X X X X O .
 7 O X X X O . X O O X O . O
 6 . O X X O . O X . O . O X
 5 . O X X X O . X O . O X .
 4 O X X X . X X . X O X X X
 3 . O X X X X . X X X X X O
 2 O X . X O O X2O X O1X O .
 1 O X X X O . O @ O . O . O

koPOSITIONALscoreAREAtaxNONEsui1komi7.5
Time taken: 1.74187
Root visits: 205
New playouts: 203
NN rows: 202
NN batches: 68
NN avg batch size: 2.97059
PV: H1 pass F1 B13 A12 pass
Tree:
: T 115.46c W 100.00c S  15.15c (+170.3 L +169.8) N     205  --  H1 pass F1 B13 A12 pass
---Black(^)---
H1  : T 117.37c W 100.00c S  16.59c (+171.7 L +170.7) LCB  112.74c P  7.68% WF 471.1 PSV     464 N      62  --  H1 pass F1 B13 A12 pass
G3  : T 119.05c W 100.00c S  17.85c (+173.0 L +171.5) LCB  111.47c P  5.68% WF 158.8 PSV     156 N      21  --  G3 pass A8
G13 : T 117.12c W 100.00c S  16.68c (+171.4 L +171.2) LCB  112.33c P  2.52% WF 229.8 PSV      86 N      30  --  G13 G3 K1 B13
F1  : T 115.31c W 100.00c S  14.79c (+170.0 L +169.8) LCB  109.55c P  8.94% WF 198.3 PSV      74 N      26  --  F1 pass C13 B13
G11 : T 115.23c W 100.00c S  14.17c (+169.4 L +168.9) LCB  108.92c P  7.77% WF 174.1 PSV      62 N      23  --  G11 G3 F9
K5  : T 111.65c W 100.00c S  12.33c (+167.7 L +167.7) LCB   35.08c P  4.06% WF  22.3 PSV      13 N       3  --  K5 B13
E8  : T 110.80c W 100.00c S  11.27c (+166.9 L +166.8) LCB   34.31c P  4.08% WF  22.2 PSV      11 N       3  --  E8 B13
K1  : T 105.89c W 100.00c S  10.33c (+166.2 L +166.9) LCB  -43.72c P  6.60% WF  14.4 PSV      11 N       2  --  K1 B13
A3  : T 112.02c W 100.00c S  12.43c (+167.7 L +167.6) LCB   35.90c P  3.09% WF  22.3 PSV      10 N       3  --  A3 B13
A8  : T 112.24c W 100.00c S  12.33c (+167.6 L +167.5) LCB   36.98c P  2.91% WF  22.2 PSV      10 N       3  --  A8 B13

2026-07-17 05:15:17+0100: = H1
2026-07-17 05:15:23+0100: Controller: play W N5
2026-07-17 05:15:23+0100: = 
2026-07-17 05:15:23+0100: Controller: genmove B
2026-07-17 05:15:25+0100: MoveNum: 182 HASH: 6B9176529DF0119CE4D861FE39C58E82
   A B C D E F G H J K L M N
13 . . . O X O . O . O X O .
12 . . O X X X O O . O X X O
11 O O . O X O . . O O X O .
10 . O O X X O X X X X X X O
 9 O X X X O . O1X O . O X O
 8 . O X O . O X X X X X O .
 7 O X X X O . X O O X O . O
 6 . O X X O . O X . O . O .
 5 . O X X X O . X O . O X O3
 4 O X X X . X X . X O X X X
 3 @ O X X X X . X X X X X O
 2 O X . X O O X . X O X O .
 1 O X X X O . O X2O . O . O

koPOSITIONALscoreAREAtaxNONEsui1komi7.5
Time taken: 1.75081
Root visits: 206
New playouts: 205
NN rows: 204
NN batches: 69
NN avg batch size: 2.95652
PV: A3 H2 F1 pass H1
Tree:
: T 109.37c W 100.00c S   9.57c (+169.4 L +168.9) N     206  --  A3 H2 F1 pass H1
---Black(^)---
A3  : T 110.79c W 100.00c S  10.58c (+170.3 L +169.4) LCB  104.71c P  2.98% WF 375.7 PSV     377 N      49  --  A3 H2 F1 pass H1
F1  : T 110.54c W 100.00c S  10.41c (+170.1 L +169.3) LCB  104.28c P  9.36% WF 340.6 PSV     339 N      45  --  F1 pass A3 B13
H2  : T 111.55c W 100.00c S  11.40c (+171.1 L +170.0) LCB  103.39c P  3.05% WF 248.7 PSV     246 N      34  --  H2 pass A3
K1  : T 109.63c W 100.00c S  10.08c (+169.8 L +169.6) LCB  102.96c P  9.21% WF 205.4 PSV     148 N      27  --  K1 pass C11 B13
E8  : T 112.90c W 100.00c S  11.96c (+171.4 L +170.7) LCB   36.18c P  3.05% WF  22.4 PSV      23 N       3  --  E8 H2
N2  : T 106.76c W 100.00c S   7.03c (+167.5 L +167.6) LCB   30.22c P  3.48% WF  22.6 PSV      17 N       3  --  N2 B13
J6  : T 103.37c W 100.00c S   4.47c (+165.7 L +166.0) LCB   29.02c P  5.57% WF  21.8 PSV      15 N       3  --  J6 B13
A12 : T 105.06c W 100.00c S   4.34c (+165.7 L +166.4) LCB  -43.94c P  4.17% WF  15.0 PSV      15 N       2  --  A12 H2
G11 : T 104.05c W 100.00c S   4.14c (+165.4 L +165.8) LCB  -44.93c P  4.75% WF  14.7 PSV      14 N       2  --  G11 H2
A6  : T 107.58c W 100.00c S   7.45c (+167.9 L +168.2) LCB  -41.39c P  2.19% WF  15.0 PSV      13 N       2  --  A6 H2

2026-07-17 05:15:25+0100: = A3
2026-07-17 05:15:33+0100: Controller: play W H2
2026-07-17 05:15:33+0100: = 
2026-07-17 05:15:33+0100: Controller: genmove B
2026-07-17 05:15:33+0100: MoveNum: 184 HASH: 3DBDE7249F0E51F739E6E8132F3EEBF7
   A B C D E F G H J K L M N
13 . . . O X O . O . O X O .
12 . . O X X X O O . O X X O
11 O O . O X O . . O O X O .
10 . O O X X O X X X X X X O
 9 O X X X O . O X O . O X O
 8 . O X O . O X X X X X O .
 7 O X X X O . X O O X O . O
 6 . O X X O . O X . O . O .
 5 . O X X X O . X O . O X O1
 4 O X X X . X X . X O X X X
 3 X2. X X X X . X X X X X O
 2 . X . X O O X O3X O X O @
 1 . X X X O . O . O . O . O

koPOSITIONALscoreAREAtaxNONEsui1komi7.5
Time taken: 0.918319
Root visits: 206
New playouts: 176
NN rows: 172
NN batches: 58
NN avg batch size: 2.96552
PV: N2 G3 M1 B13 A12
Tree:
: T 122.51c W 100.00c S  22.03c (+170.0 L +169.4) N     206  --  N2 G3 M1 B13 A12
---Black(^)---
N2  : T 124.02c W 100.00c S  22.79c (+170.4 L +169.6) LCB  120.17c P 10.74% WF 219.4 PSV     530 N      28  --  N2 G3 M1 B13 A12
F1  : T 122.29c W 100.00c S  21.74c (+169.8 L +169.0) LCB  117.81c P 14.38% WF 276.3 PSV     278 N      36  --  F1 pass J6 B13
G3  : T 122.77c W 100.00c S  22.97c (+171.4 L +170.4) LCB  117.64c P 10.59% WF 272.5 PSV     273 N      36  --  G3 pass A8 B13
K1  : T 123.94c W 100.00c S  23.30c (+171.0 L +170.0) LCB  119.99c P 11.99% WF 258.6 PSV     257 N      33  --  K1 G3 N2 B13
H4  : T 123.52c W 100.00c S  23.22c (+171.5 L +170.5) LCB  118.26c P  4.36% WF 173.1 PSV     173 N      22  --  H4 G3 J6
N6  : T 122.41c W 100.00c S  21.51c (+169.0 L +169.0) LCB  117.29c P  7.29% WF 131.1 PSV     132 N      17  --  N6 G3 K1
K5  : T 124.10c W 100.00c S  23.24c (+171.1 L +170.0) LCB  116.62c P  9.18% WF  94.2 PSV      94 N      12  --  K5 G3 L6
G11 : T 117.43c W 100.00c S  17.43c (+165.9 L +167.3) LCB -232.57c P  2.38% WF   7.4 PSV       7 N       1  --  G11
C11 : T 119.08c W 100.00c S  19.08c (+166.9 L +168.6) LCB -230.92c P  1.69% WF   7.6 PSV       7 N       1  --  C11
A5  : T 119.30c W 100.00c S  19.30c (+167.8 L +169.5) LCB -230.70c P  1.51% WF   7.5 PSV       7 N       1  --  A5

2026-07-17 05:15:33+0100: = N2
2026-07-17 05:15:43+0100: Controller: play W G3
2026-07-17 05:15:43+0100: = 
2026-07-17 05:15:43+0100: Controller: genmove B
2026-07-17 05:15:45+0100: MoveNum: 186 HASH: 687F36C5BF0E06012480D3A24D1AA339
   A B C D E F G H J K L M N
13 . . . O X O . O . O X O .
12 . . O X X X O O . O X X O
11 O O . O X O . . O O X O .
10 . O O X X O X X X X X X O
 9 O X X X O . O X O . O X O
 8 . O X O . O X X X X X O .
 7 O X X X O . X O O X O . O
 6 . O X X O . O X . O . O .
 5 . O X X X O . X O . O X O
 4 O X X X . X X . X O X X X
 3 X . X X X X O3X X X X X .
 2 . X . X O O . O1X O X O X2
 1 . X X X O . O . O @ O . O

koPOSITIONALscoreAREAtaxNONEsui1komi7.5
Time taken: 1.86281
Root visits: 206
New playouts: 193
NN rows: 180
NN batches: 61
NN avg batch size: 2.95082
PV: K1 N3 M1 B13 A12
Tree:
: T 119.54c W 100.00c S  19.76c (+168.6 L +168.3) N     206  --  K1 N3 M1 B13 A12
---Black(^)---
K1  : T 121.80c W 100.00c S  21.21c (+170.0 L +169.4) LCB  117.57c P 10.83% WF 337.7 PSV     416 N      43  --  K1 N3 M1 B13 A12
M1  : T 121.23c W 100.00c S  21.20c (+169.9 L +169.2) LCB  116.93c P 18.89% WF 337.1 PSV     334 N      43  --  M1 pass G11 pass
K5  : T 121.26c W 100.00c S  20.86c (+169.4 L +168.8) LCB  116.96c P  7.80% WF 266.2 PSV     142 N      34  --  K5 G2 J6 B13
H4  : T 121.35c W 100.00c S  21.31c (+170.3 L +169.5) LCB  116.26c P  5.68% WF 272.7 PSV     112 N      35  --  H4 G2 M1 B13
N6  : T 120.05c W 100.00c S  19.60c (+168.0 L +168.3) LCB  113.59c P  7.06% WF  92.6 PSV      61 N      12  --  N6 G2 N5
J6  : T 109.62c W 100.00c S  13.85c (+163.0 L +164.2) LCB  -39.95c P  4.25% WF  14.4 PSV       6 N       2  --  J6 N3
K9  : T 117.86c W 100.00c S  17.86c (+166.5 L +167.8) LCB -232.14c P  1.51% WF   7.6 PSV       6 N       1  --  K9
J12 : T 118.95c W 100.00c S  18.95c (+167.6 L +169.0) LCB -231.05c P  1.04% WF   7.6 PSV       6 N       1  --  J12
C13 : T 108.04c W 100.00c S  11.99c (+161.4 L +162.8) LCB  -41.50c P  3.58% WF  14.3 PSV       5 N       2  --  C13 N3
J13 : T 117.35c W 100.00c S  17.35c (+166.3 L +168.0) LCB -232.65c P  1.26% WF   7.6 PSV       5 N       1  --  J13

2026-07-17 05:15:45+0100: = K1
2026-07-17 05:15:54+0100: Controller: play W N3
2026-07-17 05:15:54+0100: = 
2026-07-17 05:15:54+0100: Controller: genmove B
2026-07-17 05:15:56+0100: MoveNum: 188 HASH: 1B7B25612E945F76B8C83B754628155E
   A B C D E F G H J K L M N
13 . . . O X O . O . O X O .
12 . . O X X X O O . O X X O
11 O O . O X O . . O O X O .
10 . O O X X O X X X X X X O
 9 O X X X O . O X O . O X O
 8 . O X O . O X X X X X O .
 7 O X X X O . X O O X O . O
 6 . O X X O . O X . O . O .
 5 . O X X X O . X O . O X O
 4 O X X X . X X . X O X X X
 3 X . X X X X O1X X X X X O3
 2 . X . X O O @ O X . X O .
 1 . X X X O . O . O X2O . O

koPOSITIONALscoreAREAtaxNONEsui1komi7.5
Time taken: 1.53037
Root visits: 206
New playouts: 192
NN rows: 168
NN batches: 56
NN avg batch size: 3
PV: G2 B13 A12 G3 H1
Tree:
: T 120.64c W 100.00c S  19.79c (+169.4 L +169.0) N     206  --  G2 B13 A12 G3 H1
---Black(^)---
G2  : T 124.74c W 100.00c S  24.34c (+173.8 L +172.3) LCB  120.10c P  8.96% WF 216.6 PSV     715 N      27  --  G2 B13 A12 G3 H1
M1  : T 121.71c W 100.00c S  21.21c (+170.1 L +169.5) LCB  117.66c P 14.47% WF 351.2 PSV     349 N      45  --  M1 G2 N2 pass J6
H1  : T 122.88c W 100.00c S  22.33c (+171.3 L +170.5) LCB  118.95c P 11.03% WF 308.3 PSV     304 N      39  --  H1 G2 F1 pass J6
N6  : T 121.02c W 100.00c S  20.49c (+169.1 L +169.4) LCB  116.41c P  8.24% WF 131.2 PSV     109 N      17  --  N6 G2 H1 B13
K5  : T 120.95c W 100.00c S  20.49c (+169.1 L +168.7) LCB  115.73c P  7.73% WF 169.6 PSV      97 N      22  --  K5 G2 J6 B13
H4  : T 121.70c W 100.00c S  21.71c (+171.0 L +170.2) LCB  115.38c P  3.79% WF 163.3 PSV      90 N      21  --  H4 G2 K2 B13
G11 : T 116.57c W 100.00c S  16.57c (+165.6 L +166.8) LCB -233.43c P  2.56% WF   7.5 PSV       8 N       1  --  G11
A6  : T 117.97c W 100.00c S  17.97c (+167.0 L +168.5) LCB -232.03c P  1.66% WF   7.6 PSV       7 N       1  --  A6
J6  : T 110.01c W 100.00c S  13.97c (+163.1 L +164.3) LCB  -39.46c P  4.08% WF  14.4 PSV       6 N       2  --  J6 K2
E8  : T 117.11c W 100.00c S  17.11c (+166.2 L +167.4) LCB -232.89c P  1.69% WF   7.5 PSV       6 N       1  --  E8

2026-07-17 05:15:56+0100: = G2
2026-07-17 05:16:04+0100: Controller: play W A2
2026-07-17 05:16:04+0100: = 
2026-07-17 05:16:04+0100: Controller: genmove B
2026-07-17 05:16:05+0100: MoveNum: 190 HASH: 372D42014D0E1E5773B063E6A3D84844
   A B C D E F G H J K L M N
13 . . . O X O . O . O X O .
12 . . O X X X O O . O X X O
11 O O . O X O . . O O X O .
10 . O O X X O X X X X X X O
 9 O X X X O . O X O . O X O
 8 . O X O . O X X X X X O .
 7 O X X X O . X O O X O . O
 6 . O X X O . O X . O . O .
 5 . O X X X O . X O . O X O
 4 O X X X . X X . X O X X X
 3 X . X X X X . X X X X X O1
 2 O3X . X O O X2O X . X O .
 1 . X X X O . O . O X O @ O

koPOSITIONALscoreAREAtaxNONEsui1komi7.5
Time taken: 1.57677
Root visits: 206
New playouts: 205
NN rows: 206
NN batches: 69
NN avg batch size: 2.98551
PV: M1 B3 H1 B13
Tree:
: T 106.63c W 100.00c S   6.38c (+170.1 L +169.5) N     206  --  M1 B3 H1 B13
---Black(^)---
M1  : T 108.11c W 100.00c S   8.10c (+171.6 L +170.4) LCB  101.60c P  3.42% WF 390.9 PSV     386 N      51  --  M1 B3 H1 B13
G3  : T 109.27c W 100.00c S   9.57c (+172.8 L +171.5) LCB  100.20c P  3.62% WF 156.5 PSV     154 N      20  --  G3 B3 C13
J6  : T 108.57c W 100.00c S   6.71c (+170.5 L +169.8) LCB  100.23c P  3.57% WF 115.8 PSV     115 N      15  --  J6 K2 K5
A1  : T 106.74c W 100.00c S   5.05c (+169.0 L +168.8) LCB   99.83c P  8.13% WF 159.9 PSV     111 N      21  --  A1 K2 N2 G3
H1  : T 106.58c W 100.00c S   6.68c (+170.4 L +169.8) LCB   99.89c P  8.60% WF 221.7 PSV     107 N      29  --  H1 B3 A1 B13
A5  : T 106.65c W 100.00c S   5.94c (+169.8 L +169.6) LCB   98.37c P  6.54% WF 152.7 PSV      84 N      20  --  A5 K2 F1 B13
F1  : T 110.34c W 100.00c S   9.72c (+173.0 L +171.6) LCB   98.61c P  6.19% WF  85.3 PSV      84 N      11  --  F1 B3 C13
N6  : T 102.93c W 100.00c S   3.56c (+168.1 L +167.8) LCB   26.55c P  4.26% WF  22.5 PSV      16 N       3  --  N6 B13
B3  : T 102.32c W 100.00c S   2.33c (+167.0 L +166.8) LCB   25.79c P  3.29% WF  22.2 PSV      11 N       3  --  B3 B13
N2  : T 103.07c W 100.00c S   3.61c (+168.1 L +167.8) LCB   26.03c P  2.70% WF  22.6 PSV      11 N       3  --  N2 B13

2026-07-17 05:16:05+0100: = M1
2026-07-17 05:16:14+0100: Controller: play W G3
2026-07-17 05:16:14+0100: = 
2026-07-17 05:16:14+0100: Controller: genmove B
2026-07-17 05:16:16+0100: MoveNum: 192 HASH: ABF4292E66DEACA144A4291626B15F61
   A B C D E F G H J K L M N
13 . . . O X O . O . O X O .
12 . . O X X X O O . O X X O
11 O O . O X O . . O O X O .
10 . O O X X O X X X X X X O
 9 O X X X O . O X O . O X O
 8 . O X O . O X X X X X O .
 7 O X X X O . X O O X O . O
 6 . O X X O . O X . O . O .
 5 . O X X X O . X O @ O X O
 4 O X X X . X X . X O X X X
 3 X . X X X X O3X X X X X O
 2 O1X . X O O . O X . X O .
 1 . X X X O . O . O X . X2O

koPOSITIONALscoreAREAtaxNONEsui1komi7.5
Time taken: 1.9061
Root visits: 205
New playouts: 204
NN rows: 201
NN batches: 68
NN avg batch size: 2.95588
PV: K5 L1 J6 K2
Tree:
: T 114.48c W 100.00c S  14.27c (+170.7 L +170.2) N     205  --  K5 L1 J6 K2
---Black(^)---
K5  : T 116.40c W 100.00c S  15.99c (+172.2 L +171.4) LCB  111.72c P  3.07% WF 250.7 PSV     247 N      32  --  K5 L1 J6 K2
N2  : T 114.47c W 100.00c S  14.20c (+170.6 L +170.2) LCB  108.97c P 11.94% WF 223.1 PSV     105 N      29  --  N2 B3 N6 B13
H1  : T 115.43c W 100.00c S  15.32c (+171.6 L +171.3) LCB  110.00c P  6.66% WF 193.7 PSV     105 N      25  --  H1 B3 N2
L1  : T 117.61c W 100.00c S  17.12c (+173.3 L +171.7) LCB  109.16c P  4.83% WF 106.0 PSV     104 N      14  --  L1 B13 A12 B3
A5  : T 114.76c W 100.00c S  14.62c (+171.1 L +170.6) LCB  108.42c P  5.17% WF 169.3 PSV      52 N      22  --  A5 G2 H1
A1  : T 114.37c W 100.00c S  13.70c (+170.3 L +170.0) LCB  106.44c P  4.27% WF 114.5 PSV      36 N      15  --  A1 G2 N2
N6  : T 114.41c W 100.00c S  13.63c (+170.2 L +170.0) LCB  106.55c P  3.54% WF 113.5 PSV      30 N      15  --  N6 G2 H1
J6  : T 113.59c W 100.00c S  13.85c (+170.2 L +169.1) LCB   80.63c P  4.10% WF  38.0 PSV      25 N       5  --  J6 B13
G11 : T 113.94c W 100.00c S  13.67c (+170.0 L +168.7) LCB   89.88c P  3.33% WF  45.5 PSV      23 N       6  --  G11 B13
F9  : T 113.94c W 100.00c S  14.11c (+170.4 L +169.5) LCB   81.54c P  2.57% WF  38.1 PSV      18 N       5  --  F9 B13

2026-07-17 05:16:16+0100: = K5
2026-07-17 05:16:23+0100: Controller: play W B3
2026-07-17 05:16:23+0100: = 
2026-07-17 05:16:23+0100: Controller: genmove B
2026-07-17 05:16:25+0100: MoveNum: 194 HASH: 59D576E24662F0FF93B72C4E8C966FC3
   A B C D E F G H J K L M N
13 . . . O X O . O . O X O .
12 @ . O X X X O O . O X X O
11 O O . O X O . . O O X O .
10 . O O X X O X X X X X X O
 9 O X X X O . O X O . O X O
 8 . O X O . O X X X X X O .
 7 O X X X O . X O O X O . O
 6 . O X X O . O X . O . O .
 5 . O X X X O . X O X2O X O
 4 O X X X . X X . X . X X X
 3 . O3X X X X O1X X X X X O
 2 O X . X O O . O X . X O .
 1 . X X X O . O . O X . X O

koPOSITIONALscoreAREAtaxNONEsui1komi7.5
Time taken: 1.87438
Root visits: 206
New playouts: 198
NN rows: 199
NN batches: 67
NN avg batch size: 2.97015
PV: A12 B12 C13 B13
Tree:
: T 120.59c W 100.00c S  20.31c (+171.5 L +170.7) N     206  --  A12 B12 C13 B13
---Black(^)---
A12 : T 122.65c W 100.00c S  22.66c (+173.5 L +172.1) LCB  116.57c P  3.74% WF 132.5 PSV     321 N      17  --  A12 B12 C13 B13
J6  : T 120.03c W 100.00c S  19.80c (+170.8 L +169.8) LCB  114.41c P  7.55% WF 193.0 PSV     194 N      25  --  J6 pass C13 B13
A1  : T 120.78c W 100.00c S  20.38c (+171.9 L +170.9) LCB  114.18c P  5.01% WF 155.9 PSV     156 N      20  --  A1 L1 C13
H1  : T 122.37c W 100.00c S  21.85c (+173.0 L +172.0) LCB  116.36c P  4.03% WF 134.4 PSV     133 N      17  --  H1 L1 N2
C11 : T 121.35c W 100.00c S  20.79c (+171.7 L +171.3) LCB  115.37c P  3.19% WF 125.6 PSV     126 N      16  --  C11 L1 H1
A8  : T 120.24c W 100.00c S  19.72c (+171.0 L +170.7) LCB  113.22c P  4.36% WF 108.1 PSV     109 N      14  --  A8 L1 A10
A5  : T 120.73c W 100.00c S  20.13c (+171.5 L +170.8) LCB  113.21c P  3.72% WF 108.1 PSV     109 N      14  --  A5 A6 J6
F9  : T 120.94c W 100.00c S  20.38c (+171.5 L +171.0) LCB  114.05c P  2.27% WF 101.4 PSV     102 N      13  --  F9 L1 G11
G2  : T 125.13c W 100.00c S  23.61c (+175.2 L +173.1) LCB  113.88c P  5.53% WF  72.2 PSV      71 N       9  --  G2 B13 A12 A8
A6  : T 119.97c W 100.00c S  20.38c (+171.6 L +170.5) LCB  106.63c P  3.41% WF  69.5 PSV      70 N       9  --  A6 A5 J6

2026-07-17 05:16:25+0100: = A12
2026-07-17 05:16:33+0100: Controller: play W L1
2026-07-17 05:16:33+0100: = 
2026-07-17 05:16:33+0100: Controller: genmove B
2026-07-17 05:16:34+0100: MoveNum: 196 HASH: 5E023EDB57220F4E44C9B224ED249CF3
   A B C D E F G H J K L M N
13 . . . O X O . O . O X O .
12 X2. O X X X O O . O X X O
11 O O . O X O . . O O X O .
10 . O O X X O X X X X X X O
 9 O X X X O . O X O . O X O
 8 . O X O . O X X X X X O .
 7 O X X X O . X O O X O . O
 6 . O X X O . O X . O . O .
 5 . O X X X O . X O X O X O
 4 O X X X . X X . X . X X X
 3 . O1X X X X O X X X X X O
 2 O X . X O O . O X . X O @
 1 . X X X O . O . O X O3. O

koPOSITIONALscoreAREAtaxNONEsui1komi7.5
Time taken: 1.82139
Root visits: 206
New playouts: 204
NN rows: 203
NN batches: 69
NN avg batch size: 2.94203
PV: N2 K2 M1 B12
Tree:
: T 120.98c W 100.00c S  20.80c (+170.2 L +169.8) N     206  --  N2 K2 M1 B12
---Black(^)---
N2  : T 123.29c W 100.00c S  22.89c (+172.2 L +171.2) LCB  118.35c P  4.78% WF 183.2 PSV     474 N      23  --  N2 K2 M1 B12
H1  : T 121.90c W 100.00c S  21.93c (+171.5 L +170.8) LCB  118.01c P  7.38% WF 417.4 PSV     415 N      53  --  H1 pass G2
L6  : T 121.93c W 100.00c S  21.64c (+170.8 L +170.1) LCB  117.20c P  7.17% WF 212.7 PSV     212 N      27  --  L6 K2 J6 B12
G2  : T 122.24c W 100.00c S  21.83c (+171.1 L +170.4) LCB  117.25c P  5.66% WF 195.0 PSV     194 N      25  --  G2 K2 F1 B12
J6  : T 120.49c W 100.00c S  20.47c (+169.9 L +169.2) LCB  114.69c P 11.21% WF 162.8 PSV     120 N      21  --  J6 pass L6
C13 : T 120.36c W 100.00c S  20.34c (+169.7 L +169.7) LCB  115.27c P  7.66% WF 131.6 PSV      76 N      17  --  C13 B13 C11
B12 : T 120.40c W 100.00c S  20.39c (+169.3 L +169.1) LCB  112.64c P  6.00% WF 101.0 PSV      61 N      13  --  B12 K2 C13
N6  : T 124.30c W 100.00c S  22.27c (+171.5 L +170.7) LCB   49.92c P  3.78% WF  23.9 PSV      24 N       3  --  N6 K2
G11 : T 114.90c W 100.00c S  14.90c (+164.6 L +165.7) LCB -235.10c P  3.31% WF   7.6 PSV       8 N       1  --  G11
A8  : T 113.15c W 100.00c S  13.15c (+163.2 L +164.5) LCB -236.85c P  3.84% WF   7.5 PSV       7 N       1  --  A8

2026-07-17 05:16:34+0100: = N2
2026-07-17 05:16:43+0100: Controller: play W K2
2026-07-17 05:16:43+0100: = 
2026-07-17 05:16:43+0100: Controller: genmove B
2026-07-17 05:16:44+0100: MoveNum: 198 HASH: 2D062D7FC6B85639D8815AF3E6162A94
   A B C D E F G H J K L M N
13 . . . O X O . O . O X O .
12 X . O X X X O O . O X X O
11 O O . O X O . . O O X O .
10 . O O X X O X X X X X X O
 9 O X X X O . O X O . O X O
 8 . O X O . O X X X X X O .
 7 O X X X O . X O O X O . O
 6 . O X X O . O X . O . O .
 5 . O X X X O . X O X O X O
 4 O X X X . X X . X . X X X
 3 . O X X X X O X X X X X .
 2 O X . X O O @ O X O3X O X2
 1 . X X X O . O . O . O1. O

koPOSITIONALscoreAREAtaxNONEsui1komi7.5
Time taken: 1.39773
Root visits: 205
New playouts: 194
NN rows: 161
NN batches: 55
NN avg batch size: 2.92727
PV: G2 N3 F1 B12
Tree:
: T 122.38c W 100.00c S  22.30c (+170.8 L +170.3) N     205  --  G2 N3 F1 B12
---Black(^)---
G2  : T 124.30c W 100.00c S  24.17c (+172.9 L +171.9) LCB  121.16c P  7.90% WF 358.9 PSV     353 N      45  --  G2 N3 F1 B12
M1  : T 121.78c W 100.00c S  21.81c (+170.4 L +170.1) LCB  116.92c P 14.06% WF 202.4 PSV      85 N      26  --  M1 pass K1
J6  : T 122.57c W 100.00c S  22.47c (+171.0 L +170.2) LCB  118.75c P  8.35% WF 250.6 PSV      69 N      32  --  J6 N3 K1 C13
A8  : T 125.28c W 100.00c S  24.55c (+172.7 L +171.3) LCB  110.16c P  4.28% WF  55.6 PSV      55 N       7  --  A8 K4
L6  : T 122.97c W 100.00c S  23.08c (+171.6 L +171.0) LCB  119.09c P  4.83% WF 252.1 PSV      49 N      32  --  L6 N3 K1 B12
C13 : T 122.26c W 100.00c S  22.29c (+170.4 L +170.2) LCB  117.11c P  6.28% WF 117.1 PSV      45 N      15  --  C13 B13 M1
B12 : T 122.36c W 100.00c S  22.12c (+170.2 L +169.8) LCB  115.26c P  4.14% WF 101.7 PSV      31 N      13  --  B12 N3 C13
G11 : T 122.49c W 100.00c S  22.44c (+170.3 L +169.5) LCB  115.49c P  3.88% WF  93.6 PSV      31 N      12  --  G11 B12 M1
N6  : T 116.61c W 100.00c S  16.61c (+165.3 L +166.3) LCB -233.39c P  3.29% WF   7.6 PSV       7 N       1  --  N6
C11 : T 116.88c W 100.00c S  16.88c (+165.3 L +166.6) LCB -233.12c P  3.10% WF   7.6 PSV       7 N       1  --  C11

2026-07-17 05:16:44+0100: = G2
2026-07-17 05:16:56+0100: Controller: play W K4
2026-07-17 05:16:56+0100: = 
2026-07-17 05:16:56+0100: Controller: genmove B
2026-07-17 05:16:58+0100: MoveNum: 200 HASH: CE52534090124399F53078511C9307DC
   A B C D E F G H J K L M N
13 . . . O X O . O . O X O .
12 X . O X X X O O . O X X O
11 O O . O X O . . O O X O .
10 . O O X X O X X X X X X O
 9 O X X X O . O X O . O X O
 8 . O X O . O X X X X X O .
 7 O X X X O . X O O X O . O
 6 . O X X O . O X . O . O .
 5 . O X X X O . X O . O X O
 4 O X X X . X X . X O3X X X
 3 . O X X X X . X X X X X .
 2 O X . X O O X2O X O1X O X
 1 . X X X O . O . O @ O . O

koPOSITIONALscoreAREAtaxNONEsui1komi7.5
Time taken: 1.42559
Root visits: 206
New playouts: 195
NN rows: 190
NN batches: 65
NN avg batch size: 2.92308
PV: K1 N3 F1 pass
Tree:
: T 120.08c W 100.00c S  19.80c (+171.2 L +170.6) N     206  --  K1 N3 F1 pass
---Black(^)---
K1  : T 122.20c W 100.00c S  21.98c (+173.4 L +172.4) LCB  117.20c P  7.61% WF 214.9 PSV     360 N      27  --  K1 N3 F1 pass
F1  : T 121.20c W 100.00c S  20.90c (+172.4 L +171.2) LCB  116.12c P 10.22% WF 267.6 PSV     266 N      34  --  F1 pass J6 B12
M1  : T 121.18c W 100.00c S  20.84c (+172.2 L +171.1) LCB  115.37c P 12.99% WF 220.3 PSV     219 N      28  --  M1 pass F1 B12
N6  : T 122.12c W 100.00c S  21.61c (+172.6 L +171.7) LCB  116.51c P  4.77% WF 158.1 PSV     157 N      20  --  N6 N3 F1 B12
J6  : T 119.89c W 100.00c S  19.55c (+170.7 L +170.2) LCB  114.21c P  6.90% WF 147.3 PSV      64 N      19  --  J6 N3 F1 pass
H1  : T 119.36c W 100.00c S  19.20c (+170.9 L +170.2) LCB  112.33c P  8.54% WF 177.6 PSV      63 N      23  --  H1 pass K1
G3  : T 119.86c W 100.00c S  19.55c (+171.1 L +170.3) LCB  112.70c P  6.15% WF 162.7 PSV      56 N      21  --  G3 pass C13
C13 : T 119.42c W 100.00c S  19.67c (+170.4 L +170.5) LCB  111.11c P  4.99% WF  85.2 PSV      38 N      11  --  C13 N3 F1
A8  : T 114.50c W 100.00c S  14.50c (+166.6 L +167.5) LCB -235.50c P  2.47% WF   7.4 PSV       6 N       1  --  A8
N3  : T 114.58c W 100.00c S  14.58c (+166.5 L +168.2) LCB -235.42c P  2.30% WF   7.4 PSV       6 N       1  --  N3

2026-07-17 05:16:58+0100: = K1
2026-07-17 05:17:07+0100: Controller: play W G3
2026-07-17 05:17:07+0100: = 
2026-07-17 05:17:07+0100: Controller: genmove B
2026-07-17 05:17:09+0100: MoveNum: 202 HASH: E894910521884D18741EAB377585F975
   A B C D E F G H J K L M N
13 . . . O X O . O . O X O .
12 X . O X X X O O . O X X O
11 O O . O X O . . O O X O .
10 . O O X X O X X X X X X O
 9 O X X X O . O X O . O X O
 8 . O X O . O X X X X X O .
 7 O X X X O . X O O X O . O
 6 . O X X O . O X . O . O .
 5 . O X X X O . X O . O X O
 4 O X X X . X X . X O1X X X
 3 . O X X X X O3X X X X X .
 2 O X . X O O . O X . X O X
 1 . X X X O . O @ O X2O . O

koPOSITIONALscoreAREAtaxNONEsui1komi7.5
Time taken: 1.58112
Root visits: 206
New playouts: 205
NN rows: 198
NN batches: 67
NN avg batch size: 2.95522
PV: H1 N3 G2 B12
Tree:
: T 114.99c W 100.00c S  14.87c (+170.4 L +170.2) N     206  --  H1 N3 G2 B12
---Black(^)---
H1  : T 117.10c W 100.00c S  16.96c (+172.3 L +171.4) LCB  113.02c P 12.75% WF 498.5 PSV     489 N      63  --  H1 N3 G2 B12
M1  : T 114.50c W 100.00c S  14.44c (+170.0 L +169.9) LCB  108.45c P 16.59% WF 223.9 PSV     102 N      29  --  M1 pass J6
J6  : T 114.87c W 100.00c S  14.71c (+170.1 L +170.1) LCB  109.38c P  8.09% WF 168.2 PSV      56 N      22  --  J6 K2 M1 G2
C13 : T 115.29c W 100.00c S  14.78c (+170.1 L +170.4) LCB  110.36c P  5.32% WF 139.1 PSV      44 N      18  --  C13 B13 H1
N6  : T 114.50c W 100.00c S  14.57c (+170.2 L +170.1) LCB  104.74c P  7.05% WF 115.5 PSV      43 N      15  --  N6 G2 H1
N11 : T 114.73c W 100.00c S  14.26c (+169.7 L +169.8) LCB  104.02c P  3.81% WF  68.9 PSV      25 N       9  --  N11 N3 H1
G11 : T 114.63c W 100.00c S  14.31c (+169.6 L +169.4) LCB  101.63c P  3.55% WF  61.2 PSV      22 N       8  --  G11 N3 M1
F9  : T 115.08c W 100.00c S  14.33c (+169.7 L +169.6) LCB  102.33c P  2.50% WF  61.5 PSV      19 N       8  --  F9 G2 M1
G13 : T 115.06c W 100.00c S  15.23c (+170.4 L +170.5) LCB   98.56c P  2.17% WF  54.0 PSV      16 N       7  --  G13 G2 M1
C11 : T 114.34c W 100.00c S  14.72c (+169.8 L +169.7) LCB   94.26c P  2.56% WF  45.8 PSV      15 N       6  --  C11 G2 M1

2026-07-17 05:17:09+0100: = H1
2026-07-17 05:17:17+0100: Controller: play W A13
2026-07-17 05:17:17+0100: = 
2026-07-17 05:17:17+0100: Controller: genmove B
2026-07-17 05:17:19+0100: MoveNum: 204 HASH: 45FCBF198E60DAE0E01837D3B24A88F8
   A B C D E F G H J K L M N
13 O3. @ O X O . O . O X O .
12 X . O X X X O O . O X X O
11 O O . O X O . . O O X O .
10 . O O X X O X X X X X X O
 9 O X X X O . O X O . O X O
 8 . O X O . O X X X X X O .
 7 O X X X O . X O O X O . O
 6 . O X X O . O X . O . O .
 5 . O X X X O . X O . O X O
 4 O X X X . X X . X O X X X
 3 . O X X X X O1X X X X X .
 2 O X . X O O . O X . X O X
 1 . X X X O . O X2. X O . O

koPOSITIONALscoreAREAtaxNONEsui1komi7.5
Time taken: 2.16799
Root visits: 205
New playouts: 205
NN rows: 203
NN batches: 69
NN avg batch size: 2.94203
PV: C13 B12 G2 A8 A6
Tree:
: T 114.82c W 100.00c S  15.51c (+171.3 L +170.6) N     205  --  C13 B12 G2 A8 A6
---Black(^)---
C13 : T 118.10c W 100.00c S  18.02c (+173.5 L +172.4) LCB  114.93c P 14.05% WF 659.2 PSV     644 N      83  --  C13 B12 G2 A8 A6
B12 : T 116.91c W 100.00c S  16.73c (+172.3 L +171.4) LCB  113.27c P  7.93% WF 548.4 PSV     101 N      72  --  B12 N3 M1
B13 : T 103.16c W 100.00c S   7.84c (+164.7 L +165.7) LCB  -46.51c P 10.40% WF  14.2 PSV      14 N       2  --  B13 C13
G2  : T 105.80c W 100.00c S  10.46c (+166.8 L +167.3) LCB  -43.95c P  5.88% WF  14.4 PSV       9 N       2  --  G2 C13
M1  : T 104.93c W 100.00c S   9.07c (+165.7 L +166.5) LCB  -44.63c P  4.12% WF  14.3 PSV       6 N       2  --  M1 C13
J6  : T 105.50c W 100.00c S   9.27c (+165.8 L +166.3) LCB  -43.95c P  3.77% WF  14.2 PSV       6 N       2  --  J6 C13
E8  : T 112.13c W 100.00c S  12.13c (+168.3 L +168.2) LCB -237.87c P  2.05% WF   7.4 PSV       6 N       1  --  E8
A3  : T 112.17c W 100.00c S  12.17c (+168.3 L +168.2) LCB -237.83c P  1.99% WF   7.3 PSV       6 N       1  --  A3
J1  : T 104.43c W 100.00c S   8.77c (+165.4 L +166.0) LCB  -45.13c P  3.87% WF  14.1 PSV       5 N       2  --  J1 C13
G11 : T 103.65c W 100.00c S   6.95c (+164.0 L +164.4) LCB  -45.68c P  3.69% WF  14.0 PSV       5 N       2  --  G11 C13

2026-07-17 05:17:19+0100: = C13
2026-07-17 05:17:26+0100: Controller: play W J1
2026-07-17 05:17:26+0100: = 
2026-07-17 05:17:26+0100: Controller: genmove B
2026-07-17 05:17:28+0100: MoveNum: 206 HASH: 29D7968D8DAF452AAF3948B3D80B39BF
   A B C D E F G H J K L M N
13 O1. X2. X O . O . O X O .
12 X . O X X X O O . O X X O
11 O O . O X O . . O O X O .
10 . O O X X O X X X X X X O
 9 O X X X O . O X O . O X O
 8 . O X O . O X X X X X O .
 7 O X X X O . X O O X O . O
 6 . O X X O . O X . O . O .
 5 . O X X X O . X O . O X O
 4 O X X X . X X . X O X X X
 3 . O X X X X O X X X X X .
 2 O X . X O O @ O X . X O X
 1 . X X X O . O . O3X O . O

koPOSITIONALscoreAREAtaxNONEsui1komi7.5
Time taken: 1.5005
Root visits: 206
New playouts: 205
NN rows: 185
NN batches: 62
NN avg batch size: 2.98387
PV: G2 B12 H1 pass
Tree:
: T 116.02c W 100.00c S  15.76c (+171.7 L +171.2) N     206  --  G2 B12 H1 pass
---Black(^)---
G2  : T 118.85c W 100.00c S  18.31c (+174.0 L +172.7) LCB  115.41c P 12.42% WF 669.5 PSV     653 N      84  --  G2 B12 H1 pass
M1  : T 114.59c W 100.00c S  14.71c (+170.6 L +170.6) LCB  109.24c P 14.81% WF 207.1 PSV      63 N      27  --  M1 G2 J6 pass
N6  : T 120.68c W 100.00c S  19.31c (+174.4 L +172.8) LCB  100.17c P  4.26% WF  47.8 PSV      47 N       6  --  N6 K2
K5  : T 116.06c W 100.00c S  15.94c (+171.7 L +171.2) LCB  109.12c P  4.53% WF 152.4 PSV      28 N      20  --  K5 G2 H1
J6  : T 114.62c W 100.00c S  14.74c (+170.6 L +170.5) LCB  107.80c P  4.79% WF 129.6 PSV      20 N      17  --  J6 G2 H1
B12 : T 115.11c W 100.00c S  14.80c (+170.6 L +170.5) LCB  107.86c P  4.04% WF 114.7 PSV      19 N      15  --  B12 K2 M1 B13
B13 : T 113.44c W 100.00c S  13.84c (+169.9 L +169.9) LCB  104.75c P  5.22% WF  98.2 PSV      17 N      13  --  B13 G2 M1
G11 : T 107.45c W 100.00c S   7.45c (+164.8 L +166.3) LCB -242.55c P  3.79% WF   7.4 PSV       6 N       1  --  G11
K2  : T 108.95c W 100.00c S   8.95c (+165.9 L +167.8) LCB -241.05c P  3.54% WF   7.4 PSV       6 N       1  --  K2
N11 : T 108.52c W 100.00c S   8.52c (+165.6 L +166.9) LCB -241.48c P  3.17% WF   7.4 PSV       5 N       1  --  N11

2026-07-17 05:17:28+0100: = G2
2026-07-17 05:17:38+0100: Controller: play W K2
2026-07-17 05:17:38+0100: = 
2026-07-17 05:17:38+0100: Controller: genmove B
2026-07-17 05:17:40+0100: MoveNum: 208 HASH: 0F1154C83C354BAB2E179BD5B11DC716
   A B C D E F G H J K L M N
13 O . X . X O . O . O X O .
12 X . O X X X O O . O X X O
11 O O . O X O . . O O X O .
10 . O O X X O X X X X X X O
 9 O X X X O . O X O . O X O
 8 . O X O . O X X X X X O .
 7 O X X X O . X O O X O . O
 6 . O X X O . O X . O . O .
 5 . O X X X O . X O . O X O
 4 O X X X . X X . X O X X X
 3 . O X X X X @ X X X X X .
 2 O X . X O O X2O X O3X O X
 1 . X X X O . O . O1. O . O

koPOSITIONALscoreAREAtaxNONEsui1komi7.5
Time taken: 1.94181
Root visits: 205
New playouts: 185
NN rows: 171
NN batches: 58
NN avg batch size: 2.94828
PV: G3 B12 D13 pass
Tree:
: T 117.04c W 100.00c S  16.99c (+171.5 L +171.0) N     205  --  G3 B12 D13 pass
---Black(^)---
G3  : T 119.76c W 100.00c S  19.54c (+173.9 L +172.5) LCB  115.08c P  6.71% WF 268.7 PSV     502 N      34  --  G3 B12 D13 pass
H1  : T 117.93c W 100.00c S  17.91c (+172.4 L +171.5) LCB  112.88c P 11.06% WF 288.8 PSV     287 N      37  --  H1 B12 K1
F1  : T 117.66c W 100.00c S  17.82c (+172.4 L +171.7) LCB  111.95c P 11.49% WF 242.0 PSV     222 N      31  --  F1 N3 K1 B12
K5  : T 118.20c W 100.00c S  17.86c (+172.0 L +171.4) LCB  112.88c P  4.91% WF 196.3 PSV     196 N      25  --  K5 N3 J6 G3
M1  : T 116.49c W 100.00c S  16.79c (+171.4 L +171.1) LCB  107.27c P 10.06% WF 132.0 PSV      89 N      17  --  M1 G3 J6
N6  : T 117.01c W 100.00c S  16.99c (+171.3 L +171.2) LCB  109.50c P  4.66% WF 131.7 PSV      54 N      17  --  N6 N3 K1
J6  : T 117.03c W 100.00c S  16.83c (+171.1 L +170.8) LCB  107.34c P  4.58% WF  93.1 PSV      54 N      12  --  J6 N3 K5
B13 : T 114.85c W 100.00c S  14.47c (+168.7 L +168.8) LCB   71.41c P  3.94% WF  30.2 PSV      20 N       4  --  B13 N3
B12 : T 115.66c W 100.00c S  15.36c (+169.4 L +169.4) LCB   41.61c P  2.60% WF  22.8 PSV      16 N       3  --  B12 G3
N11 : T 113.67c W 100.00c S  13.17c (+167.7 L +168.2) LCB   39.77c P  3.65% WF  22.5 PSV      14 N       3  --  N11 N3

2026-07-17 05:17:40+0100: = G3
2026-07-17 05:17:54+0100: Controller: play W N3
2026-07-17 05:17:54+0100: = 
2026-07-17 05:17:54+0100: Controller: genmove B
2026-07-17 05:17:56+0100: MoveNum: 210 HASH: 6429DB6E38124854414E522E35E92A30
   A B C D E F G H J K L M N
13 O . X . X O . O . O X O .
12 X . O X X X O O . O X X O
11 O O . O X O . . O O X O .
10 . O O X X O X X X X X X O
 9 O X X X O . O X O . O X O
 8 . O X O . O X X X X X O .
 7 O X X X O . X O O X O . O
 6 . O X X O . O X . O . O .
 5 . O X X X O . X O . O X O
 4 O X X X . X X . X O X X X
 3 . O X X X X X2X X X X X O3
 2 O X . X O O X O X O1X O .
 1 . X X X O . O @ O . O . O

koPOSITIONALscoreAREAtaxNONEsui1komi7.5
Time taken: 1.84484
Root visits: 205
New playouts: 204
NN rows: 200
NN batches: 69
NN avg batch size: 2.89855
PV: H1 pass J6
Tree:
: T 116.89c W 100.00c S  16.71c (+171.9 L +171.2) N     205  --  H1 pass J6
---Black(^)---
H1  : T 119.46c W 100.00c S  19.29c (+174.5 L +172.7) LCB  110.93c P  4.30% WF 143.0 PSV     249 N      18  --  H1 pass J6
N6  : T 116.56c W 100.00c S  16.47c (+171.7 L +171.1) LCB  110.08c P  6.33% WF 177.1 PSV     178 N      23  --  N6 pass J6
K1  : T 116.63c W 100.00c S  16.39c (+171.8 L +171.1) LCB  108.40c P  5.58% WF 162.7 PSV     164 N      21  --  K1 pass H1
N11 : T 116.67c W 100.00c S  16.66c (+171.9 L +171.2) LCB  108.61c P  5.32% WF 155.4 PSV     156 N      20  --  N11 pass F1
F1  : T 116.23c W 100.00c S  16.56c (+171.8 L +171.3) LCB  108.02c P  6.27% WF 123.8 PSV     121 N      16  --  F1 J6 H1
G11 : T 116.48c W 100.00c S  16.23c (+171.4 L +170.4) LCB  106.15c P  5.07% WF 108.7 PSV     110 N      14  --  G11 pass F9
J6  : T 116.01c W 100.00c S  15.98c (+171.3 L +170.6) LCB  107.26c P  6.63% WF 123.3 PSV     106 N      16  --  J6 pass N6
F9  : T 117.86c W 100.00c S  17.48c (+172.4 L +171.4) LCB  108.39c P  3.58% WF 102.0 PSV     102 N      13  --  F9 pass G11
A8  : T 120.90c W 100.00c S  20.24c (+175.0 L +173.1) LCB  109.62c P  3.59% WF  88.2 PSV      87 N      11  --  A8 pass J6
B13 : T 116.14c W 100.00c S  15.85c (+171.2 L +170.5) LCB  103.97c P  4.82% WF  85.1 PSV      86 N      11  --  B13 pass J6

2026-07-17 05:17:56+0100: = H1
2026-07-17 05:18:04+0100: Controller: play W B13
2026-07-17 05:18:04+0100: = 
2026-07-17 05:18:04+0100: Controller: genmove B
2026-07-17 05:18:06+0100: MoveNum: 212 HASH: 3EEE4419CA48D705868C46877D93709D
   A B C D E F G H J K L M N
13 O O3X . X O . O . O X O @
12 X . O X X X O O . O X X O
11 O O . O X O . . O O X O .
10 . O O X X O X X X X X X O
 9 O X X X O . O X O . O X O
 8 . O X O . O X X X X X O .
 7 O X X X O . X O O X O . O
 6 . O X X O . O X . O . O .
 5 . O X X X O . X O . O X O
 4 O X X X . X X . X O X X X
 3 . O X X X X X X X X X X O1
 2 O X . X O O X . X O X O .
 1 . X X X O . O X2O . O . O

koPOSITIONALscoreAREAtaxNONEsui1komi7.5
Time taken: 1.39912
Root visits: 206
New playouts: 205
NN rows: 201
NN batches: 68
NN avg batch size: 2.95588
PV: N13 D13 N11 A8
Tree:
: T 111.49c W 100.00c S  11.14c (+172.2 L +171.3) N     206  --  N13 D13 N11 A8
---Black(^)---
N13 : T 113.29c W 100.00c S  12.85c (+173.5 L +172.5) LCB  107.73c P  2.99% WF 146.6 PSV     440 N      19  --  N13 D13 N11 A8
B12 : T 111.71c W 100.00c S  11.14c (+172.2 L +170.9) LCB  103.54c P 15.89% WF 234.1 PSV     234 N      30  --  B12 pass C11 pass
A8  : T 112.45c W 100.00c S  11.96c (+172.7 L +171.8) LCB  102.25c P  4.35% WF  77.2 PSV      77 N      10  --  A8 D13 A10
J6  : T 111.23c W 100.00c S  10.89c (+172.0 L +171.3) LCB  104.04c P  5.39% WF 160.7 PSV      58 N      21  --  J6 pass N6
K1  : T 111.10c W 100.00c S  11.20c (+172.2 L +171.5) LCB  106.62c P  4.85% WF 158.5 PSV      48 N      21  --  K1 B12 J6
F1  : T 111.14c W 100.00c S  11.30c (+172.3 L +171.2) LCB  105.29c P  4.63% WF 137.0 PSV      47 N      18  --  F1 B12 J6
N11 : T 117.45c W 100.00c S  16.00c (+175.9 L +173.7) LCB   96.87c P  3.70% WF  47.9 PSV      47 N       6  --  N11 pass
D13 : T 111.06c W 100.00c S  11.01c (+172.1 L +170.9) LCB  102.36c P  4.64% WF 121.4 PSV      45 N      16  --  D13 B12 J6
G11 : T 110.90c W 100.00c S  10.40c (+171.5 L +170.7) LCB  100.71c P  4.98% WF  99.9 PSV      45 N      13  --  G11 pass F9
N6  : T 111.02c W 100.00c S  10.95c (+172.0 L +171.0) LCB  104.62c P  4.01% WF 137.1 PSV      38 N      18  --  N6 B12 N5

2026-07-17 05:18:06+0100: = N13
2026-07-17 05:18:15+0100: Controller: play W H2
2026-07-17 05:18:15+0100: = 
2026-07-17 05:18:15+0100: Controller: genmove B
2026-07-17 05:18:17+0100: MoveNum: 214 HASH: AC0D0DCD52348C5A93D2D440C40701B3
   A B C D E F G H J K L M N
13 O O1X . X O . O . O X . X2
12 X . O X X X O O . O X X O
11 O O . O X O . . O O X O .
10 . O O X X O X X X X X X O
 9 O X X X O @ O X O . O X O
 8 . O X O . O X X X X X O .
 7 O X X X O . X O O X O . O
 6 . O X X O . O X . O . O .
 5 . O X X X O . X O . O X O
 4 O X X X . X X . X O X X X
 3 . O X X X X X X X X X X O
 2 O X . X O O X O3X O X O .
 1 . X X X O . O . O . O . O

koPOSITIONALscoreAREAtaxNONEsui1komi7.5
Time taken: 1.86656
Root visits: 206
New playouts: 205
NN rows: 196
NN batches: 67
NN avg batch size: 2.92537
PV: F9 M13 G11 pass
Tree:
: T 113.90c W 100.00c S  13.60c (+172.0 L +171.5) N     206  --  F9 M13 G11 pass
---Black(^)---
F9  : T 115.32c W 100.00c S  15.08c (+173.1 L +172.4) LCB  110.04c P  2.97% WF 155.8 PSV     254 N      20  --  F9 M13 G11 pass
K1  : T 114.06c W 100.00c S  13.72c (+172.3 L +171.5) LCB  108.48c P  6.04% WF 166.3 PSV     166 N      22  --  K1 D13 N11 pass
N6  : T 114.36c W 100.00c S  14.19c (+172.5 L +172.2) LCB  107.56c P  4.53% WF 139.4 PSV     139 N      18  --  N6 M13 N5
N2  : T 114.47c W 100.00c S  14.51c (+172.8 L +172.4) LCB  107.17c P  3.35% WF 124.0 PSV     124 N      16  --  N2 M13 N11
B12 : T 113.26c W 100.00c S  12.89c (+171.4 L +170.5) LCB  103.80c P  9.21% WF 131.8 PSV     118 N      17  --  B12 pass C11
G13 : T 114.48c W 100.00c S  14.34c (+172.5 L +172.2) LCB  106.89c P  2.80% WF 108.6 PSV     109 N      14  --  G13 M13 N11
F1  : T 113.62c W 100.00c S  13.39c (+172.0 L +171.4) LCB  104.23c P  5.96% WF 131.3 PSV     101 N      17  --  F1 pass J6
N11 : T 112.40c W 100.00c S  12.23c (+170.8 L +170.6) LCB  103.76c P 10.80% WF  99.4 PSV      88 N      13  --  N11 pass A8
J6  : T 113.40c W 100.00c S  13.15c (+171.7 L +171.2) LCB  104.50c P  5.26% WF 123.5 PSV      74 N      16  --  J6 pass K5
G11 : T 113.55c W 100.00c S  13.11c (+171.6 L +170.8) LCB  101.71c P  4.40% WF  85.1 PSV      70 N      11  --  G11 pass F9

2026-07-17 05:18:17+0100: = F9
2026-07-17 05:18:29+0100: Controller: play W D13
2026-07-17 05:18:29+0100: = 
2026-07-17 05:18:29+0100: Controller: genmove B
2026-07-17 05:18:30+0100: MoveNum: 216 HASH: 526615CE22F4C0DF910ED33EAD56917F
   A B C D E F G H J K L M N
13 O O . O3X O . O . O X . X
12 X . O X X X O O . O X X O
11 O O . O X O . . O O X O .
10 . O O X X O X X X X X X O
 9 O X X X O X2. X O . O X O
 8 . O X O . O X X X X X O .
 7 O X X X O . X O O X O . O
 6 . O X X O . O X . O . O .
 5 . O X X X O . X O . O X O
 4 O X X X . X X . X O X X X
 3 . O X X X X X X X X X X O
 2 O X . X O O X O1X O X O .
 1 . X X X O . O . O @ O . O

koPOSITIONALscoreAREAtaxNONEsui1komi7.5
Time taken: 1.58257
Root visits: 205
New playouts: 201
NN rows: 190
NN batches: 65
NN avg batch size: 2.92308
PV: K1 pass N11
Tree:
: T 121.19c W 100.00c S  20.92c (+173.2 L +172.1) N     205  --  K1 pass N11
---Black(^)---
K1  : T 125.42c W 100.00c S  24.90c (+177.1 L +174.9) LCB  118.28c P  3.92% WF  96.6 PSV     327 N      12  --  K1 pass N11
E8  : T 120.73c W 100.00c S  20.80c (+172.7 L +171.7) LCB  116.41c P  8.48% WF 185.7 PSV     187 N      24  --  E8 pass J6 pass
N11 : T 120.66c W 100.00c S  20.57c (+172.5 L +171.6) LCB  116.05c P 10.04% WF 177.6 PSV     179 N      23  --  N11 pass G11 A8
H1  : T 121.02c W 100.00c S  20.58c (+173.4 L +172.2) LCB  114.93c P  4.72% WF 175.8 PSV     163 N      23  --  H1 pass C13
A8  : T 121.25c W 100.00c S  21.17c (+173.5 L +172.4) LCB  115.31c P  4.83% WF 155.1 PSV     156 N      20  --  A8 G9 A6
F1  : T 120.97c W 100.00c S  20.66c (+173.2 L +172.0) LCB  114.89c P  4.47% WF 161.3 PSV     141 N      21  --  F1 pass E8
G11 : T 120.38c W 100.00c S  20.36c (+172.5 L +171.5) LCB  115.40c P  8.86% WF 146.4 PSV     137 N      19  --  G11 pass N11
C11 : T 120.78c W 100.00c S  20.72c (+172.9 L +172.0) LCB  114.26c P  5.21% WF 115.8 PSV     117 N      15  --  C11 G9 C13
M13 : T 124.17c W 100.00c S  23.73c (+175.8 L +173.9) LCB  116.74c P  3.57% WF  95.9 PSV      95 N      12  --  M13 pass G11
J6  : T 124.62c W 100.00c S  24.12c (+176.0 L +173.7) LCB  117.16c P  3.41% WF  88.1 PSV      87 N      11  --  J6 pass G11

2026-07-17 05:18:30+0100: = K1
2026-07-17 05:18:41+0100: Controller: play W G9
2026-07-17 05:18:41+0100: = 
2026-07-17 05:18:41+0100: Controller: genmove B
2026-07-17 05:18:43+0100: MoveNum: 218 HASH: D99234C78ED445E9443F62E9047F936C
   A B C D E F G H J K L M N
13 O O . O1X O . O . O X . X
12 X . O X X X O O . O X X O
11 O O . O X O . . O O X O .
10 . O O X X O X X X X X X O
 9 O X X X O . O3X O . O X O
 8 . O X O . O X X X X X O .
 7 O X X X O . X O O X O . O
 6 . O X X O . O X . O . O .
 5 . O X X X O . X O . O X O
 4 O X X X . X X . X O X X X
 3 @ O X X X X X X X X X X O
 2 O X . X O O X O X . X O .
 1 . X X X O . O . O X2O . O

koPOSITIONALscoreAREAtaxNONEsui1komi7.5
Time taken: 1.42851
Root visits: 206
New playouts: 205
NN rows: 176
NN batches: 61
NN avg batch size: 2.88525
PV: A3 pass N11
Tree:
: T 114.38c W 100.00c S  13.79c (+174.2 L +172.9) N     206  --  A3 pass N11
---Black(^)---
A3  : T 120.15c W 100.00c S  19.15c (+178.6 L +175.9) LCB  112.30c P  3.00% WF  96.7 PSV     435 N      12  --  A3 pass N11
G11 : T 113.18c W 100.00c S  12.62c (+173.3 L +171.8) LCB  104.62c P 10.72% WF 166.3 PSV     168 N      22  --  G11 pass F9
J6  : T 114.65c W 100.00c S  14.06c (+174.4 L +172.8) LCB  107.42c P  4.37% WF 153.3 PSV     154 N      20  --  J6 pass N11 pass
E8  : T 113.09c W 100.00c S  12.68c (+173.3 L +172.3) LCB  106.12c P  7.99% WF 157.9 PSV     116 N      21  --  E8 pass J6
N11 : T 113.39c W 100.00c S  12.99c (+173.4 L +172.4) LCB  105.84c P  5.98% WF 114.1 PSV     113 N      15  --  N11 pass J6
A8  : T 113.47c W 100.00c S  13.20c (+173.7 L +172.7) LCB  105.84c P  5.00% WF 144.1 PSV     101 N      19  --  A8 K2 A6
F1  : T 119.01c W 100.00c S  18.17c (+177.8 L +175.4) LCB  110.63c P  3.09% WF 103.9 PSV     101 N      13  --  F1 pass N11
M1  : T 118.06c W 100.00c S  17.25c (+176.9 L +174.7) LCB  109.79c P  3.07% WF 103.2 PSV     101 N      13  --  M1 pass N11
N2  : T 115.33c W 100.00c S  14.68c (+175.0 L +173.6) LCB  105.59c P  2.34% WF  99.9 PSV     100 N      13  --  N2 pass C13
H1  : T 113.20c W 100.00c S  13.00c (+173.3 L +172.5) LCB  108.11c P  6.25% WF 143.4 PSV      99 N      19  --  H1 pass N11

2026-07-17 05:18:43+0100: = A3
2026-07-17 05:18:53+0100: Controller: play W K2
2026-07-17 05:18:53+0100: = 
2026-07-17 05:18:53+0100: Controller: genmove B
2026-07-17 05:18:54+0100: MoveNum: 220 HASH: EE21D771495802963FB396753DCB702F
   A B C D E F G H J K L M N
13 O O . O X O . O . O X . X
12 X . O X X X O O . O X X O
11 O O . O X O . . O O X O .
10 . O O X X O X X X X X X O
 9 O X X X O . O1X O . O X O
 8 . O X O . O X X X X X O .
 7 O X X X O . X O O X O . O
 6 . O X X O . O X . O . O @
 5 . O X X X O . X O . O X O
 4 O X X X . X X . X O X X X
 3 X2. X X X X X X X X X X O
 2 O X . X O O X O X O3X O .
 1 . X X X O . O . O . O . O

koPOSITIONALscoreAREAtaxNONEsui1komi7.5
Time taken: 1.78363
Root visits: 206
New playouts: 205
NN rows: 190
NN batches: 65
NN avg batch size: 2.92308
PV: H1 B3 F9 A8
Tree:
: T 112.17c W 100.00c S  11.56c (+173.8 L +172.4) N     206  --  H1 B3 F9 A8
---Black(^)---
H1  : T 113.22c W 100.00c S  12.66c (+174.7 L +173.4) LCB  106.56c P  4.98% WF 184.4 PSV     183 N      24  --  H1 B3 F9 A8
N6  : T 113.26c W 100.00c S  12.76c (+174.7 L +173.5) LCB  105.33c P  4.51% WF 139.1 PSV     139 N      18  --  N6 B3 C13
A5  : T 111.98c W 100.00c S  11.70c (+173.9 L +172.5) LCB  103.32c P  7.21% WF 145.6 PSV      82 N      19  --  A5 pass J6
F9  : T 112.56c W 100.00c S  11.86c (+174.1 L +172.5) LCB  103.56c P  4.69% WF 161.4 PSV      79 N      21  --  F9 pass G11
J6  : T 112.49c W 100.00c S  11.94c (+174.1 L +172.6) LCB  103.57c P  4.54% WF 138.1 PSV      72 N      18  --  J6 pass A1
C13 : T 111.88c W 100.00c S  11.68c (+173.9 L +172.5) LCB  101.93c P  6.72% WF 114.6 PSV      72 N      15  --  C13 B12 A5
N11 : T 111.85c W 100.00c S  11.64c (+173.7 L +172.4) LCB  103.60c P  6.68% WF 107.5 PSV      71 N      14  --  N11 B3 A8
G11 : T 111.60c W 100.00c S  10.91c (+173.2 L +171.8) LCB  101.68c P  6.78% WF 114.7 PSV      63 N      15  --  G11 pass F9
A1  : T 112.11c W 100.00c S  11.54c (+173.7 L +172.4) LCB  102.25c P  4.38% WF  99.7 PSV      53 N      13  --  A1 pass J6
A8  : T 117.93c W 100.00c S  16.28c (+177.6 L +175.0) LCB   96.38c P  4.93% WF  47.7 PSV      47 N       6  --  A8 pass

2026-07-17 05:18:54+0100: = N6
2026-07-17 05:19:06+0100: Controller: play W B3
2026-07-17 05:19:06+0100: = 
2026-07-17 05:19:06+0100: Controller: genmove B
2026-07-17 05:19:08+0100: MoveNum: 222 HASH: FDDD1FC6ABEBDFA8EC009CF70E187FFC
   A B C D E F G H J K L M N
13 O O . O X O . O . O X . X
12 X . O X X X O O . O X X O
11 O O . O X O . . O O X O .
10 . O O X X O X X X X X X O
 9 O X X X O . O X O . O X O
 8 . O X O . O X X X X X O .
 7 O X X X O . X O O X O . O
 6 . O X X O . O X . O . O X2
 5 . O X X X O . X O @ O X .
 4 O X X X . X X . X O X X X
 3 . O3X X X X X X X X X X O
 2 O X . X O O X O X O1X O .
 1 . X X X O . O . O . O . O

koPOSITIONALscoreAREAtaxNONEsui1komi7.5
Time taken: 1.74772
Root visits: 206
New playouts: 198
NN rows: 183
NN batches: 62
NN avg batch size: 2.95161
PV: K5 A8 J6
Tree:
: T 123.92c W 100.00c S  23.82c (+173.9 L +172.7) N     206  --  K5 A8 J6
---Black(^)---
K5  : T 124.51c W 100.00c S  24.52c (+174.7 L +173.4) LCB  119.67c P  3.84% WF 149.7 PSV     158 N      19  --  K5 A8 J6
J6  : T 124.27c W 100.00c S  24.02c (+174.2 L +172.8) LCB  118.85c P  4.97% WF 133.0 PSV     126 N      17  --  J6 pass C13
C11 : T 124.67c W 100.00c S  24.63c (+174.3 L +173.3) LCB  119.58c P  2.96% WF 118.5 PSV     118 N      15  --  C11 A8 C13
G13 : T 124.72c W 100.00c S  24.70c (+174.4 L +173.4) LCB  118.95c P  3.30% WF 110.7 PSV     111 N      14  --  G13 A8 A6
A8  : T 124.08c W 100.00c S  24.14c (+174.4 L +173.3) LCB  118.62c P  5.39% WF 140.9 PSV     106 N      18  --  A8 N5 A6
N11 : T 123.49c W 100.00c S  23.47c (+173.1 L +172.1) LCB  117.47c P  8.23% WF 101.4 PSV      97 N      13  --  N11 pass A8
G11 : T 123.63c W 100.00c S  23.40c (+173.7 L +172.3) LCB  117.10c P  7.27% WF 124.3 PSV      95 N      16  --  G11 pass F9
K1  : T 124.11c W 100.00c S  24.17c (+174.6 L +173.4) LCB  118.20c P  4.60% WF 133.2 PSV      94 N      17  --  K1 A8 H1
N5  : T 124.78c W 100.00c S  24.65c (+174.5 L +172.9) LCB  114.82c P  3.55% WF  71.0 PSV      71 N       9  --  N5 A8 A6
F1  : T 127.00c W 100.00c S  26.57c (+176.4 L +174.3) LCB  117.93c P  3.52% WF  72.3 PSV      71 N       9  --  F1 pass

2026-07-17 05:19:08+0100: = K5
2026-07-17 05:19:14+0100: Controller: play W M13
2026-07-17 05:19:14+0100: = 
2026-07-17 05:19:14+0100: Controller: genmove B
2026-07-17 05:19:16+0100: MoveNum: 224 HASH: 731E345E10DB474A0E1070D2CF81B446
   A B C D E F G H J K L M N
13 O O . O X O . O . O X O3.
12 X . O X X X O O . O X X O
11 O O . O X O . . O O X O .
10 . O O X X O X X X X X X O
 9 O X X X O . O X O . O X O
 8 @ O X O . O X X X X X O .
 7 O X X X O . X O O X O . O
 6 . O X X O . O X . O . O X
 5 . O X X X O . X O X2O X .
 4 O X X X . X X . X . X X X
 3 . O1X X X X X X X X X X O
 2 O X . X O O X O X O X O .
 1 . X X X O . O . O . O . O

koPOSITIONALscoreAREAtaxNONEsui1komi7.5
Time taken: 2.15568
Root visits: 206
New playouts: 205
NN rows: 204
NN batches: 70
NN avg batch size: 2.91429
PV: A8 N5 A10
Tree:
: T 116.52c W 100.00c S  16.03c (+173.3 L +172.2) N     206  --  A8 N5 A10
---Black(^)---
A8  : T 116.96c W 100.00c S  16.69c (+173.7 L +172.8) LCB  111.73c P  5.26% WF 161.5 PSV     205 N      21  --  A8 N5 A10
J6  : T 116.24c W 100.00c S  15.94c (+173.0 L +171.8) LCB  110.68c P 10.45% WF 137.6 PSV     139 N      18  --  J6 pass L6
N11 : T 116.83c W 100.00c S  16.54c (+173.6 L +172.5) LCB  111.12c P  5.29% WF 138.1 PSV     134 N      18  --  N11 A8 J6
A1  : T 116.91c W 100.00c S  16.32c (+173.6 L +172.3) LCB  109.26c P  4.65% WF 138.3 PSV     133 N      18  --  A1 pass C13
L6  : T 116.05c W 100.00c S  15.56c (+172.9 L +171.8) LCB  109.19c P  9.77% WF 145.0 PSV     119 N      19  --  L6 pass M7
N5  : T 117.58c W 100.00c S  17.29c (+174.2 L +172.8) LCB  110.63c P  3.78% WF 116.3 PSV     116 N      15  --  N5 pass J6
A3  : T 116.64c W 100.00c S  16.13c (+173.6 L +172.6) LCB  109.65c P  4.70% WF 153.5 PSV      94 N      20  --  A3 pass C13
F9  : T 116.95c W 100.00c S  16.40c (+173.5 L +172.4) LCB  109.90c P  2.98% WF 115.0 PSV      90 N      15  --  F9 pass G11
F1  : T 116.91c W 100.00c S  16.45c (+173.7 L +172.6) LCB  109.74c P  3.06% WF 138.7 PSV      87 N      18  --  F1 pass J6
C13 : T 116.36c W 100.00c S  16.27c (+173.3 L +172.1) LCB  107.90c P  4.98% WF  84.5 PSV      77 N      11  --  C13 B12 J6

2026-07-17 05:19:16+0100: = A8
2026-07-17 05:19:24+0100: Controller: play W K4
2026-07-17 05:19:24+0100: = 
2026-07-17 05:19:24+0100: Controller: genmove B
2026-07-17 05:19:25+0100: MoveNum: 226 HASH: 57750EFCE69415632BB34955849456DC
   A B C D E F G H J K L M N
13 O O . O X O @ O . O X O1.
12 X . O X X X O O . O X X O
11 O O . O X O . . O O X O .
10 . O O X X O X X X X X X O
 9 O X X X O . O X O . O X O
 8 X2. X O . O X X X X X O .
 7 O X X X O . X O O X O . O
 6 . O X X O . O X . O . O X
 5 . O X X X O . X O . O X .
 4 O X X X . X X . X O3X X X
 3 . O X X X X X X X X X X O
 2 O X . X O O X O X O X O .
 1 . X X X O . O . O . O . O

koPOSITIONALscoreAREAtaxNONEsui1komi7.5
Time taken: 1.11759
Root visits: 206
New playouts: 205
NN rows: 194
NN batches: 67
NN avg batch size: 2.89552
PV: G13 B8 C13
Tree:
: T 115.70c W 100.00c S  15.26c (+172.5 L +171.7) N     206  --  G13 B8 C13
---Black(^)---
G13 : T 117.49c W 100.00c S  17.15c (+173.9 L +173.0) LCB  111.36c P  2.91% WF 124.3 PSV     270 N      16  --  G13 B8 C13
A10 : T 115.36c W 100.00c S  15.29c (+172.5 L +171.9) LCB  108.20c P  9.53% WF 153.5 PSV     154 N      20  --  A10 pass A9
C11 : T 116.50c W 100.00c S  16.26c (+173.3 L +172.4) LCB  110.43c P  4.38% WF 146.2 PSV     146 N      19  --  C11 B8 C13
J6  : T 115.50c W 100.00c S  15.26c (+172.5 L +171.7) LCB  108.85c P  9.39% WF 143.8 PSV     145 N      19  --  J6 pass K5
F9  : T 116.48c W 100.00c S  16.27c (+173.2 L +172.4) LCB  110.10c P  3.11% WF 115.1 PSV     115 N      15  --  F9 B8 E8
K1  : T 117.93c W 100.00c S  17.00c (+174.4 L +172.9) LCB  107.93c P  3.23% WF 115.7 PSV     114 N      15  --  K1 pass C13
A6  : T 115.12c W 100.00c S  14.82c (+172.1 L +171.3) LCB  107.24c P  8.29% WF 121.7 PSV     111 N      16  --  A6 pass F1
G11 : T 116.67c W 100.00c S  15.99c (+173.0 L +171.7) LCB  107.97c P  4.50% WF 107.7 PSV     108 N      14  --  G11 pass F9
B8  : T 115.61c W 100.00c S  15.20c (+172.7 L +171.4) LCB  105.98c P  4.51% WF 129.4 PSV      93 N      17  --  B8 pass N13
N13 : T 116.04c W 100.00c S  15.30c (+172.6 L +171.7) LCB  105.21c P  2.45% WF  91.5 PSV      92 N      12  --  N13 pass N11

2026-07-17 05:19:25+0100: = G13
2026-07-17 05:19:38+0100: Controller: play W B8
2026-07-17 05:19:38+0100: = 
2026-07-17 05:19:38+0100: Controller: genmove B
2026-07-17 05:19:39+0100: MoveNum: 228 HASH: DD342A6222E5BFFCCE24666E61B1A07C
   A B C D E F G H J K L M N
13 O O . O X . X2O . O X O .
12 X . O X X X O O . O X X O
11 O O . O X O . . O O X O .
10 . O O X X O X X X X X X O
 9 O X X X O . O X O . O X O
 8 . O3X O . O X X X X X O .
 7 O X X X O . X O O X O . O
 6 . O X X O . O X . O . O X
 5 . O X X X O . X O . O X .
 4 O X X X . X X . X O1X X X
 3 . O X X X X X X X X X X O
 2 O X . X O O X O X O X O .
 1 . X X X O @ O . O . O . O

koPOSITIONALscoreAREAtaxNONEsui1komi7.5
Time taken: 1.34475
Root visits: 206
New playouts: 198
NN rows: 187
NN batches: 64
NN avg batch size: 2.92188
PV: F1 A8 C13
Tree:
: T 122.41c W 100.00c S  22.38c (+173.3 L +172.4) N     206  --  F1 A8 C13
---Black(^)---
F1  : T 123.26c W 100.00c S  23.33c (+174.2 L +173.2) LCB  118.26c P  3.74% WF 118.4 PSV     191 N      15  --  F1 A8 C13
F9  : T 123.06c W 100.00c S  23.05c (+173.8 L +172.7) LCB  118.14c P  3.13% WF 141.6 PSV     141 N      18  --  F9 A8 G11 A6
N11 : T 122.88c W 100.00c S  22.86c (+173.8 L +172.9) LCB  117.74c P  4.92% WF 141.1 PSV     141 N      18  --  N11 A8 N13
G11 : T 122.78c W 100.00c S  22.67c (+173.6 L +172.3) LCB  117.64c P  7.28% WF 133.3 PSV     134 N      17  --  G11 A8 F9
J6  : T 122.55c W 100.00c S  22.56c (+173.4 L +172.4) LCB  117.78c P  6.87% WF 132.8 PSV     133 N      17  --  J6 A8 K5
A3  : T 122.98c W 100.00c S  22.88c (+174.3 L +173.1) LCB  116.59c P  4.39% WF 132.8 PSV     133 N      17  --  A3 pass A5
K5  : T 122.73c W 100.00c S  22.76c (+173.7 L +172.6) LCB  117.27c P  5.30% WF 133.0 PSV     128 N      17  --  K5 A8 J6
C11 : T 122.95c W 100.00c S  22.94c (+173.6 L +172.7) LCB  116.49c P  3.51% WF 102.0 PSV     102 N      13  --  C11 A8 C13
N13 : T 122.73c W 100.00c S  22.80c (+173.4 L +172.7) LCB  115.27c P  3.76% WF  86.2 PSV      87 N      11  --  N13 A8 A6
N5  : T 123.15c W 100.00c S  23.15c (+173.6 L +172.5) LCB  113.38c P  3.34% WF  70.7 PSV      71 N       9  --  N5 A8 A6

2026-07-17 05:19:39+0100: = F1
2026-07-17 05:19:51+0100: Controller: play W F13
2026-07-17 05:19:51+0100: = 
2026-07-17 05:19:51+0100: Controller: genmove B
2026-07-17 05:19:53+0100: MoveNum: 230 HASH: 8A15AC3A2BABC7EC1943922892A31DED
   A B C D E F G H J K L M N
13 O O . O X O3. O @ O X O .
12 X . O X X X O O . O X X O
11 O O . O X O . . O O X O .
10 . O O X X O X X X X X X O
 9 O X X X O . O X O . O X O
 8 . O1X O . O X X X X X O .
 7 O X X X O . X O O X O . O
 6 . O X X O . O X . O . O X
 5 . O X X X O . X O . O X .
 4 O X X X . X X . X O X X X
 3 . O X X X X X X X X X X O
 2 O X . X . . X O X O X O .
 1 . X X X . X2O . O . O . O

koPOSITIONALscoreAREAtaxNONEsui1komi7.5
Time taken: 1.50309
Root visits: 206
New playouts: 206
NN rows: 184
NN batches: 64
NN avg batch size: 2.875
PV: J13 pass
Tree:
: T 116.35c W 100.00c S  15.94c (+174.2 L +172.8) N     206  --  J13 pass
---Black(^)---
J13 : T 120.61c W 100.00c S  19.94c (+177.1 L +174.7) LCB  110.79c P  3.50% WF  71.8 PSV     239 N       9  --  J13 pass
A8  : T 116.31c W 100.00c S  15.75c (+174.2 L +172.7) LCB  108.58c P  6.98% WF 161.0 PSV     161 N      21  --  A8 pass A10
A3  : T 117.93c W 100.00c S  17.64c (+175.9 L +174.0) LCB  109.59c P  4.12% WF 132.8 PSV     132 N      17  --  A3 pass J6
K5  : T 116.39c W 100.00c S  15.88c (+174.2 L +172.8) LCB  108.14c P  5.44% WF 115.3 PSV     116 N      15  --  K5 pass J6
H1  : T 116.76c W 100.00c S  16.31c (+174.4 L +172.9) LCB  108.84c P  3.70% WF 115.7 PSV     116 N      15  --  H1 pass J6
F9  : T 117.92c W 100.00c S  17.68c (+175.4 L +173.7) LCB  110.64c P  3.47% WF 109.3 PSV     109 N      14  --  F9 A8 G11
A1  : T 117.12c W 100.00c S  16.48c (+174.8 L +173.0) LCB  105.90c P  4.12% WF  93.0 PSV      93 N      12  --  A1 pass G11
C11 : T 116.23c W 100.00c S  15.98c (+174.2 L +172.9) LCB  108.64c P  4.15% WF 122.7 PSV      88 N      16  --  C11 pass G11
J6  : T 115.61c W 100.00c S  15.17c (+173.5 L +172.2) LCB  106.84c P  6.70% WF 106.8 PSV      84 N      14  --  J6 pass K5
N11 : T 116.25c W 100.00c S  15.69c (+174.0 L +172.7) LCB  106.22c P  3.77% WF  91.8 PSV      81 N      12  --  N11 pass J6

2026-07-17 05:19:53+0100: = J13
2026-07-17 05:20:01+0100: Controller: play W N5
2026-07-17 05:20:01+0100: = 
2026-07-17 05:20:01+0100: Controller: genmove B
2026-07-17 05:20:03+0100: MoveNum: 232 HASH: 67EE474DA77A725792E03CA3CE6153A0
   A B C D E F G H J K L M N
13 O O . O X O1. O X2O X O .
12 X . O X X X O O . O X X O
11 O O . O X O . . O O X O .
10 . O O X X O X X X X X X O
 9 O X X X O . O X O . O X O
 8 @ O X O . O X X X X X O .
 7 O X X X O . X O O X O . O
 6 . O X X O . O X . O . O .
 5 . O X X X O . X O . O X O3
 4 O X X X . X X . X O X X X
 3 . O X X X X X X X X X X O
 2 O X . X . . X O X O X O .
 1 . X X X . X O . O . O . O

koPOSITIONALscoreAREAtaxNONEsui1komi7.5
Time taken: 1.56164
Root visits: 206
New playouts: 205
NN rows: 202
NN batches: 69
NN avg batch size: 2.92754
PV: A8 pass
Tree:
: T 112.87c W 100.00c S  12.40c (+173.3 L +172.2) N     206  --  A8 pass
---Black(^)---
A8  : T 120.57c W 100.00c S  19.43c (+179.0 L +176.1) LCB  110.32c P  4.92% WF  73.5 PSV     316 N       9  --  A8 pass
N11 : T 114.37c W 100.00c S  13.46c (+174.3 L +172.8) LCB  106.85c P  5.23% WF 178.6 PSV     177 N      23  --  N11 pass N8 A8
H11 : T 113.83c W 100.00c S  13.20c (+173.9 L +172.3) LCB  105.27c P  3.62% WF  99.9 PSV      63 N      13  --  H11 pass J12
N13 : T 113.60c W 100.00c S  13.04c (+173.9 L +172.7) LCB  105.22c P  4.26% WF 123.4 PSV      62 N      16  --  N13 pass N6
J6  : T 112.38c W 100.00c S  11.99c (+173.0 L +171.9) LCB  104.87c P  7.92% WF 144.8 PSV      60 N      19  --  J6 pass K5
K5  : T 113.39c W 100.00c S  12.80c (+173.7 L +172.4) LCB  105.50c P  4.80% WF 138.3 PSV      60 N      18  --  K5 pass J6
G11 : T 112.20c W 100.00c S  11.78c (+172.8 L +171.4) LCB  103.02c P  7.08% WF 106.8 PSV      50 N      14  --  G11 pass F9
H1  : T 113.21c W 100.00c S  12.73c (+173.5 L +172.4) LCB  104.37c P  3.70% WF 107.9 PSV      42 N      14  --  H1 pass J6
G13 : T 112.34c W 100.00c S  11.82c (+172.8 L +172.0) LCB  104.57c P  5.29% WF 114.3 PSV      39 N      15  --  G13 pass N6
C13 : T 112.06c W 100.00c S  12.15c (+173.1 L +171.7) LCB  102.33c P  5.29% WF  91.4 PSV      36 N      12  --  C13 B12 N6

2026-07-17 05:20:03+0100: = A8
2026-07-17 05:20:13+0100: Controller: play W F2
2026-07-17 05:20:13+0100: = 
2026-07-17 05:20:13+0100: Controller: genmove B
2026-07-17 05:20:15+0100: MoveNum: 234 HASH: 91FA8F3341466D6215F9E0D86C7457D3
   A B C D E F G H J K L M N
13 O O . O X O . O X O X O .
12 X . O X X X O O . O X X O
11 O O . O X O . . O O X O .
10 @ O O X X O X X X X X X O
 9 O X X X O . O X O . O X O
 8 X2. X O . O X X X X X O .
 7 O X X X O . X O O X O . O
 6 . O X X O . O X . O . O .
 5 . O X X X O . X O . O X O1
 4 O X X X . X X . X O X X X
 3 . O X X X X X X X X X X O
 2 O X . X . O3X O X O X O .
 1 . X X X . X O . O . O . O

koPOSITIONALscoreAREAtaxNONEsui1komi7.5
Time taken: 1.98176
Root visits: 204
New playouts: 204
NN rows: 203
NN batches: 70
NN avg batch size: 2.9
PV: N6 B8 N5 pass
Tree:
: T 110.88c W 100.00c S  10.32c (+173.7 L +172.3) N     204  --  N6 B8 N5 pass
---Black(^)---
N6  : T 112.84c W 100.00c S  12.47c (+175.4 L +174.0) LCB  106.57c P  5.93% WF 257.4 PSV     455 N      33  --  N6 B8 N5 pass
A10 : T 112.03c W 100.00c S  11.67c (+174.8 L +173.1) LCB  106.19c P  7.57% WF 414.7 PSV     412 N      59  --  A10 E1 J6
C13 : T 112.13c W 100.00c S  11.40c (+174.5 L +173.4) LCB  102.42c P  5.28% WF 117.0 PSV     117 N      15  --  C13 B8 D13
E2  : T 111.35c W 100.00c S  10.86c (+174.1 L +172.9) LCB  102.40c P  4.71% WF 138.4 PSV      95 N      18  --  E2 B8 A6
A6  : T 110.80c W 100.00c S  10.35c (+173.7 L +172.0) LCB  101.18c P  7.06% WF 177.4 PSV      94 N      23  --  A6 pass J6
J6  : T 110.91c W 100.00c S  10.30c (+173.6 L +172.1) LCB  102.35c P  5.33% WF 160.7 PSV      76 N      21  --  J6 pass A6
H1  : T 118.39c W 100.00c S  16.72c (+178.8 L +175.8) LCB  105.09c P  5.60% WF  64.4 PSV      62 N       8  --  H1 pass
C11 : T 112.49c W 100.00c S   8.77c (+172.3 L +171.7) LCB  -36.97c P  3.93% WF  15.5 PSV      16 N       2  --  C11 B8
G11 : T  99.52c W 100.00c S  -0.48c (+164.4 L +164.8) LCB -250.48c P  4.20% WF   7.4 PSV       7 N       1  --  G11
B8  : T 102.32c W 100.00c S   2.32c (+166.8 L +167.3) LCB -247.68c P  3.57% WF   7.3 PSV       7 N       1  --  B8

2026-07-17 05:20:15+0100: = A10
2026-07-17 05:20:24+0100: Controller: play W E1
2026-07-17 05:20:24+0100: = 
2026-07-17 05:20:24+0100: Controller: genmove B
2026-07-17 05:20:25+0100: MoveNum: 236 HASH: 656738132222BD8DE732918A2BA5484B
   A B C D E F G H J K L M N
13 O O . O X O . O X O X O .
12 X . O X X X O O . O X X O
11 O O . O X O . . O O X O .
10 X2O O X X O X X X X X X O
 9 . X X X O . O X O . O X O
 8 X . X O . O X X X X X O .
 7 O X X X O . X O O X O . O
 6 . O X X O . O X . O . O .
 5 . O X X X O . X O @ O X O
 4 O X X X . X X . X O X X X
 3 . O X X X X X X X X X X O
 2 O X . X . O1X O X O X O .
 1 . X X X O3. O . O . O . O

koPOSITIONALscoreAREAtaxNONEsui1komi7.5
Time taken: 1.54118
Root visits: 206
New playouts: 193
NN rows: 192
NN batches: 65
NN avg batch size: 2.95385
PV: K5 A9 J6
Tree:
: T 124.04c W 100.00c S  24.06c (+173.0 L +171.8) N     206  --  K5 A9 J6
---Black(^)---
K5  : T 126.48c W 100.00c S  26.57c (+175.5 L +173.7) LCB  119.20c P  3.26% WF  96.1 PSV     203 N      12  --  K5 A9 J6
K1  : T 124.54c W 100.00c S  24.77c (+174.0 L +172.7) LCB  119.09c P  3.84% WF 172.9 PSV     172 N      22  --  K1 A9 H1
N11 : T 124.47c W 100.00c S  24.61c (+173.7 L +172.3) LCB  118.38c P  4.64% WF 164.5 PSV     165 N      21  --  N11 A9 N13
J6  : T 124.21c W 100.00c S  24.16c (+173.5 L +172.0) LCB  118.42c P  6.02% WF 172.4 PSV     150 N      22  --  J6 pass A9
A9  : T 123.65c W 100.00c S  23.67c (+172.7 L +171.5) LCB  116.97c P  9.12% WF 156.6 PSV     130 N      20  --  A9 pass J6
A6  : T 124.51c W 100.00c S  24.37c (+173.7 L +172.2) LCB  116.44c P  4.66% WF 118.2 PSV     118 N      15  --  A6 pass A9
N6  : T 124.09c W 100.00c S  24.01c (+172.5 L +172.0) LCB  117.58c P  5.42% WF 125.6 PSV     117 N      16  --  N6 pass N5
H1  : T 124.05c W 100.00c S  24.32c (+173.5 L +172.2) LCB  117.11c P  5.47% WF 132.7 PSV     112 N      17  --  H1 A9 C13
C11 : T 123.95c W 100.00c S  24.12c (+172.6 L +171.6) LCB  115.78c P  5.16% WF  93.7 PSV      94 N      12  --  C11 A9 C13
C13 : T 123.74c W 100.00c S  23.85c (+172.3 L +171.5) LCB  116.73c P  5.75% WF 101.6 PSV      88 N      13  --  C13 B12 C11

2026-07-17 05:20:25+0100: = K5
2026-07-17 05:20:33+0100: Controller: play W A9
2026-07-17 05:20:33+0100: = 
2026-07-17 05:20:33+0100: Controller: genmove B
2026-07-17 05:20:35+0100: MoveNum: 238 HASH: 8A5D42529E701476F2C7B4FBE77933DF
   A B C D E F G H J K L M N
13 O O . O X O . O X O X O .
12 X . O X X X O O . O X X O
11 O O . O X O . . O O X O .
10 . O O X X O X X X X X X O
 9 O3X X X O . O X O . O X O
 8 X . X O . O X X X X X O .
 7 O X X X O . X O O X O . O
 6 @ O X X O . O X . O . O .
 5 . O X X X O . X O X2O X O
 4 O X X X . X X . X . X X X
 3 . O X X X X X X X X X X O
 2 O X . X . O X O X O X O .
 1 . X X X O1. O . O . O . O

koPOSITIONALscoreAREAtaxNONEsui1komi7.5
Time taken: 1.74378
Root visits: 206
New playouts: 202
NN rows: 199
NN batches: 67
NN avg batch size: 2.97015
PV: F9 B8 E8 A8
Tree:
: T 121.39c W 100.00c S  21.19c (+172.3 L +171.2) N     206  --  F9 B8 E8 A8
---Black(^)---
F9  : T 123.25c W 100.00c S  22.97c (+173.8 L +172.4) LCB  118.30c P  2.86% WF 150.2 PSV     425 N      19  --  F9 B8 E8 A8
A6  : T 121.99c W 100.00c S  21.76c (+173.2 L +171.8) LCB  117.67c P  7.53% WF 344.5 PSV     343 N      44  --  A6 pass J6 pass N11
J6  : T 121.12c W 100.00c S  21.18c (+172.0 L +170.9) LCB  117.85c P 11.97% WF 255.6 PSV     170 N      33  --  J6 B8 L6 A8 A1
L6  : T 121.34c W 100.00c S  21.36c (+172.3 L +171.3) LCB  117.83c P  8.91% WF 256.2 PSV     154 N      33  --  L6 B8 J6 A8 A6
B8  : T 125.97c W 100.00c S  25.18c (+176.0 L +173.8) LCB  114.14c P  4.91% WF  64.7 PSV      64 N       8  --  B8 pass
C11 : T 120.90c W 100.00c S  20.75c (+171.7 L +171.2) LCB  113.90c P  5.00% WF 100.4 PSV      60 N      13  --  C11 B8 C13
C13 : T 120.30c W 100.00c S  20.58c (+171.5 L +170.7) LCB  109.89c P  6.38% WF  69.1 PSV      55 N       9  --  C13 B12 A10
N11 : T 121.16c W 100.00c S  21.08c (+172.3 L +171.4) LCB  114.52c P  3.19% WF 123.4 PSV      46 N      16  --  N11 B8 C13
N13 : T 124.46c W 100.00c S  23.60c (+173.8 L +172.5) LCB   96.44c P  2.33% WF  39.8 PSV      40 N       5  --  N13 B8
K4  : T 120.16c W 100.00c S  20.43c (+170.7 L +170.2) LCB   76.91c P  3.15% WF  30.6 PSV      25 N       4  --  K4 B8 C13

2026-07-17 05:20:35+0100: = A6
2026-07-17 05:20:42+0100: Controller: play W K4
2026-07-17 05:20:42+0100: = 
2026-07-17 05:20:42+0100: Controller: genmove B
2026-07-17 05:20:44+0100: MoveNum: 240 HASH: 1916385C12B812CA0F9EBE5819FB4676
   A B C D E F G H J K L M N
13 O O . O X O . O X O X O .
12 X . O X X X O O . O X X O
11 O O . O X O . . O O X O .
10 . O O X X O X X X X X X O
 9 O1X X X O . O X O . O X O
 8 X . X O . O X X X X X O .
 7 . X X X O . X O O X O . O
 6 X2O X X O . O X @ O . O .
 5 . O X X X O . X O . O X O
 4 O X X X . X X . X O3X X X
 3 . O X X X X X X X X X X O
 2 O X . X . O X O X O X O .
 1 . X X X O . O . O . O . O

koPOSITIONALscoreAREAtaxNONEsui1komi7.5
Time taken: 1.80917
Root visits: 205
New playouts: 204
NN rows: 183
NN batches: 63
NN avg batch size: 2.90476
PV: J6 pass K5 pass G11
Tree:
: T 112.26c W 100.00c S  11.78c (+171.8 L +170.8) N     205  --  J6 pass K5 pass G11
---Black(^)---
J6  : T 114.24c W 100.00c S  13.63c (+173.3 L +171.7) LCB  109.50c P 11.23% WF 396.2 PSV     390 N      52  --  J6 pass K5 pass G11
N6  : T 111.74c W 100.00c S  11.25c (+171.3 L +170.7) LCB  104.43c P  7.84% WF 159.4 PSV      51 N      21  --  N6 pass N13
N13 : T 115.62c W 100.00c S  14.32c (+173.7 L +172.1) LCB   93.50c P  3.86% WF  47.3 PSV      47 N       6  --  N13 pass N11
H1  : T 120.42c W 100.00c S  18.79c (+177.5 L +174.8) LCB   99.73c P  3.73% WF  48.1 PSV      47 N       6  --  H1 K5
A10 : T 112.39c W 100.00c S  12.05c (+172.0 L +171.1) LCB  103.24c P  4.96% WF 123.6 PSV      41 N      16  --  A10 pass N11
N11 : T 111.64c W 100.00c S  11.16c (+171.2 L +170.5) LCB  102.82c P  5.53% WF 122.0 PSV      35 N      16  --  N11 pass F9
F9  : T 112.42c W 100.00c S  12.36c (+172.2 L +171.2) LCB  104.50c P  3.98% WF 146.5 PSV      33 N      19  --  F9 J6 E8
C13 : T 111.42c W 100.00c S  11.01c (+171.0 L +170.5) LCB  101.33c P  5.73% WF  99.8 PSV      33 N      13  --  C13 pass N6
C11 : T 111.70c W 100.00c S  11.99c (+171.9 L +171.1) LCB  103.31c P  5.09% WF 107.1 PSV      32 N      14  --  C11 J6 K5
A5  : T 112.28c W 100.00c S  12.36c (+172.1 L +171.2) LCB  101.30c P  3.32% WF  77.0 PSV      26 N      10  --  A5 J6 N6

2026-07-17 05:20:44+0100: = J6
2026-07-17 05:20:51+0100: Controller: play W H7
2026-07-17 05:20:51+0100: = 
2026-07-17 05:20:51+0100: Controller: genmove B
2026-07-17 05:20:53+0100: MoveNum: 242 HASH: 5338B85DD0EC705DDF102BE3EF2BEABD
   A B C D E F G H J K L M N
13 O O . O X O . O X O X O .
12 X . O X X X O O . O X X O
11 O O . O X O . . O O X O .
10 . O O X X O X X X X X X O
 9 O X X X O @ O X O . O X O
 8 X . X O . O X X X X X O .
 7 . X X X O . X O3. X O . O
 6 X O X X O . O X X2O . O .
 5 . O X X X O . X O . O X O
 4 O X X X . X X . X O1X X X
 3 . O X X X X X X X X X X O
 2 O X . X . O X O X O X O .
 1 . X X X O . O . O . O . O

koPOSITIONALscoreAREAtaxNONEsui1komi7.5
Time taken: 1.97063
Root visits: 206
New playouts: 206
NN rows: 206
NN batches: 71
NN avg batch size: 2.90141
PV: F9 G11 G9 N11
Tree:
: T 113.80c W 100.00c S  13.44c (+175.3 L +173.8) N     206  --  F9 G11 G9 N11
---Black(^)---
F9  : T 116.06c W 100.00c S  15.62c (+176.9 L +174.8) LCB  110.41c P  4.26% WF 293.1 PSV     288 N      37  --  F9 G11 G9 N11
N11 : T 116.01c W 100.00c S  16.01c (+177.5 L +175.3) LCB  107.50c P  5.11% WF 174.0 PSV     172 N      22  --  N11 K5 L6
A10 : T 117.33c W 100.00c S  16.66c (+177.8 L +175.7) LCB  109.54c P  5.02% WF 151.9 PSV     149 N      19  --  A10 pass K5
G11 : T 115.77c W 100.00c S  14.98c (+176.6 L +174.4) LCB  106.01c P  4.87% WF 141.5 PSV     140 N      18  --  G11 pass F9
K5  : T 113.02c W 100.00c S  12.88c (+174.7 L +173.5) LCB  105.64c P  9.40% WF 169.0 PSV      60 N      22  --  K5 L6 N6
C11 : T 113.76c W 100.00c S  13.74c (+175.5 L +174.2) LCB  106.77c P  4.93% WF 208.7 PSV      40 N      27  --  C11 K5 A10
N6  : T 113.25c W 100.00c S  12.66c (+174.6 L +173.5) LCB  104.86c P  5.41% WF 184.5 PSV      37 N      24  --  N6 pass F9
C13 : T 112.91c W 100.00c S  12.92c (+174.8 L +173.3) LCB  103.08c P  6.05% WF  99.2 PSV      37 N      13  --  C13 B12 A10
N13 : T 105.54c W 100.00c S   5.54c (+168.8 L +169.9) LCB -244.46c P  3.82% WF   7.5 PSV       7 N       1  --  N13
E8  : T 104.86c W 100.00c S   4.86c (+168.3 L +168.7) LCB -245.14c P  3.53% WF   7.4 PSV       6 N       1  --  E8

2026-07-17 05:20:53+0100: = F9
2026-07-17 05:21:01+0100: Controller: play W J12
2026-07-17 05:21:01+0100: = 
2026-07-17 05:21:01+0100: Controller: genmove B
2026-07-17 05:21:03+0100: MoveNum: 244 HASH: 7CCDC93ADD02693746495AD71D25798B
   A B C D E F G H J K L M N
13 O O . O X O . O . O X O .
12 X . O X X X O O O3O X X O
11 O O . O X O . . O O X O .
10 . O O X X O X X X X X X O
 9 O X X X O X2. X O . O X O
 8 X . X O . O X X X X X O .
 7 . X X X O . X O1. X O . O
 6 X O X X O . O X X O . O .
 5 . O X X X O . X O @ O X O
 4 O X X X . X X . X O X X X
 3 . O X X X X X X X X X X O
 2 O X . X . O X O X O X O .
 1 . X X X O . O . O . O . O

koPOSITIONALscoreAREAtaxNONEsui1komi7.5
Time taken: 1.49229
Root visits: 206
New playouts: 205
NN rows: 203
NN batches: 68
NN avg batch size: 2.98529
PV: K5 G9 E8 F9 G11
Tree:
: T 108.78c W 100.00c S   8.30c (+173.3 L +172.2) N     206  --  K5 G9 E8 F9 G11
---Black(^)---
K5  : T 110.09c W 100.00c S   9.81c (+174.5 L +172.8) LCB  105.56c P  7.14% WF 311.5 PSV     308 N      40  --  K5 G9 E8 F9 G11
N6  : T 109.72c W 100.00c S   9.34c (+174.1 L +173.1) LCB  104.27c P  4.63% WF 241.5 PSV     111 N      31  --  N6 G9 N5 G11 F9
G9  : T 111.26c W 100.00c S  10.43c (+175.0 L +172.9) LCB  101.21c P  4.45% WF 101.7 PSV     101 N      13  --  G9 pass E8
N11 : T 109.50c W 100.00c S   9.28c (+174.1 L +172.9) LCB  101.57c P  4.46% WF 162.8 PSV      84 N      21  --  N11 G11 G13
G11 : T 107.43c W 100.00c S   7.00c (+172.2 L +171.1) LCB   98.84c P 11.73% WF 137.3 PSV      74 N      18  --  G11 pass E8
C11 : T 109.35c W 100.00c S   8.81c (+173.7 L +172.8) LCB  100.69c P  4.30% WF 123.9 PSV      71 N      16  --  C11 G9 E8
C13 : T 113.00c W 100.00c S  11.73c (+175.9 L +174.1) LCB   97.32c P  5.09% WF  55.6 PSV      55 N       7  --  C13 K5
E8  : T 107.56c W 100.00c S   7.14c (+172.4 L +171.3) LCB  100.86c P  7.92% WF 121.7 PSV      52 N      16  --  E8 pass K5
G13 : T 108.57c W 100.00c S   8.25c (+173.3 L +172.6) LCB  102.05c P  5.18% WF 146.3 PSV      51 N      19  --  G13 G9 F13
N13 : T 113.65c W 100.00c S  11.95c (+176.1 L +174.2) LCB   85.18c P  3.98% WF  39.8 PSV      39 N       5  --  N13 N11

2026-07-17 05:21:03+0100: = K5
2026-07-17 05:21:10+0100: Controller: play W G9
2026-07-17 05:21:10+0100: = 
2026-07-17 05:21:10+0100: Controller: genmove B
2026-07-17 05:21:12+0100: MoveNum: 246 HASH: 82659ABFA00F9E6477BC128459BEB10F
   A B C D E F G H J K L M N
13 O O . O X O . O . O X O .
12 X . O X X X O O O1O X X O
11 O O . O X O . . O O X O .
10 . O O X X O X X X X X X O
 9 O X X X O . O3X O . O X O
 8 X . X O @ O X X X X X O .
 7 . X X X O . X O . X O . O
 6 X O X X O . O X X O . O .
 5 . O X X X O . X . X2O X O
 4 O X X X . X X . X . X X X
 3 . O X X X X X X X X X X O
 2 O X . X . O X O X O X O .
 1 . X X X O . O . O . O . O

koPOSITIONALscoreAREAtaxNONEsui1komi7.5
Time taken: 1.47776
Root visits: 206
New playouts: 182
NN rows: 179
NN batches: 61
NN avg batch size: 2.93443
PV: E8 F9 G11 pass
Tree:
: T 121.96c W 100.00c S  21.82c (+172.9 L +171.8) N     206  --  E8 F9 G11 pass
---Black(^)---
E8  : T 122.30c W 100.00c S  22.18c (+173.0 L +172.0) LCB  118.07c P  6.97% WF 172.1 PSV     181 N      22  --  E8 F9 G11 pass
L6  : T 121.53c W 100.00c S  21.44c (+172.5 L +171.7) LCB  116.55c P 10.23% WF 116.5 PSV     117 N      15  --  L6 G11 F9 E8
C11 : T 122.17c W 100.00c S  22.24c (+173.1 L +172.0) LCB  115.53c P  4.57% WF 102.1 PSV      96 N      13  --  C11 G11 F9
F7  : T 121.99c W 100.00c S  21.93c (+172.9 L +171.7) LCB  114.85c P  5.51% WF  93.9 PSV      94 N      12  --  F7 G11 L6
A10 : T 122.24c W 100.00c S  21.96c (+172.7 L +171.9) LCB  117.61c P  3.86% WF 133.4 PSV      88 N      17  --  A10 F9 A9
K1  : T 123.80c W 100.00c S  23.84c (+175.1 L +173.4) LCB  115.57c P  2.83% WF  87.4 PSV      87 N      11  --  K1 G11 F9
N11 : T 122.15c W 100.00c S  22.14c (+173.5 L +172.4) LCB  116.68c P  4.07% WF 141.1 PSV      83 N      18  --  N11 G11 N8
H1  : T 122.38c W 100.00c S  22.32c (+173.7 L +172.4) LCB  115.73c P  2.89% WF 125.3 PSV      81 N      16  --  H1 pass K1
G11 : T 120.95c W 100.00c S  20.60c (+172.2 L +170.8) LCB  111.17c P  9.69% WF  92.3 PSV      81 N      12  --  G11 pass F9
G13 : T 122.07c W 100.00c S  22.08c (+172.8 L +172.1) LCB  115.16c P  4.26% WF  94.2 PSV      80 N      12  --  G13 G11 F9

2026-07-17 05:21:12+0100: = E8
2026-07-17 05:21:19+0100: Controller: play W F9
2026-07-17 05:21:19+0100: = 
2026-07-17 05:21:19+0100: Controller: genmove B
2026-07-17 05:21:21+0100: MoveNum: 248 HASH: E5DB458CDD2F72530F36D3421F8B67CF
   A B C D E F G H J K L M N
13 O O . O X O . O . O X O .
12 X . O X X X O O O O X X O
11 O O . O X O . . O O X O .
10 . O O X X O X X X X X X O
 9 O X X X O O3O1X O . O X O
 8 X . X . X2O X X X X X O .
 7 . X X X O @ X O . X O . O
 6 X O X X O . O X X O . O .
 5 . O X X X O . X . X O X O
 4 O X X X . X X . X . X X X
 3 . O X X X X X X X X X X O
 2 O X . X . O X O X O X O .
 1 . X X X O . O . O . O . O

koPOSITIONALscoreAREAtaxNONEsui1komi7.5
Time taken: 1.73077
Root visits: 204
New playouts: 193
NN rows: 188
NN batches: 64
NN avg batch size: 2.9375
PV: F7 G11 F6 pass
Tree:
: T 121.46c W 100.00c S  21.26c (+171.5 L +170.7) N     204  --  F7 G11 F6 pass
---Black(^)---
F7  : T 122.07c W 100.00c S  21.80c (+172.0 L +170.9) LCB  119.00c P 14.16% WF 243.8 PSV     395 N      31  --  F7 G11 F6 pass
G11 : T 122.07c W 100.00c S  21.79c (+172.5 L +171.2) LCB  118.40c P 17.76% WF 313.4 PSV     312 N      40  --  G11 pass F7 pass
N11 : T 124.82c W 100.00c S  24.31c (+173.8 L +172.3) LCB  115.27c P  3.33% WF  72.5 PSV      72 N       9  --  N11 G11
L6  : T 121.00c W 100.00c S  21.25c (+171.4 L +170.8) LCB  116.48c P  7.21% WF 156.0 PSV      59 N      20  --  L6 G11 F7 D8
C11 : T 121.61c W 100.00c S  21.32c (+171.3 L +171.0) LCB  117.02c P  3.99% WF 141.3 PSV      47 N      18  --  C11 G11 D11
G13 : T 121.80c W 100.00c S  21.85c (+171.5 L +171.1) LCB  116.73c P  3.42% WF 126.1 PSV      47 N      16  --  G13 G11 F13 F7
C13 : T 120.96c W 100.00c S  21.06c (+171.0 L +170.5) LCB  115.64c P  4.84% WF 101.4 PSV      39 N      13  --  C13 B12 D13
D8  : T 120.93c W 100.00c S  20.80c (+170.9 L +170.2) LCB  114.76c P  4.69% WF  93.3 PSV      37 N      12  --  D8 F7 G5
F6  : T 121.38c W 100.00c S  21.06c (+171.2 L +170.5) LCB  116.46c P  3.57% WF 109.0 PSV      36 N      14  --  F6 G11 F7 pass
N13 : T 121.50c W 100.00c S  21.48c (+171.2 L +170.7) LCB  113.11c P  2.58% WF  78.6 PSV      28 N      10  --  N13 G11 G13

2026-07-17 05:21:21+0100: = F7
2026-07-17 05:21:28+0100: Controller: play W D8
2026-07-17 05:21:28+0100: = 
2026-07-17 05:21:28+0100: Controller: genmove B
2026-07-17 05:21:29+0100: MoveNum: 250 HASH: E92C75B8AB8C0FE845974F2E2EC079A1
   A B C D E F G H J K L M N
13 O O . O X O . O . O X O .
12 X . O X X X O O O O X X O
11 O O . O X O . . O O X O .
10 . O O X X O X X X X X X O
 9 O X X X O O1O X O . O X O
 8 X . X O3. O X X X X X O .
 7 . X X X O X2X O . X O . O
 6 X O X X O @ O X X O . O .
 5 . O X X X O . X . X O X O
 4 O X X X . X X . X . X X X
 3 . O X X X X X X X X X X O
 2 O X . X . O X O X O X O .
 1 . X X X O . O . O . O . O

koPOSITIONALscoreAREAtaxNONEsui1komi7.5
Time taken: 1.31203
Root visits: 205
New playouts: 195
NN rows: 188
NN batches: 64
NN avg batch size: 2.9375
PV: F6 G11 E8 pass
Tree:
: T 121.00c W 100.00c S  20.84c (+170.9 L +170.2) N     205  --  F6 G11 E8 pass
---Black(^)---
F6  : T 121.28c W 100.00c S  20.93c (+171.3 L +170.3) LCB  117.83c P  9.39% WF 234.4 PSV     315 N      30  --  F6 G11 E8 pass
G11 : T 120.26c W 100.00c S  19.99c (+170.9 L +169.7) LCB  113.21c P 15.23% WF 145.9 PSV     147 N      19  --  G11 pass E8
N11 : T 121.31c W 100.00c S  21.39c (+171.5 L +170.9) LCB  116.65c P  4.24% WF 125.4 PSV     110 N      16  --  N11 E8 N8
G13 : T 121.47c W 100.00c S  21.35c (+171.0 L +170.6) LCB  116.39c P  4.10% WF 109.8 PSV     110 N      14  --  G13 E8 F6
A10 : T 121.65c W 100.00c S  21.41c (+171.1 L +170.5) LCB  115.64c P  4.35% WF  94.4 PSV      95 N      12  --  A10 G11 E8
K1  : T 122.33c W 100.00c S  22.46c (+172.5 L +171.3) LCB  115.20c P  3.19% WF  95.0 PSV      95 N      12  --  K1 G11 H1
G5  : T 122.52c W 100.00c S  22.25c (+172.0 L +170.8) LCB  114.86c P  3.08% WF  79.1 PSV      79 N      10  --  G5 G11 F6
C11 : T 120.79c W 100.00c S  20.90c (+170.8 L +170.4) LCB  113.31c P  5.17% WF  85.6 PSV      74 N      11  --  C11 E8 F6
N13 : T 121.24c W 100.00c S  21.11c (+170.7 L +169.9) LCB  111.86c P  3.50% WF  70.5 PSV      71 N       9  --  N13 E8 G11
L6  : T 120.49c W 100.00c S  20.57c (+170.5 L +170.2) LCB  113.03c P  6.24% WF  77.9 PSV      70 N      10  --  L6 G11 F6

2026-07-17 05:21:29+0100: = F6
2026-07-17 05:21:36+0100: Controller: play W G11
2026-07-17 05:21:36+0100: = 
2026-07-17 05:21:36+0100: Controller: genmove B
2026-07-17 05:21:37+0100: MoveNum: 252 HASH: 9885BD837C7D4F9E62DB636474D88126
   A B C D E F G H J K L M N
13 O O . O X O . O . O X O .
12 X . O X X X O O O O X X O
11 O O . O X O O3. O O X O .
10 . O O X X O X X X X X X O
 9 O X X X O O O X O . O X O
 8 X . X O1@ O X X X X X O .
 7 . X X X O X X O . X O . O
 6 X O X X O X2O X X O . O .
 5 . O X X X O . X . X O X O
 4 O X X X . X X . X . X X X
 3 . O X X X X X X X X X X O
 2 O X . X . O X O X O X O .
 1 . X X X O . O . O . O . O

koPOSITIONALscoreAREAtaxNONEsui1komi7.5
Time taken: 1.53805
Root visits: 206
New playouts: 197
NN rows: 189
NN batches: 64
NN avg batch size: 2.95312
PV: E8 pass G13 E7
Tree:
: T 120.72c W 100.00c S  20.58c (+170.1 L +169.6) N     206  --  E8 pass G13 E7
---Black(^)---
E8  : T 121.35c W 100.00c S  21.25c (+170.9 L +170.3) LCB  119.56c P 18.03% WF 377.3 PSV     376 N      48  --  E8 pass G13 E7
L6  : T 121.31c W 100.00c S  21.18c (+170.7 L +170.2) LCB  119.30c P  6.77% WF 251.0 PSV     133 N      32  --  L6 E8 M7 B12
G13 : T 121.31c W 100.00c S  21.02c (+170.1 L +169.7) LCB  117.69c P  7.67% WF 125.7 PSV     126 N      16  --  G13 E8 F13 L6
N11 : T 121.13c W 100.00c S  20.80c (+170.1 L +169.4) LCB  115.99c P  4.87% WF 101.8 PSV      78 N      13  --  N11 E8 G13
H11 : T 120.76c W 100.00c S  20.87c (+170.6 L +169.7) LCB  116.04c P  5.39% WF 140.3 PSV      63 N      18  --  H11 E8 L6 pass
C13 : T 120.58c W 100.00c S  20.37c (+169.8 L +169.6) LCB  115.95c P  5.93% WF 101.3 PSV      61 N      13  --  C13 E8 G13
H1  : T 121.19c W 100.00c S  20.84c (+170.4 L +169.7) LCB  117.19c P  3.30% WF 141.0 PSV      56 N      18  --  H1 pass G13
G5  : T 120.88c W 100.00c S  20.81c (+170.3 L +169.8) LCB  117.11c P  3.61% WF 117.2 PSV      46 N      15  --  G5 E8 G13
C11 : T 119.81c W 100.00c S  19.69c (+168.8 L +168.5) LCB  105.32c P  5.26% WF  54.3 PSV      35 N       7  --  C11 E8 G13
K1  : T 120.43c W 100.00c S  19.71c (+168.9 L +168.5) LCB   46.42c P  3.18% WF  23.4 PSV      24 N       3  --  K1 E8

2026-07-17 05:21:37+0100: = E8
2026-07-17 05:21:43+0100: Controller: play W E7
2026-07-17 05:21:43+0100: = 
2026-07-17 05:21:43+0100: Controller: genmove B
2026-07-17 05:21:45+0100: MoveNum: 254 HASH: C959C433DDD1C0760FAD7FCFAA04EEE0
   A B C D E F G H J K L M N
13 O O . O X O @ O . O X O .
12 X . O X X X O O O O X X O
11 O O . O X O O1. O O X O .
10 . O O X X O X X X X X X O
 9 O X X X O O O X O . O X O
 8 X . X . X2O X X X X X O .
 7 . X X X O3X X O . X O . O
 6 X O X X . X O X X O . O .
 5 . O X X X O . X . X O X O
 4 O X X X . X X . X . X X X
 3 . O X X X X X X X X X X O
 2 O X . X . O X O X O X O .
 1 . X X X O . O . O . O . O

koPOSITIONALscoreAREAtaxNONEsui1komi7.5
Time taken: 2.21415
Root visits: 206
New playouts: 200
NN rows: 199
NN batches: 67
NN avg batch size: 2.97015
PV: G13 D8 F13 E8
Tree:
: T 122.81c W 100.00c S  22.63c (+171.5 L +170.9) N     206  --  G13 D8 F13 E8
---Black(^)---
G13 : T 123.34c W 100.00c S  23.15c (+171.8 L +171.2) LCB  120.58c P  7.33% WF 189.6 PSV     286 N      24  --  G13 D8 F13 E8
E6  : T 122.45c W 100.00c S  22.24c (+171.3 L +170.5) LCB  118.09c P 13.51% WF 178.8 PSV     144 N      23  --  E6 pass N11
H1  : T 123.97c W 100.00c S  23.75c (+172.7 L +171.8) LCB  119.59c P  2.92% WF 127.1 PSV     127 N      16  --  H1 D8 G13
D8  : T 122.55c W 100.00c S  22.37c (+171.6 L +170.7) LCB  118.28c P 10.88% WF 171.5 PSV     124 N      22  --  D8 pass N11
L6  : T 122.92c W 100.00c S  22.72c (+171.9 L +171.3) LCB  119.63c P  7.00% WF 172.5 PSV     108 N      22  --  L6 pass M7
G5  : T 123.44c W 100.00c S  23.21c (+171.9 L +170.8) LCB  117.56c P  3.34% WF  94.7 PSV      95 N      12  --  G5 D8 C13
A3  : T 124.15c W 100.00c S  23.90c (+172.8 L +171.8) LCB  118.20c P  2.13% WF  95.4 PSV      95 N      12  --  A3 D8 C13
H11 : T 122.89c W 100.00c S  22.76c (+171.6 L +170.9) LCB  119.72c P  5.92% WF 157.2 PSV      89 N      20  --  H11 D8 C13 E8
N11 : T 123.78c W 100.00c S  23.51c (+172.1 L +171.3) LCB  117.10c P  3.52% WF  87.2 PSV      87 N      11  --  N11 D8 N8
C13 : T 122.75c W 100.00c S  22.66c (+171.5 L +171.0) LCB  118.99c P  5.87% WF 125.4 PSV      78 N      16  --  C13 D8 B12 pass

2026-07-17 05:21:45+0100: = G13
2026-07-17 05:21:52+0100: Controller: play W D8
2026-07-17 05:21:52+0100: = 
2026-07-17 05:21:52+0100: Controller: genmove B
2026-07-17 05:21:54+0100: MoveNum: 256 HASH: CF5CFE26494A36790A6B033B5792FD0D
   A B C D E F G H J K L M N
13 O O . O X . X2O . O X O .
12 X . O X X X O O O O X X O
11 O O . O X O O . O O X O .
10 . O O X X O X X X X X X O
 9 O X X X O O O X O . O X O
 8 X . X O3. O X X X X X O .
 7 . X X X O1X X O . X O . O
 6 X O X X . X O X X O . O .
 5 . O X X X O . X . X O X O
 4 O X X X . X X . X . X X X
 3 . O X X X X X X X X X X O
 2 O X . X . O X O X O X O .
 1 . X X X O . O @ O . O . O

koPOSITIONALscoreAREAtaxNONEsui1komi7.5
Time taken: 1.70172
Root visits: 204
New playouts: 193
NN rows: 182
NN batches: 62
NN avg batch size: 2.93548
PV: H1 E8 F13 E6
Tree:
: T 121.10c W 100.00c S  20.95c (+170.8 L +170.6) N     204  --  H1 E8 F13 E6
---Black(^)---
H1  : T 122.32c W 100.00c S  22.04c (+172.0 L +171.6) LCB  119.88c P  4.07% WF 222.2 PSV     430 N      28  --  H1 E8 F13 E6
F13 : T 121.48c W 100.00c S  21.43c (+171.4 L +170.9) LCB  119.07c P 13.22% WF 275.3 PSV     275 N      35  --  F13 pass E8 L6
L6  : T 121.39c W 100.00c S  21.17c (+171.2 L +171.0) LCB  119.20c P  7.71% WF 211.7 PSV     142 N      27  --  L6 pass C13
K1  : T 122.12c W 100.00c S  21.68c (+171.6 L +171.2) LCB  117.60c P  3.84% WF 118.6 PSV     118 N      15  --  K1 E8 F13
N11 : T 121.55c W 100.00c S  21.36c (+171.4 L +171.3) LCB  118.75c P  4.47% WF 165.1 PSV     103 N      21  --  N11 E8 F13
C13 : T 121.24c W 100.00c S  21.11c (+170.9 L +171.0) LCB  118.36c P  6.10% WF 141.3 PSV      96 N      18  --  C13 E8 B12
H11 : T 120.86c W 100.00c S  20.78c (+170.3 L +170.0) LCB  116.56c P  8.00% WF 109.4 PSV      91 N      14  --  H11 F13 L6
E6  : T 120.07c W 100.00c S  20.03c (+169.4 L +168.9) LCB  107.58c P  7.07% WF  54.4 PSV      50 N       7  --  E6 E8 H11 F13
A10 : T 120.85c W 100.00c S  20.65c (+170.1 L +170.1) LCB  106.50c P  3.93% WF  54.8 PSV      44 N       7  --  A10 E8 E6
C11 : T 120.14c W 100.00c S  19.92c (+169.6 L +169.7) LCB  100.66c P  5.28% WF  46.7 PSV      39 N       6  --  C11 E8 E6

2026-07-17 05:21:54+0100: = H1
2026-07-17 05:21:58+0100: Controller: play W F13
2026-07-17 05:21:58+0100: = 
2026-07-17 05:21:58+0100: Controller: genmove B
2026-07-17 05:22:00+0100: MoveNum: 258 HASH: 7D56825658380D723D116B6581AF53A3
   A B C D E F G H J K L M N
13 O O . O X O3. O . O X O .
12 X . O X X X O O O O X X O
11 O O . O X O O . O O X O .
10 @ O O X X O X X X X X X O
 9 O X X X O O O X O . O X O
 8 X . X O1. O X X X X X O .
 7 . X X X O X X O . X O . O
 6 X O X X . X O X X O . O .
 5 . O X X X O . X . X O X O
 4 O X X X . X X . X . X X X
 3 . O X X X X X X X X X X O
 2 O X . X . O X . X O X O .
 1 . X X X O . O X2O . O . O

koPOSITIONALscoreAREAtaxNONEsui1komi7.5
Time taken: 1.22037
Root visits: 206
New playouts: 202
NN rows: 187
NN batches: 63
NN avg batch size: 2.96825
PV: A10 H2 E8
Tree:
: T 121.71c W 100.00c S  21.54c (+171.8 L +171.3) N     206  --  A10 H2 E8
---Black(^)---
A10 : T 122.16c W 100.00c S  22.02c (+172.4 L +172.1) LCB  119.71c P  5.01% WF 157.9 PSV     278 N      20  --  A10 H2 E8
E8  : T 122.07c W 100.00c S  22.10c (+172.7 L +172.1) LCB  118.92c P 10.44% WF 196.5 PSV     196 N      25  --  E8 L6 N6
L6  : T 121.93c W 100.00c S  21.68c (+172.0 L +171.5) LCB  118.73c P  7.77% WF 141.4 PSV     124 N      18  --  L6 pass C13
H11 : T 121.83c W 100.00c S  21.63c (+172.0 L +171.2) LCB  117.63c P  7.18% WF 149.4 PSV     105 N      19  --  H11 E8 G13 H2
K1  : T 121.75c W 100.00c S  21.52c (+171.5 L +171.0) LCB  117.15c P  7.15% WF 102.1 PSV      97 N      13  --  K1 pass G13
C11 : T 121.71c W 100.00c S  21.60c (+171.7 L +171.2) LCB  117.04c P  5.81% WF 102.1 PSV      76 N      13  --  C11 H2 A10
N6  : T 122.96c W 100.00c S  22.64c (+172.2 L +171.4) LCB  113.60c P  2.87% WF  71.5 PSV      72 N       9  --  N6 E8
F1  : T 122.21c W 100.00c S  21.98c (+172.2 L +171.7) LCB  118.57c P  3.15% WF 126.2 PSV      71 N      16  --  F1 pass G13
E6  : T 121.66c W 100.00c S  21.44c (+171.5 L +170.7) LCB  116.73c P  5.66% WF 101.9 PSV      71 N      13  --  E6 E8 G13
N11 : T 122.03c W 100.00c S  21.85c (+172.2 L +171.7) LCB  118.50c P  3.79% WF 133.9 PSV      68 N      17  --  N11 E8 G13

2026-07-17 05:22:00+0100: = A10
2026-07-17 05:22:05+0100: Controller: play W H2
2026-07-17 05:22:05+0100: = 
2026-07-17 05:22:05+0100: Controller: genmove B
2026-07-17 05:22:07+0100: MoveNum: 260 HASH: 8E4C9A5BC7266734DFAA30F6357E92A3
   A B C D E F G H J K L M N
13 O O . O X O1. O . O X O .
12 X . O X X X O O O O X X O
11 O O . O X O O . O O X O @
10 X2O O X X O X X X X X X O
 9 . X X X O O O X O . O X O
 8 X . X O . O X X X X X O .
 7 . X X X O X X O . X O . O
 6 X O X X . X O X X O . O .
 5 . O X X X O . X . X O X O
 4 O X X X . X X . X . X X X
 3 . O X X X X X X X X X X O
 2 O X . X . O X O3X O X O .
 1 . X X X O . O . O . O . O

koPOSITIONALscoreAREAtaxNONEsui1komi7.5
Time taken: 1.89496
Root visits: 206
New playouts: 200
NN rows: 184
NN batches: 63
NN avg batch size: 2.92063
PV: N11 A9 C13
Tree:
: T 121.17c W 100.00c S  20.93c (+172.1 L +171.5) N     206  --  N11 A9 C13
---Black(^)---
N11 : T 121.73c W 100.00c S  21.59c (+172.9 L +172.3) LCB  118.40c P  4.34% WF 165.4 PSV     233 N      21  --  N11 A9 C13
K1  : T 121.27c W 100.00c S  21.10c (+172.4 L +171.9) LCB  118.15c P  7.98% WF 164.9 PSV     165 N      21  --  K1 A9 C13
E8  : T 121.40c W 100.00c S  21.37c (+172.7 L +171.9) LCB  117.19c P  7.74% WF 156.9 PSV     157 N      20  --  E8 L6 A9
N6  : T 122.24c W 100.00c S  21.96c (+173.1 L +172.4) LCB  118.16c P  3.10% WF 126.4 PSV     126 N      16  --  N6 pass L6
C13 : T 121.07c W 100.00c S  20.96c (+172.2 L +171.6) LCB  116.05c P  8.06% WF 109.4 PSV     110 N      14  --  C13 pass E8
G13 : T 121.29c W 100.00c S  21.08c (+171.9 L +171.5) LCB  116.27c P  6.07% WF 109.9 PSV     110 N      14  --  G13 pass F13
H11 : T 121.41c W 100.00c S  21.14c (+172.2 L +171.5) LCB  117.00c P  3.83% WF 117.9 PSV      96 N      15  --  H11 E8 G13
C11 : T 120.68c W 100.00c S  20.73c (+172.2 L +171.7) LCB  115.22c P  8.02% WF 101.3 PSV      94 N      13  --  C11 A9 H1
A9  : T 120.73c W 100.00c S  20.44c (+171.6 L +171.1) LCB  115.24c P  7.01% WF 101.5 PSV      85 N      13  --  A9 pass L6
L6  : T 120.77c W 100.00c S  20.49c (+171.4 L +170.6) LCB  112.39c P  7.01% WF  78.2 PSV      79 N      10  --  L6 pass M7

2026-07-17 05:22:07+0100: = N11
2026-07-17 05:22:12+0100: Controller: play W A9
2026-07-17 05:22:12+0100: = 
2026-07-17 05:22:12+0100: Controller: genmove B
2026-07-17 05:22:13+0100: MoveNum: 262 HASH: 5DED69DA2D04D78B5F93F4C102ACDA32
   A B C D E F G H J K L M N
13 O O . O X O . O . O X O .
12 X . O X X X O O O O X X O
11 O O . O X O O . O O X . X2
10 . O O X X O X X X X X X O
 9 O3X X X O O O X O . O X O
 8 X . X O . O X X X X X O .
 7 . X X X O X X O . X O . O
 6 X O X X . X O X X O . O .
 5 . O X X X O . X . X O X O
 4 O X X X . X X . X . X X X
 3 . O X X X X X X X X X X O
 2 O X . X . O X O1X O X O .
 1 . X X X O . O @ O . O . O

koPOSITIONALscoreAREAtaxNONEsui1komi7.5
Time taken: 1.25926
Root visits: 206
New playouts: 198
NN rows: 156
NN batches: 53
NN avg batch size: 2.9434
PV: H1 E8 G13
Tree:
: T 121.34c W 100.00c S  21.10c (+171.7 L +171.2) N     206  --  H1 E8 G13
---Black(^)---
H1  : T 121.83c W 100.00c S  21.75c (+172.4 L +171.9) LCB  118.98c P  5.76% WF 173.6 PSV     191 N      22  --  H1 E8 G13
N8  : T 121.40c W 100.00c S  21.32c (+172.0 L +171.5) LCB  118.12c P  8.09% WF 165.0 PSV     133 N      21  --  N8 E8 E6 B12
C11 : T 121.34c W 100.00c S  21.19c (+171.9 L +171.5) LCB  118.43c P  8.44% WF 148.8 PSV     131 N      19  --  C11 M11 H1
G13 : T 121.50c W 100.00c S  21.27c (+171.8 L +171.4) LCB  117.68c P  6.59% WF 141.3 PSV     121 N      18  --  G13 pass F13
N6  : T 122.02c W 100.00c S  21.66c (+172.1 L +171.6) LCB  117.11c P  2.85% WF 102.6 PSV     103 N      13  --  N6 M11 N13
L6  : T 121.38c W 100.00c S  21.01c (+171.7 L +171.1) LCB  116.73c P  6.23% WF 109.3 PSV     100 N      14  --  L6 pass C13
K1  : T 121.67c W 100.00c S  21.52c (+172.4 L +172.0) LCB  118.72c P  3.97% WF 172.9 PSV      92 N      22  --  K1 M11 C13 B12
C13 : T 120.95c W 100.00c S  20.98c (+171.6 L +171.5) LCB  114.86c P  7.99% WF  86.0 PSV      87 N      11  --  C13 M11 B12
E8  : T 121.39c W 100.00c S  21.35c (+172.2 L +171.6) LCB  116.07c P  5.01% WF 109.4 PSV      81 N      14  --  E8 A5 N13
B12 : T 121.47c W 100.00c S  21.22c (+171.1 L +170.3) LCB  115.11c P  3.48% WF  86.3 PSV      62 N      11  --  B12 E8

2026-07-17 05:22:13+0100: = H1
2026-07-17 05:22:17+0100: Controller: play W H11
2026-07-17 05:22:17+0100: = 
2026-07-17 05:22:17+0100: Controller: genmove B
2026-07-17 05:22:19+0100: MoveNum: 264 HASH: 3F189BDD11B661D82FEE806126A4F300
   A B C D E F G H J K L M N
13 O O . O X O . O . O X O .
12 X . O X X X O O O O X X O
11 O O . O X O O O3O O X . X
10 . O O X X O X X X X X X O
 9 O1X X X O O O X O . O X O
 8 X . X O . O X X X X X O .
 7 . X X X O X X O . X O . O
 6 X O X X @ X O X X O . O .
 5 . O X X X O . X . X O X O
 4 O X X X . X X . X . X X X
 3 . O X X X X X X X X X X O
 2 O X . X . O X . X O X O .
 1 . X X X O . O X2O . O . O

koPOSITIONALscoreAREAtaxNONEsui1komi7.5
Time taken: 1.81723
Root visits: 205
New playouts: 205
NN rows: 204
NN batches: 70
NN avg batch size: 2.91429
PV: E6 E8 G13
Tree:
: T 117.54c W 100.00c S  17.24c (+171.6 L +170.8) N     205  --  E6 E8 G13
---Black(^)---
E6  : T 118.44c W 100.00c S  18.30c (+172.6 L +171.2) LCB  114.09c P  4.83% WF 140.8 PSV     250 N      18  --  E6 E8 G13
N8  : T 117.80c W 100.00c S  17.53c (+172.1 L +171.2) LCB  113.14c P  5.42% WF 187.2 PSV     187 N      24  --  N8 pass L6
E8  : T 117.77c W 100.00c S  17.29c (+171.7 L +170.7) LCB  113.39c P  7.93% WF 178.7 PSV     179 N      23  --  E8 G13 E6 M11
L6  : T 117.89c W 100.00c S  17.55c (+171.9 L +171.1) LCB  113.73c P  5.29% WF 156.0 PSV     156 N      20  --  L6 pass E8
G13 : T 117.39c W 100.00c S  17.15c (+171.3 L +170.9) LCB  113.38c P  7.80% WF 132.5 PSV     133 N      17  --  G13 M11 F13
A10 : T 117.46c W 100.00c S  17.26c (+171.3 L +171.1) LCB  113.58c P  7.72% WF 117.1 PSV     118 N      15  --  A10 M11 E8
F1  : T 118.02c W 100.00c S  18.01c (+171.9 L +171.1) LCB  113.71c P  3.51% WF 117.7 PSV     118 N      15  --  F1 M11 E8
K1  : T 117.52c W 100.00c S  17.42c (+171.6 L +170.9) LCB  112.56c P  6.12% WF 101.2 PSV     102 N      13  --  K1 M11 C13
N13 : T 117.44c W 100.00c S  17.15c (+171.2 L +170.5) LCB  112.02c P  5.67% WF 101.3 PSV     102 N      13  --  N13 pass E8
A5  : T 119.85c W 100.00c S  19.43c (+173.2 L +171.7) LCB  112.89c P  2.53% WF  95.3 PSV      94 N      12  --  A5 pass E8

2026-07-17 05:22:19+0100: = E6
2026-07-17 05:22:22+0100: Controller: play W H2
2026-07-17 05:22:22+0100: = 
2026-07-17 05:22:22+0100: Controller: genmove B
2026-07-17 05:22:25+0100: MoveNum: 266 HASH: 2A690D236E6CC8190188D3B480848B12
   A B C D E F G H J K L M N
13 O O . O X O @ O . O X O .
12 X . O X X X O O O O X X O
11 O O . O X O O O1O O X . X
10 . O O X X O X X X X X X O
 9 O X X X O O O X O . O X O
 8 X . X O . O X X X X X O .
 7 . X X X O X X O . X O . O
 6 X O X X X2X O X X O . O .
 5 . O X X X O . X . X O X O
 4 O X X X . X X . X . X X X
 3 . O X X X X X X X X X X O
 2 O X . X . O X O3X O X O .
 1 . X X X O . O . O . O . O

koPOSITIONALscoreAREAtaxNONEsui1komi7.5
Time taken: 2.11575
Root visits: 205
New playouts: 204
NN rows: 201
NN batches: 68
NN avg batch size: 2.95588
PV: G13 M11 F13 N11
Tree:
: T 117.86c W 100.00c S  17.71c (+171.7 L +171.0) N     205  --  G13 M11 F13 N11
---Black(^)---
G13 : T 118.04c W 100.00c S  17.73c (+171.7 L +171.2) LCB  115.23c P  7.38% WF 186.8 PSV     261 N      24  --  G13 M11 F13 N11
E8  : T 118.27c W 100.00c S  18.03c (+172.0 L +171.0) LCB  114.43c P 14.85% WF 194.7 PSV     194 N      25  --  E8 H1 K1 M11
N2  : T 119.57c W 100.00c S  19.38c (+172.9 L +171.7) LCB  111.93c P  2.95% WF  86.7 PSV      86 N      11  --  N2 M11 E8
K1  : T 117.73c W 100.00c S  17.83c (+171.8 L +171.3) LCB  113.33c P  7.76% WF 139.8 PSV      70 N      18  --  K1 H1 E8
C11 : T 118.05c W 100.00c S  18.07c (+172.0 L +171.4) LCB  114.14c P  5.82% WF 147.6 PSV      64 N      19  --  C11 M11 E8
A10 : T 117.50c W 100.00c S  17.59c (+171.6 L +171.0) LCB  112.21c P  7.14% WF 108.4 PSV      57 N      14  --  A10 M11 C11
L6  : T 117.86c W 100.00c S  17.81c (+171.6 L +170.9) LCB  113.21c P  5.28% WF 116.9 PSV      52 N      15  --  L6 H1 K1
E2  : T 118.14c W 100.00c S  18.07c (+171.9 L +171.1) LCB  114.50c P  3.95% WF 148.2 PSV      47 N      19  --  E2 M11 E8 N11
C13 : T 117.28c W 100.00c S  17.34c (+171.6 L +171.0) LCB  111.11c P  6.32% WF 100.0 PSV      46 N      13  --  C13 B12 E8
N8  : T 117.52c W 100.00c S  17.48c (+171.5 L +170.9) LCB  111.24c P  5.60% WF 108.9 PSV      45 N      14  --  N8 H1 L6

2026-07-17 05:22:25+0100: = G13
2026-07-17 05:22:29+0100: Controller: play W M11
2026-07-17 05:22:29+0100: = 
2026-07-17 05:22:29+0100: Controller: genmove B
2026-07-17 05:22:30+0100: MoveNum: 268 HASH: B8D89ADF0A2229EB5470244ED5BAAC2D
   A B C D E F G H J K L M N
13 O O . O X @ X2O . O X O .
12 X . O X X X O O O O X X O
11 O O . O X O O O O O X O3.
10 . O O X X O X X X X X X O
 9 O X X X O O O X O . O X O
 8 X . X O . O X X X X X O .
 7 . X X X O X X O . X O . O
 6 X O X X X X O X X O . O .
 5 . O X X X O . X . X O X O
 4 O X X X . X X . X . X X X
 3 . O X X X X X X X X X X O
 2 O X . X . O X O1X O X O .
 1 . X X X O . O . O . O . O

koPOSITIONALscoreAREAtaxNONEsui1komi7.5
Time taken: 1.56088
Root visits: 204
New playouts: 195
NN rows: 189
NN batches: 64
NN avg batch size: 2.95312
PV: F13 N11 L6 pass
Tree:
: T 121.07c W 100.00c S  20.96c (+171.0 L +170.4) N     204  --  F13 N11 L6 pass
---Black(^)---
F13 : T 121.88c W 100.00c S  21.88c (+172.0 L +170.8) LCB  118.98c P 10.92% WF 260.2 PSV     258 N      33  --  F13 N11 L6 pass
E8  : T 120.12c W 100.00c S  19.99c (+170.3 L +170.0) LCB  116.79c P 15.78% WF 123.4 PSV     102 N      16  --  E8 F13 C13
L6  : T 121.17c W 100.00c S  20.91c (+170.8 L +170.3) LCB  118.02c P  8.37% WF 148.7 PSV      96 N      19  --  L6 F13 C13
K9  : T 121.75c W 100.00c S  21.50c (+171.4 L +170.5) LCB  117.76c P  3.75% WF 141.6 PSV      74 N      18  --  K9 E8 J13 N11
B12 : T 122.35c W 100.00c S  21.99c (+171.5 L +170.6) LCB  110.91c P  2.59% WF  63.2 PSV      63 N       8  --  B12 pass
H1  : T 120.65c W 100.00c S  20.61c (+170.7 L +170.2) LCB  113.20c P  7.44% WF  85.4 PSV      62 N      11  --  H1 E8 L6
K1  : T 121.34c W 100.00c S  21.34c (+171.4 L +171.0) LCB  116.86c P  4.56% WF 117.3 PSV      59 N      15  --  K1 E8 H1
C11 : T 121.29c W 100.00c S  21.28c (+171.3 L +170.8) LCB  116.34c P  4.36% WF 101.7 PSV      54 N      13  --  C11 N11 E8
C13 : T 120.91c W 100.00c S  21.03c (+170.8 L +170.3) LCB  113.25c P  5.53% WF  78.2 PSV      53 N      10  --  C13 F13 B12
N6  : T 121.35c W 100.00c S  21.16c (+171.0 L +170.6) LCB  113.52c P  3.64% WF  78.3 PSV      47 N      10  --  N6 F13 N11

2026-07-17 05:22:30+0100: = F13
2026-07-17 05:22:35+0100: Controller: play W A5
2026-07-17 05:22:35+0100: = 
2026-07-17 05:22:35+0100: Controller: genmove B
2026-07-17 05:22:36+0100: MoveNum: 270 HASH: EEB6D606B2FA6BA12E07E1479DDC841E
   A B C D E F G H J K L M N
13 O O . O X X2X O . O X O .
12 X . O X X X O O O O X X O
11 O O . O X O O O O O X O1.
10 . O O X X O X X X X X X O
 9 O X X X O O O X O . O X O
 8 X . X O . O X X X X X O .
 7 . X X X O X X O . X O . O
 6 X O X X X X O X X O @ O .
 5 O3O X X X O . X . X O X O
 4 O X X X . X X . X . X X X
 3 . O X X X X X X X X X X O
 2 O X . X . O X O X O X O .
 1 . X X X O . O . O . O . O

koPOSITIONALscoreAREAtaxNONEsui1komi7.5
Time taken: 1.6956
Root visits: 206
New playouts: 205
NN rows: 205
NN batches: 69
NN avg batch size: 2.97101
PV: L6 A3 A1 pass
Tree:
: T 118.18c W 100.00c S  18.11c (+171.5 L +170.6) N     206  --  L6 A3 A1 pass
---Black(^)---
L6  : T 118.65c W 100.00c S  18.50c (+171.9 L +171.3) LCB  116.07c P  7.61% WF 242.1 PSV     285 N      31  --  L6 A3 A1 pass
A3  : T 118.35c W 100.00c S  18.27c (+171.7 L +170.7) LCB  114.06c P  7.92% WF 186.7 PSV     158 N      24  --  A3 L6 E8 N11
K1  : T 119.93c W 100.00c S  19.73c (+172.9 L +171.8) LCB  115.47c P  3.71% WF 142.1 PSV     141 N      18  --  K1 A7 A10 K2
K9  : T 118.80c W 100.00c S  18.75c (+172.2 L +171.0) LCB  114.80c P  2.92% WF 163.8 PSV     130 N      21  --  K9 A7 A10 A6
H1  : T 119.35c W 100.00c S  19.23c (+172.6 L +171.3) LCB  113.81c P  3.79% WF 117.4 PSV     117 N      15  --  H1 A7 A10
E8  : T 116.75c W 100.00c S  16.78c (+170.5 L +169.4) LCB  112.98c P 16.61% WF 113.6 PSV     112 N      15  --  E8 A7 A10
N13 : T 118.40c W 100.00c S  18.28c (+171.6 L +170.9) LCB  113.60c P  4.89% WF 108.8 PSV     104 N      14  --  N13 A3 N11
A7  : T 118.43c W 100.00c S  18.29c (+171.4 L +170.2) LCB  112.74c P  4.50% WF 100.8 PSV      99 N      13  --  A7 pass E8
N11 : T 117.73c W 100.00c S  17.83c (+171.2 L +170.4) LCB  112.97c P  7.29% WF 139.0 PSV      83 N      18  --  N11 A7 A10 M11
A10 : T 119.02c W 100.00c S  18.74c (+171.6 L +170.5) LCB  103.96c P  5.24% WF  54.8 PSV      55 N       7  --  A10 A7

2026-07-17 05:22:36+0100: = L6
2026-07-17 05:22:41+0100: Controller: play W A7
2026-07-17 05:22:41+0100: = 
2026-07-17 05:22:41+0100: Controller: genmove B
2026-07-17 05:22:42+0100: MoveNum: 272 HASH: E5849A3F37767D9996756BA2143F743C
   A B C D E F G H J K L M N
13 O O . O X X X O . O X O .
12 X . O X X X O O O O X X O
11 O O . O X O O O O O X O .
10 @ O O X X O X X X X X X O
 9 O X X X O O O X O . O X O
 8 X . X O . O X X X X X O .
 7 O3X X X O X X O . X O . O
 6 . O X X X X O X X . X2O .
 5 O1O X X X O . X . X . X O
 4 O X X X . X X . X . X X X
 3 . O X X X X X X X X X X O
 2 O X . X . O X O X O X O .
 1 . X X X O . O . O . O . O

koPOSITIONALscoreAREAtaxNONEsui1komi7.5
Time taken: 1.41306
Root visits: 206
New playouts: 201
NN rows: 198
NN batches: 67
NN avg batch size: 2.95522
PV: A10 A6 A9 pass
Tree:
: T 120.65c W 100.00c S  20.61c (+170.7 L +170.0) N     206  --  A10 A6 A9 pass
---Black(^)---
A10 : T 121.66c W 100.00c S  21.60c (+171.8 L +171.6) LCB  120.20c P  9.43% WF 275.6 PSV     315 N      35  --  A10 A6 A9 pass
B8  : T 121.35c W 100.00c S  21.09c (+171.3 L +170.4) LCB  118.70c P  8.58% WF 250.6 PSV     159 N      32  --  B8 pass E8
A3  : T 121.25c W 100.00c S  21.28c (+171.3 L +170.3) LCB  117.80c P  7.69% WF 226.9 PSV     128 N      29  --  A3 B8 A6 A8
M7  : T 120.97c W 100.00c S  20.93c (+170.9 L +170.3) LCB  118.58c P  5.94% WF 179.5 PSV      76 N      23  --  M7 B8 E8 A8
K1  : T 121.45c W 100.00c S  21.33c (+171.0 L +169.9) LCB  118.91c P  3.19% WF 196.0 PSV      67 N      25  --  K1 B8 H1 A8
E8  : T 118.78c W 100.00c S  18.45c (+168.7 L +168.0) LCB  109.70c P 12.47% WF  68.4 PSV      58 N       9  --  E8 B8 A1
H1  : T 121.27c W 100.00c S  21.20c (+171.0 L +170.0) LCB  118.20c P  3.30% WF 156.5 PSV      56 N      20  --  H1 B8 K1 A8
A1  : T 120.74c W 100.00c S  20.61c (+170.7 L +169.5) LCB  100.74c P  4.44% WF  46.6 PSV      47 N       6  --  A1 B8 E8
C13 : T 118.26c W 100.00c S  18.47c (+168.5 L +168.8) LCB   75.05c P  6.10% WF  30.8 PSV      24 N       4  --  C13 B8 B12
N11 : T 115.82c W 100.00c S  17.07c (+167.5 L +167.7) LCB  -33.18c P  5.39% WF  15.1 PSV      13 N       2  --  N11 B8

2026-07-17 05:22:42+0100: = A10
2026-07-17 05:22:46+0100: Controller: play W A1
2026-07-17 05:22:46+0100: = 
2026-07-17 05:22:46+0100: Controller: genmove B
2026-07-17 05:22:48+0100: MoveNum: 274 HASH: 7D9155D7BF1A5F6B982AC6B5034790B9
   A B C D E F G H J K L M N
13 O O . O X X X O . O X O .
12 X . O X X X O O O O X X O
11 O O . O X O O O O O X O .
10 X2O O X X O X X X X X X O
 9 . X X X O O O X O . O X O
 8 X . X O . O X X X X X O .
 7 O1X X X O X X O . X O . O
 6 . O X X X X O X X . X O .
 5 O O X X X O . X . X . X O
 4 O X X X . X X . X . X X X
 3 . O X X X X X X X X X X O
 2 O X . X . O X O X O X O .
 1 O3X X X O . O . O @ O . O

koPOSITIONALscoreAREAtaxNONEsui1komi7.5
Time taken: 1.99569
Root visits: 206
New playouts: 206
NN rows: 201
NN batches: 69
NN avg batch size: 2.91304
PV: K1 A9 A6
Tree:
: T 119.45c W 100.00c S  19.37c (+172.4 L +171.4) N     206  --  K1 A9 A6
---Black(^)---
K1  : T 120.76c W 100.00c S  20.72c (+173.6 L +172.4) LCB  116.42c P  3.59% WF 134.1 PSV     222 N      17  --  K1 A9 A6
A9  : T 119.40c W 100.00c S  19.58c (+172.7 L +171.9) LCB  116.14c P 10.13% WF 194.4 PSV     195 N      25  --  A9 B12 E8 A3
A6  : T 119.63c W 100.00c S  19.60c (+172.5 L +171.7) LCB  116.17c P  6.52% WF 148.4 PSV     149 N      19  --  A6 A3 E8
M7  : T 119.93c W 100.00c S  19.82c (+172.8 L +171.7) LCB  115.54c P  4.68% WF 148.3 PSV     148 N      19  --  M7 A9 A6
N11 : T 119.76c W 100.00c S  19.66c (+172.7 L +171.8) LCB  115.14c P  4.16% WF 124.6 PSV     125 N      16  --  N11 A9 A6
A3  : T 118.97c W 100.00c S  18.75c (+171.8 L +170.9) LCB  114.42c P  9.67% WF 115.9 PSV     117 N      15  --  A3 E8 A6
H1  : T 121.05c W 100.00c S  20.95c (+173.8 L +172.2) LCB  115.43c P  3.73% WF 102.6 PSV     102 N      13  --  H1 A9 A6
N6  : T 119.68c W 100.00c S  19.48c (+172.4 L +171.3) LCB  114.04c P  3.27% WF 101.0 PSV      95 N      13  --  N6 A9 M7
N13 : T 119.64c W 100.00c S  19.45c (+172.4 L +171.5) LCB  113.68c P  3.16% WF  93.3 PSV      85 N      12  --  N13 A9 A6
C11 : T 118.86c W 100.00c S  19.11c (+172.0 L +171.5) LCB  111.44c P  7.34% WF  77.4 PSV      78 N      10  --  C11 A9 A6

2026-07-17 05:22:48+0100: = K1
2026-07-17 05:22:53+0100: Controller: play W A9
2026-07-17 05:22:53+0100: = 
2026-07-17 05:22:53+0100: Controller: genmove B
2026-07-17 05:22:55+0100: MoveNum: 276 HASH: 573993ECE478EDB1214012005C0838CC
   A B C D E F G H J K L M N
13 O O . O X X X O . O X O .
12 X . O X X X O O O O X X O
11 O O . O X O O O O O X O .
10 . O O X X O X X X X X X O
 9 O3X X X O O O X O . O X O
 8 X . X O . O X X X X X O .
 7 O X X X O X X O . X O . O
 6 @ O X X X X O X X . X O .
 5 O O X X X O . X . X . X O
 4 O X X X . X X . X . X X X
 3 . O X X X X X X X X X X O
 2 O X . X . O X O X . X O .
 1 O1X X X O . O . O X2O . O

koPOSITIONALscoreAREAtaxNONEsui1komi7.5
Time taken: 1.58767
Root visits: 206
New playouts: 202
NN rows: 197
NN batches: 66
NN avg batch size: 2.98485
PV: A6 E8 J13 A7
Tree:
: T 120.22c W 100.00c S  20.20c (+170.7 L +170.2) N     206  --  A6 E8 J13 A7
---Black(^)---
A6  : T 121.22c W 100.00c S  21.19c (+171.7 L +171.2) LCB  118.77c P  9.68% WF 267.9 PSV     266 N      34  --  A6 E8 J13 A7
A3  : T 120.73c W 100.00c S  20.48c (+171.1 L +170.5) LCB  117.93c P  9.06% WF 226.7 PSV     134 N      29  --  A3 pass E8 B8
B8  : T 120.66c W 100.00c S  20.44c (+171.1 L +170.6) LCB  117.99c P  8.18% WF 265.2 PSV     114 N      34  --  B8 K2 E8 K1
E8  : T 119.61c W 100.00c S  19.38c (+169.8 L +168.8) LCB  116.99c P 14.64% WF 146.2 PSV     106 N      19  --  E8 B8 J13 A8
H1  : T 120.22c W 100.00c S  20.64c (+170.7 L +170.1) LCB  117.38c P  6.13% WF 140.3 PSV      61 N      18  --  H1 B8 C13 B12
M1  : T 120.88c W 100.00c S  21.16c (+171.3 L +170.7) LCB  118.39c P  3.24% WF 196.3 PSV      55 N      25  --  M1 B8 A3 A8
C13 : T 119.60c W 100.00c S  19.79c (+170.2 L +170.1) LCB  113.67c P  6.96% WF  93.0 PSV      50 N      12  --  C13 B12 A10
K9  : T 122.46c W 100.00c S  22.00c (+171.8 L +170.6) LCB  102.65c P  2.62% WF  47.3 PSV      47 N       6  --  K9 B8
C11 : T 119.34c W 100.00c S  19.45c (+169.7 L +169.9) LCB  104.83c P  6.32% WF  54.2 PSV      40 N       7  --  C11 B8 E8
B12 : T 117.50c W 100.00c S  16.78c (+167.5 L +167.5) LCB  -31.50c P  3.48% WF  15.2 PSV      12 N       2  --  B12 B8

2026-07-17 05:22:55+0100: = A6
2026-07-17 05:22:59+0100: Controller: play W K2
2026-07-17 05:22:59+0100: = 
2026-07-17 05:22:59+0100: Controller: genmove B
2026-07-17 05:23:00+0100: MoveNum: 278 HASH: 01E055988F80F02C7086E96731199E84
   A B C D E F G H J K L M N
13 O O . O X X X O . O X O .
12 X . O X X X O O O O X X O
11 O O . O X O O O O O X O .
10 @ O O X X O X X X X X X O
 9 O1X X X O O O X O . O X O
 8 X . X O . O X X X X X O .
 7 . X X X O X X O . X O . O
 6 X2O X X X X O X X . X O .
 5 O O X X X O . X . X . X O
 4 O X X X . X X . X . X X X
 3 . O X X X X X X X X X X O
 2 O X . X . O X O X O3X O .
 1 O X X X O . O . O . O . O

koPOSITIONALscoreAREAtaxNONEsui1komi7.5
Time taken: 1.59899
Root visits: 206
New playouts: 201
NN rows: 182
NN batches: 61
NN avg batch size: 2.98361
PV: A10 E8 J13 K1
Tree:
: T 120.75c W 100.00c S  20.57c (+171.7 L +171.0) N     206  --  A10 E8 J13 K1
---Black(^)---
A10 : T 120.86c W 100.00c S  20.83c (+172.1 L +171.4) LCB  118.14c P  7.52% WF 218.5 PSV     286 N      28  --  A10 E8 J13 K1
A3  : T 120.54c W 100.00c S  20.40c (+171.6 L +171.1) LCB  117.15c P 10.34% WF 195.1 PSV     192 N      25  --  A3 pass E8 pass
H1  : T 120.59c W 100.00c S  20.36c (+171.7 L +171.2) LCB  117.23c P  8.10% WF 171.0 PSV     157 N      22  --  H1 A7 A10 B12
N2  : T 120.75c W 100.00c S  20.65c (+171.7 L +171.1) LCB  117.17c P  5.04% WF 140.4 PSV     122 N      18  --  N2 A7 A10 A3
N6  : T 122.28c W 100.00c S  22.05c (+173.1 L +172.0) LCB  117.59c P  2.92% WF 118.8 PSV     118 N      15  --  N6 A7 A10
A7  : T 120.56c W 100.00c S  20.59c (+171.5 L +171.1) LCB  116.55c P  5.69% WF 109.1 PSV     107 N      14  --  A7 K1 H1
G5  : T 121.96c W 100.00c S  21.68c (+172.6 L +171.1) LCB  116.45c P  3.43% WF 102.6 PSV     102 N      13  --  G5 A7 A10
B8  : T 122.25c W 100.00c S  22.09c (+172.7 L +171.3) LCB  116.61c P  2.25% WF  95.1 PSV      95 N      12  --  B8 A7 E8
C11 : T 120.31c W 100.00c S  20.17c (+171.4 L +170.9) LCB  114.14c P  6.18% WF  93.1 PSV      90 N      12  --  C11 A7 A10
E8  : T 119.04c W 100.00c S  18.97c (+170.2 L +169.1) LCB  111.52c P 12.43% WF  76.5 PSV      78 N      10  --  E8 A7 A10

2026-07-17 05:23:00+0100: = A10
2026-07-17 05:23:04+0100: Controller: play W B12
2026-07-17 05:23:04+0100: = 
2026-07-17 05:23:04+0100: Controller: genmove B
2026-07-17 05:23:06+0100: MoveNum: 280 HASH: FF19499A8114D4E21BB3F7D5A216D2AD
   A B C D E F G H J K L M N
13 O O . O X X X O . O X O .
12 . O3O X X X O O O O X X O
11 O O . O X O O O O O X O .
10 X2O O X X O X X X X X X O
 9 . X X X O O O X O . O X O
 8 X . X O . O X X X X X O .
 7 . X X X O X X O . X O . O
 6 X O X X X X O X X . X O .
 5 O O X X X O . X . X . X O
 4 O X X X . X X . X . X X X
 3 @ O X X X X X X X X X X O
 2 O X . X . O X O X O1X O .
 1 O X X X O . O . O . O . O

koPOSITIONALscoreAREAtaxNONEsui1komi7.5
Time taken: 1.79254
Root visits: 206
New playouts: 205
NN rows: 194
NN batches: 66
NN avg batch size: 2.93939
PV: A3 K1 E8 H1
Tree:
: T 116.61c W 100.00c S  16.42c (+171.3 L +170.7) N     206  --  A3 K1 E8 H1
---Black(^)---
A3  : T 117.43c W 100.00c S  17.23c (+172.1 L +171.5) LCB  115.49c P  7.92% WF 265.7 PSV     444 N      34  --  A3 K1 E8 H1
A9  : T 116.93c W 100.00c S  16.78c (+171.7 L +171.2) LCB  114.70c P 11.80% WF 279.0 PSV     278 N      36  --  A9 A7 K1 A3
C11 : T 116.45c W 100.00c S  16.38c (+171.4 L +171.0) LCB  113.73c P  9.98% WF 161.8 PSV     135 N      21  --  C11 A7 A9
K1  : T 116.52c W 100.00c S  16.29c (+171.2 L +170.6) LCB  111.19c P  7.29% WF 100.4 PSV     101 N      13  --  K1 A7 A9
N6  : T 117.06c W 100.00c S  16.76c (+171.5 L +170.8) LCB  112.61c P  2.75% WF 116.5 PSV      81 N      15  --  N6 A7 M7
E8  : T 115.01c W 100.00c S  14.82c (+170.1 L +169.1) LCB  110.30c P 13.12% WF  97.7 PSV      78 N      13  --  E8 A3 J13
H1  : T 116.60c W 100.00c S  16.33c (+171.1 L +170.3) LCB  108.60c P  5.58% WF  77.3 PSV      78 N      10  --  H1 A7 A9
A7  : T 116.86c W 100.00c S  16.68c (+171.3 L +170.3) LCB  110.18c P  3.55% WF  84.7 PSV      75 N      11  --  A7 E8
G5  : T 116.90c W 100.00c S  16.75c (+171.6 L +170.7) LCB  112.30c P  2.90% WF 116.3 PSV      65 N      15  --  G5 A3 A9
C13 : T 115.49c W 100.00c S  15.30c (+170.4 L +169.8) LCB  103.93c P  8.21% WF  61.1 PSV      60 N       8  --  C13 A9 E8

2026-07-17 05:23:06+0100: = A3
2026-07-17 05:23:11+0100: Controller: play W A9
2026-07-17 05:23:11+0100: = 
2026-07-17 05:23:11+0100: Controller: genmove B
2026-07-17 05:23:13+0100: MoveNum: 282 HASH: 6300CD6BC0840B60FE814E02E44A83E6
   A B C D E F G H J K L M N
13 O O @ O X X X O . O X O .
12 . O1O X X X O O O O X X O
11 O O . O X O O O O O X O .
10 . O O X X O X X X X X X O
 9 O3X X X O O O X O . O X O
 8 X . X O . O X X X X X O .
 7 . X X X O X X O . X O . O
 6 X . X X X X O X X . X O .
 5 . . X X X O . X . X . X O
 4 . X X X . X X . X . X X X
 3 X2. X X X X X X X X X X O
 2 . X . X . O X O X O X O .
 1 . X X X O . O . O . O . O

koPOSITIONALscoreAREAtaxNONEsui1komi7.5
Time taken: 1.93167
Root visits: 206
New playouts: 202
NN rows: 202
NN batches: 68
NN avg batch size: 2.97059
PV: C13 C11 D13 pass
Tree:
: T 120.96c W 100.00c S  20.91c (+171.3 L +170.5) N     206  --  C13 C11 D13 pass
---Black(^)---
C13 : T 122.04c W 100.00c S  21.78c (+172.1 L +171.2) LCB  119.42c P  8.74% WF 229.4 PSV     227 N      29  --  C13 C11 D13 pass
K1  : T 121.20c W 100.00c S  21.25c (+171.7 L +170.9) LCB  118.31c P  9.10% WF 164.9 PSV      98 N      21  --  K1 A10 E8 C13
H1  : T 121.10c W 100.00c S  21.21c (+171.5 L +170.6) LCB  118.27c P  7.90% WF 156.9 PSV      79 N      20  --  H1 A10 K1 pass
C11 : T 120.94c W 100.00c S  20.88c (+171.2 L +170.7) LCB  117.58c P  8.45% WF 140.5 PSV      77 N      18  --  C11 A10 E8 pass
M7  : T 121.51c W 100.00c S  21.49c (+171.6 L +170.9) LCB  118.93c P  4.57% WF 157.8 PSV      62 N      20  --  M7 A10 E8 C13
E8  : T 118.43c W 100.00c S  18.62c (+169.3 L +168.4) LCB  109.44c P 14.30% WF  68.7 PSV      52 N       9  --  E8 C13 C11
N2  : T 121.18c W 100.00c S  21.27c (+171.5 L +170.9) LCB  118.26c P  4.44% WF 141.3 PSV      47 N      18  --  N2 A10 E8 C13
N11 : T 121.13c W 100.00c S  21.08c (+171.4 L +170.6) LCB  115.18c P  4.58% WF  94.0 PSV      47 N      12  --  N11 A10 N8
N6  : T 121.28c W 100.00c S  21.13c (+171.3 L +170.6) LCB  113.74c P  3.22% WF  78.6 PSV      36 N      10  --  N6 A10 M7
N13 : T 121.11c W 100.00c S  20.99c (+171.3 L +170.6) LCB  109.90c P  3.41% WF  62.7 PSV      34 N       8  --  N13 A10 E8

2026-07-17 05:23:13+0100: = C13
2026-07-17 05:23:19+0100: Controller: play W A5
2026-07-17 05:23:19+0100: = 
2026-07-17 05:23:19+0100: Controller: genmove B
2026-07-17 05:23:20+0100: MoveNum: 284 HASH: 37B50BF13CCD4D58BC0F20F7E542CB26
   A B C D E F G H J K L M N
13 O O X2. X X X O . O X O .
12 . O O X X X O O O O X X O
11 O O . O X O O O O O X O .
10 . O O X X O X X X X X X O
 9 O1X X X O O O X O . O X O
 8 X . X O . O X X X X X O .
 7 . X X X O X X O . X O . O
 6 X . X X X X O X X . X O .
 5 O3. X X X O . X . X . X O
 4 @ X X X . X X . X . X X X
 3 X . X X X X X X X X X X O
 2 . X . X . O X O X O X O .
 1 . X X X O . O . O . O . O

koPOSITIONALscoreAREAtaxNONEsui1komi7.5
Time taken: 1.67352
Root visits: 206
New playouts: 206
NN rows: 206
NN batches: 70
NN avg batch size: 2.94286
PV: A4 A10 D13 pass
Tree:
: T 121.24c W 100.00c S  21.00c (+172.6 L +171.5) N     206  --  A4 A10 D13 pass
---Black(^)---
A4  : T 122.52c W 100.00c S  22.03c (+173.3 L +172.2) LCB  118.75c P  4.23% WF 126.8 PSV     219 N      16  --  A4 A10 D13 pass
D13 : T 121.34c W 100.00c S  21.30c (+172.9 L +171.8) LCB  118.62c P  8.72% WF 204.4 PSV     204 N      26  --  D13 A10 C11 B6
N11 : T 121.66c W 100.00c S  21.49c (+173.1 L +172.1) LCB  118.28c P  4.07% WF 181.0 PSV     179 N      23  --  N11 A10 E8 pass
H1  : T 121.75c W 100.00c S  21.41c (+173.0 L +172.1) LCB  118.45c P  4.03% WF 165.4 PSV     165 N      21  --  H1 A10 D13 H2
A10 : T 120.89c W 100.00c S  20.83c (+172.4 L +171.6) LCB  117.23c P  9.07% WF 132.7 PSV     128 N      17  --  A10 E8 C11
M7  : T 121.94c W 100.00c S  21.72c (+173.1 L +171.6) LCB  116.69c P  3.90% WF 118.4 PSV     118 N      15  --  M7 E8 N8
N6  : T 121.57c W 100.00c S  21.32c (+172.7 L +171.8) LCB  117.27c P  2.98% WF 117.9 PSV     106 N      15  --  N6 D13 A10
C11 : T 120.48c W 100.00c S  20.46c (+172.1 L +171.5) LCB  114.23c P  7.35% WF  93.4 PSV      76 N      12  --  C11 E8 A10
B5  : T 120.88c W 100.00c S  20.62c (+172.0 L +171.3) LCB  114.36c P  5.17% WF  85.7 PSV      72 N      11  --  B5 A10 E8
K1  : T 123.34c W 100.00c S  22.86c (+173.8 L +172.1) LCB  114.30c P  3.86% WF  71.8 PSV      71 N       9  --  K1 D13

2026-07-17 05:23:20+0100: = A4
2026-07-17 05:23:26+0100: Controller: play W B6
2026-07-17 05:23:26+0100: = 
2026-07-17 05:23:26+0100: Controller: genmove B
2026-07-17 05:23:28+0100: MoveNum: 286 HASH: 028D262F685DA22CB3989D8C91A7763F
   A B C D E F G H J K L M N
13 O O X . X X X O . O X O .
12 . O O X X X O O O O X X O
11 O O . O X O O O O O X O .
10 . O O X X O X X X X X X O
 9 O X X X O O O X O . O X O
 8 X . X O . O X X X X X O .
 7 @ X X X O X X O . X O . O
 6 X O3X X X X O X X . X O .
 5 O1. X X X O . X . X . X O
 4 X2X X X . X X . X . X X X
 3 X . X X X X X X X X X X O
 2 . X . X . O X O X O X O .
 1 . X X X O . O . O . O . O

koPOSITIONALscoreAREAtaxNONEsui1komi7.5
Time taken: 1.88732
Root visits: 206
New playouts: 205
NN rows: 206
NN batches: 70
NN avg batch size: 2.94286
PV: A7 pass D13
Tree:
: T 119.06c W 100.00c S  18.80c (+171.5 L +170.5) N     206  --  A7 pass D13
---Black(^)---
A7  : T 119.66c W 100.00c S  19.30c (+172.1 L +171.4) LCB  116.47c P  6.56% WF 241.9 PSV     293 N      31  --  A7 pass D13
D13 : T 119.97c W 100.00c S  19.89c (+172.3 L +170.7) LCB  116.13c P  6.63% WF 235.3 PSV     234 N      30  --  D13 A7 B8 pass
B5  : T 119.35c W 100.00c S  19.07c (+171.8 L +171.1) LCB  115.59c P 10.49% WF 210.6 PSV     211 N      27  --  B5 E8 D13 C11
A10 : T 119.01c W 100.00c S  18.46c (+171.0 L +170.4) LCB  115.46c P  7.80% WF 132.0 PSV     117 N      17  --  A10 A7 A9 D13
M7  : T 119.55c W 100.00c S  19.41c (+171.9 L +170.8) LCB  113.65c P  4.04% WF 117.1 PSV     117 N      15  --  M7 A7 A10
E2  : T 119.64c W 100.00c S  19.40c (+172.0 L +170.8) LCB  115.15c P  2.91% WF 148.4 PSV     101 N      19  --  E2 A7 A10
E8  : T 117.59c W 100.00c S  17.56c (+170.5 L +169.4) LCB  111.72c P 12.95% WF  91.5 PSV      85 N      12  --  E8 A7 A10
K9  : T 119.44c W 100.00c S  19.03c (+171.6 L +170.3) LCB  111.80c P  3.31% WF  85.6 PSV      82 N      11  --  K9 A7 A10
G5  : T 120.18c W 100.00c S  19.54c (+171.8 L +170.4) LCB  100.40c P  3.73% WF  47.0 PSV      47 N       6  --  G5 A7
K1  : T 118.49c W 100.00c S  18.49c (+171.3 L +170.0) LCB   88.90c P  3.97% WF  38.6 PSV      39 N       5  --  K1 A7 E8

2026-07-17 05:23:28+0100: = A7
2026-07-17 05:23:32+0100: Controller: play W D13
2026-07-17 05:23:32+0100: = 
2026-07-17 05:23:32+0100: Controller: genmove B
2026-07-17 05:23:34+0100: MoveNum: 288 HASH: 3B2A0AA14E324C719BFD66B25F2256D3
   A B C D E F G H J K L M N
13 O O . O3X X X O . O X O .
12 . O O X X X O O O O X X O
11 O O @ O X O O O O O X O .
10 . O O X X O X X X X X X O
 9 O X X X O O O X O . O X O
 8 X . X O . O X X X X X O .
 7 X2X X X O X X O . X O . O
 6 X O1X X X X O X X . X O .
 5 O . X X X O . X . X . X O
 4 X X X X . X X . X . X X X
 3 X . X X X X X X X X X X O
 2 . X . X . O X O X O X O .
 1 . X X X O . O . O . O . O

koPOSITIONALscoreAREAtaxNONEsui1komi7.5
Time taken: 1.6183
Root visits: 206
New playouts: 205
NN rows: 205
NN batches: 69
NN avg batch size: 2.97101
PV: C11 C13 D11 E8
Tree:
: T 117.70c W 100.00c S  17.67c (+171.0 L +170.4) N     206  --  C11 C13 D11 E8
---Black(^)---
C11 : T 118.35c W 100.00c S  18.33c (+171.5 L +171.0) LCB  115.33c P 10.45% WF 226.2 PSV     225 N      29  --  C11 C13 D11 E8
A10 : T 118.20c W 100.00c S  18.21c (+171.5 L +171.2) LCB  115.24c P  8.73% WF 210.2 PSV     156 N      27  --  A10 E8 J13 C13
M7  : T 118.30c W 100.00c S  18.36c (+171.5 L +170.8) LCB  115.29c P  5.59% WF 187.8 PSV     114 N      24  --  M7 C13 N8 N11
N11 : T 118.08c W 100.00c S  17.89c (+171.2 L +170.7) LCB  113.36c P  5.89% WF 124.0 PSV      93 N      16  --  N11 E8 C13
N2  : T 118.48c W 100.00c S  18.56c (+171.6 L +170.9) LCB  115.05c P  3.49% WF 164.6 PSV      92 N      21  --  N2 C13 M1 C11
H1  : T 118.14c W 100.00c S  18.21c (+171.5 L +171.0) LCB  112.17c P  5.16% WF 101.3 PSV      87 N      13  --  H1 C13 K1
E8  : T 115.89c W 100.00c S  15.80c (+169.4 L +168.6) LCB  109.35c P 16.14% WF  83.3 PSV      80 N      11  --  E8 C13 J13
K1  : T 117.91c W 100.00c S  17.99c (+171.2 L +170.6) LCB  113.48c P  4.81% WF 108.8 PSV      65 N      14  --  K1 C13 H1
N6  : T 117.83c W 100.00c S  17.65c (+170.9 L +170.1) LCB  110.19c P  4.09% WF  85.4 PSV      51 N      11  --  N6 E8 J13
K9  : T 117.67c W 100.00c S  17.57c (+170.5 L +169.9) LCB  103.13c P  4.15% WF  54.5 PSV      46 N       7  --  K9 C13

2026-07-17 05:23:34+0100: = C11
2026-07-17 05:23:37+0100: Controller: play W A2
2026-07-17 05:23:37+0100: = 
2026-07-17 05:23:37+0100: Controller: genmove B
2026-07-17 05:23:39+0100: MoveNum: 290 HASH: E308A6C04F8266F2C441AB0A72E75D20
   A B C D E F G H J K L M N
13 O O . O1X X X O . O X O .
12 . O O X X X O O O O X X O
11 O O X2. X O O O O O X O .
10 @ O O X X O X X X X X X O
 9 O X X X O O O X O . O X O
 8 X . X O . O X X X X X O .
 7 X X X X O X X O . X O . O
 6 X O X X X X O X X . X O .
 5 O . X X X O . X . X . X O
 4 X X X X . X X . X . X X X
 3 X . X X X X X X X X X X O
 2 O3X . X . O X O X O X O .
 1 . X X X O . O . O . O . O

koPOSITIONALscoreAREAtaxNONEsui1komi7.5
Time taken: 1.07231
Root visits: 206
New playouts: 206
NN rows: 205
NN batches: 69
NN avg batch size: 2.97101
PV: A10 E8 C13
Tree:
: T 118.28c W 100.00c S  18.24c (+172.1 L +171.4) N     206  --  A10 E8 C13
---Black(^)---
A10 : T 118.59c W 100.00c S  18.59c (+172.3 L +172.1) LCB  115.69c P  8.69% WF 163.5 PSV     210 N      21  --  A10 E8 C13
N11 : T 118.92c W 100.00c S  18.90c (+172.7 L +172.1) LCB  114.89c P  4.54% WF 163.9 PSV     138 N      21  --  N11 C13 D11
M7  : T 118.93c W 100.00c S  18.89c (+172.7 L +172.1) LCB  114.58c P  4.46% WF 156.4 PSV     138 N      20  --  M7 C13 A10
D11 : T 118.10c W 100.00c S  18.16c (+172.0 L +171.2) LCB  113.68c P  9.89% WF 123.9 PSV     118 N      16  --  D11 C13 E8
C13 : T 118.19c W 100.00c S  18.11c (+171.8 L +171.4) LCB  113.82c P  9.10% WF 116.4 PSV     117 N      15  --  C13 E8 D13
H1  : T 118.76c W 100.00c S  18.95c (+172.7 L +171.9) LCB  113.94c P  4.71% WF 140.5 PSV     111 N      18  --  H1 C13 E8 A10
K1  : T 118.71c W 100.00c S  18.71c (+172.6 L +171.9) LCB  114.08c P  4.45% WF 155.8 PSV      97 N      20  --  K1 C13 E8 A10
E8  : T 116.35c W 100.00c S  16.36c (+170.5 L +169.8) LCB  110.03c P 15.54% WF  83.0 PSV      81 N      11  --  E8 C13 D11
E2  : T 118.93c W 100.00c S  19.02c (+172.6 L +171.6) LCB  110.71c P  3.30% WF  77.9 PSV      78 N      10  --  E2 C13 E8
G5  : T 118.68c W 100.00c S  18.54c (+172.2 L +171.2) LCB  109.41c P  4.31% WF  70.0 PSV      70 N       9  --  G5 C13 E8

2026-07-17 05:23:39+0100: = A10
2026-07-17 05:23:44+0100: Controller: play W D11
2026-07-17 05:23:44+0100: = 
2026-07-17 05:23:44+0100: Controller: genmove B
2026-07-17 05:23:46+0100: MoveNum: 292 HASH: 1B1269BFC750B10B68C139F28C8B5D15
   A B C D E F G H J K L M N
13 O O @ O X X X O . O X O .
12 . O O X X X O O O O X X O
11 O O . O3X O O O O O X O .
10 X2O O X X O X X X X X X O
 9 . X X X O O O X O . O X O
 8 X . X O . O X X X X X O .
 7 X X X X O X X O . X O . O
 6 X O X X X X O X X . X O .
 5 O . X X X O . X . X . X O
 4 X X X X . X X . X . X X X
 3 X . X X X X X X X X X X O
 2 O1X . X . O X O X O X O .
 1 . X X X O . O . O . O . O

koPOSITIONALscoreAREAtaxNONEsui1komi7.5
Time taken: 2.28268
Root visits: 206
New playouts: 203
NN rows: 196
NN batches: 67
NN avg batch size: 2.92537
PV: C13 A9 C11 A10
Tree:
: T 118.77c W 100.00c S  18.66c (+170.7 L +170.6) N     206  --  C13 A9 C11 A10
---Black(^)---
C13 : T 119.54c W 100.00c S  19.45c (+171.3 L +171.2) LCB  117.56c P  9.87% WF 258.3 PSV     343 N      33  --  C13 A9 C11 A10
A9  : T 118.70c W 100.00c S  18.47c (+170.4 L +170.3) LCB  116.40c P 17.00% WF 247.7 PSV     184 N      32  --  A9 pass C11 C13
M7  : T 119.78c W 100.00c S  19.38c (+171.3 L +171.2) LCB  116.76c P  4.90% WF 156.8 PSV     156 N      20  --  M7 E8 N6
E8  : T 117.84c W 100.00c S  17.35c (+169.7 L +169.7) LCB  112.75c P 16.16% WF 106.7 PSV     108 N      14  --  E8 pass A9
K1  : T 119.32c W 100.00c S  19.24c (+171.4 L +171.4) LCB  117.23c P  4.78% WF 210.5 PSV      90 N      27  --  K1 E8 H1
H1  : T 119.07c W 100.00c S  19.08c (+171.2 L +171.1) LCB  116.86c P  5.06% WF 225.4 PSV      74 N      29  --  H1 E8 A9 C11
N11 : T 117.96c W 100.00c S  18.15c (+170.1 L +170.2) LCB   98.14c P  4.62% WF  46.3 PSV      33 N       6  --  N11 A9 E8
G5  : T 117.80c W 100.00c S  17.78c (+169.7 L +169.6) LCB  102.04c P  3.89% WF  53.9 PSV      25 N       7  --  G5 E8
K9  : T 117.78c W 100.00c S  17.71c (+169.7 L +169.5) LCB   96.92c P  3.64% WF  46.1 PSV      23 N       6  --  K9 E8
N6  : T 117.70c W 100.00c S  17.85c (+169.6 L +170.0) LCB   74.92c P  3.71% WF  31.0 PSV      23 N       4  --  N6 A9

2026-07-17 05:23:46+0100: = C13
2026-07-17 05:23:51+0100: Controller: play W A9
2026-07-17 05:23:51+0100: = 
2026-07-17 05:23:51+0100: Controller: genmove B
2026-07-17 05:23:52+0100: MoveNum: 294 HASH: 4425968E40D2CA6206465BEE13BC67BF
   A B C D E F G H J K L M N
13 O O X2. X X X O . O X O .
12 . O O X X X O O O O X X O
11 O O @ O1X O O O O O X O .
10 . O O X X O X X X X X X O
 9 O3X X X O O O X O . O X O
 8 X . X O . O X X X X X O .
 7 X X X X O X X O . X O . O
 6 X O X X X X O X X . X O .
 5 O . X X X O . X . X . X O
 4 X X X X . X X . X . X X X
 3 X . X X X X X X X X X X O
 2 O X . X . O X O X O X O .
 1 . X X X O . O . O . O . O

koPOSITIONALscoreAREAtaxNONEsui1komi7.5
Time taken: 1.78489
Root visits: 205
New playouts: 196
NN rows: 182
NN batches: 62
NN avg batch size: 2.93548
PV: C11 A10 A12 pass E8
Tree:
: T 120.52c W 100.00c S  20.48c (+170.2 L +170.1) N     205  --  C11 A10 A12 pass E8
---Black(^)---
C11 : T 121.09c W 100.00c S  21.24c (+171.0 L +171.0) LCB  119.12c P 16.12% WF 336.7 PSV     335 N      43  --  C11 A10 A12 pass E8
D13 : T 120.92c W 100.00c S  20.96c (+170.4 L +170.2) LCB  119.08c P 13.24% WF 259.3 PSV     225 N      33  --  D13 C11 E8 A10
K1  : T 121.16c W 100.00c S  21.12c (+171.1 L +170.9) LCB  118.77c P  4.26% WF 195.8 PSV      98 N      25  --  K1 E8 C11
E8  : T 119.08c W 100.00c S  18.79c (+168.9 L +168.8) LCB  113.62c P 17.54% WF  99.4 PSV      98 N      13  --  E8 pass C11
M7  : T 120.60c W 100.00c S  20.54c (+170.2 L +170.0) LCB  115.36c P  4.68% WF 101.6 PSV      58 N      13  --  M7 pass N6
H1  : T 120.34c W 100.00c S  20.20c (+170.1 L +169.8) LCB  114.77c P  4.50% WF 101.1 PSV      46 N      13  --  H1 pass K1
E2  : T 120.70c W 100.00c S  20.56c (+170.0 L +169.6) LCB  109.12c P  3.14% WF  62.6 PSV      43 N       8  --  E2 pass E8
G5  : T 120.32c W 100.00c S  20.30c (+170.1 L +169.7) LCB  108.65c P  3.84% WF  62.3 PSV      39 N       8  --  G5 pass E8
B5  : T 120.16c W 100.00c S  19.95c (+169.7 L +169.5) LCB  108.83c P  3.80% WF  62.3 PSV      35 N       8  --  B5 pass E8
N11 : T 120.02c W 100.00c S  20.11c (+169.7 L +169.8) LCB  100.51c P  3.88% WF  46.6 PSV      33 N       6  --  N11 pass E8

2026-07-17 05:23:52+0100: = C11
2026-07-17 05:23:57+0100: Controller: play W E2
2026-07-17 05:23:57+0100: = 
2026-07-17 05:23:57+0100: Controller: genmove B
2026-07-17 05:23:59+0100: MoveNum: 296 HASH: 63D68469806700CEEDE4BF421E233750
   A B C D E F G H J K L M N
13 O O X . X X X O . O X O .
12 . O O X X X O O O O X X O
11 O O X2. X O O O O O X O .
10 @ O O X X O X X X X X X O
 9 O1X X X O O O X O . O X O
 8 X . X O . O X X X X X O .
 7 X X X X O X X O . X O . O
 6 X O X X X X O X X . X O .
 5 O . X X X O . X . X . X O
 4 X X X X . X X . X . X X X
 3 X . X X X X X X X X X X O
 2 O X . X O3O X O X O X O .
 1 . X X X O . O . O . O . O

koPOSITIONALscoreAREAtaxNONEsui1komi7.5
Time taken: 1.77389
Root visits: 206
New playouts: 206
NN rows: 205
NN batches: 70
NN avg batch size: 2.92857
PV: A10 E8 A12 pass
Tree:
: T 121.44c W 100.00c S  21.46c (+170.4 L +170.3) N     206  --  A10 E8 A12 pass
---Black(^)---
A10 : T 122.07c W 100.00c S  21.99c (+171.0 L +171.3) LCB  120.22c P 13.20% WF 221.0 PSV     220 N      28  --  A10 E8 A12 pass
F1  : T 121.94c W 100.00c S  22.12c (+171.2 L +170.9) LCB  119.24c P  8.63% WF 196.5 PSV     127 N      25  --  F1 pass E8 pass
D13 : T 121.76c W 100.00c S  21.67c (+170.6 L +170.2) LCB  119.13c P  9.06% WF 172.8 PSV     113 N      22  --  D13 E8 F1
D11 : T 121.53c W 100.00c S  21.68c (+170.5 L +170.3) LCB  118.48c P  7.32% WF 157.1 PSV      77 N      20  --  D11 A10 A12 pass
E8  : T 118.78c W 100.00c S  18.93c (+168.1 L +167.9) LCB  109.61c P 15.92% WF  68.1 PSV      58 N       9  --  E8 pass J13
M7  : T 121.69c W 100.00c S  21.91c (+170.6 L +170.5) LCB  116.72c P  3.80% WF 102.3 PSV      45 N      13  --  M7 A10 E8
K1  : T 121.51c W 100.00c S  21.55c (+170.6 L +170.4) LCB  116.01c P  4.05% WF  94.0 PSV      42 N      12  --  K1 D13 A10
N11 : T 121.63c W 100.00c S  21.84c (+170.7 L +170.6) LCB  115.14c P  3.68% WF  86.4 PSV      41 N      11  --  N11 A10 A12
H1  : T 121.29c W 100.00c S  21.27c (+170.3 L +170.2) LCB  111.81c P  4.24% WF  70.4 PSV      38 N       9  --  H1 pass E8
K9  : T 121.66c W 100.00c S  21.82c (+170.7 L +170.4) LCB  116.13c P  3.06% WF  94.3 PSV      35 N      12  --  K9 pass E8

2026-07-17 05:23:59+0100: = A10
2026-07-17 05:24:03+0100: Controller: play W D13
2026-07-17 05:24:03+0100: = 
2026-07-17 05:24:03+0100: Controller: genmove B
2026-07-17 05:24:05+0100: MoveNum: 298 HASH: 3CE17B5807E57BA78363DD5E81140DFA
   A B C D E F G H J K L M N
13 O O . O3X X X O . O X O .
12 . O O X X X O O O O X X O
11 O O X . X O O O O O X O @
10 X2O O X X O X X X X X X O
 9 . X X X O O O X O . O X O
 8 X . X O . O X X X X X O .
 7 X X X X O X X O . X O . O
 6 X O X X X X O X X . X O .
 5 O . X X X O . X . X . X O
 4 X X X X . X X . X . X X X
 3 X . X X X X X X X X X X O
 2 O X . X O1O X O X O X O .
 1 . X X X O . O . O . O . O

koPOSITIONALscoreAREAtaxNONEsui1komi7.5
Time taken: 2.06797
Root visits: 206
New playouts: 202
NN rows: 192
NN batches: 65
NN avg batch size: 2.95385
PV: N11 pass C13
Tree:
: T 119.97c W 100.00c S  19.99c (+169.8 L +169.9) N     206  --  N11 pass C13
---Black(^)---
N11 : T 121.04c W 100.00c S  21.08c (+170.8 L +170.9) LCB  118.98c P  4.07% WF 212.5 PSV     418 N      27  --  N11 pass C13
F1  : T 120.79c W 100.00c S  20.64c (+170.5 L +170.6) LCB  118.68c P  7.69% WF 243.5 PSV     242 N      31  --  F1 E8 J13 pass
A9  : T 119.69c W 100.00c S  19.85c (+169.7 L +170.1) LCB  117.04c P 18.65% WF 240.7 PSV     183 N      31  --  A9 pass F1 pass
D11 : T 120.29c W 100.00c S  20.38c (+170.1 L +170.1) LCB  117.64c P  9.36% WF 226.7 PSV     148 N      29  --  D11 pass F1 A9
N13 : T 120.94c W 100.00c S  20.69c (+170.3 L +170.3) LCB  115.76c P  3.09% WF  94.4 PSV      94 N      12  --  N13 A9 E8
K1  : T 120.27c W 100.00c S  20.35c (+170.2 L +170.3) LCB  117.26c P  4.51% WF 140.6 PSV      69 N      18  --  K1 A9 C13
E8  : T 116.78c W 100.00c S  16.71c (+167.0 L +167.4) LCB  105.16c P 16.24% WF  59.6 PSV      56 N       8  --  E8 pass J13
M7  : T 119.86c W 100.00c S  19.81c (+169.4 L +169.5) LCB  108.03c P  4.05% WF  62.2 PSV      44 N       8  --  M7 A9 E8
H1  : T 119.29c W 100.00c S  19.16c (+168.8 L +169.1) LCB  107.57c P  4.33% WF  62.1 PSV      34 N       8  --  H1 A9 E8
B5  : T 119.68c W 100.00c S  19.61c (+169.0 L +169.0) LCB  100.18c P  3.36% WF  46.6 PSV      32 N       6  --  B5 A9

2026-07-17 05:24:05+0100: = N11
2026-07-17 05:24:13+0100: Controller: play W D11
2026-07-17 05:24:13+0100: = 
2026-07-17 05:24:13+0100: Controller: genmove B
2026-07-17 05:24:14+0100: MoveNum: 300 HASH: 175A47A665151CE1AFDA8B9148AA455E
   A B C D E F G H J K L M N
13 O O . O1X X X O . O X O .
12 . O O X X X O O O O X X O
11 O O . O3X O O O O O X . X2
10 X O O X X O X X X X X X O
 9 . X X X O O O X O . O X O
 8 X . X O . O X X X X X O @
 7 X X X X O X X O . X O . O
 6 X O X X X X O X X . X O .
 5 O . X X X O . X . X . X O
 4 X X X X . X X . X . X X X
 3 X . X X X X X X X X X X O
 2 O X . X O O X O X O X O .
 1 . X X X O . O . O . O . O

koPOSITIONALscoreAREAtaxNONEsui1komi7.5
Time taken: 1.673
Root visits: 206
New playouts: 203
NN rows: 199
NN batches: 68
NN avg batch size: 2.92647
PV: N8 pass M7
Tree:
: T 121.24c W 100.00c S  21.13c (+170.2 L +170.1) N     206  --  N8 pass M7
---Black(^)---
N8  : T 122.32c W 100.00c S  22.39c (+171.3 L +170.9) LCB  120.65c P  7.84% WF 268.9 PSV     310 N      34  --  N8 pass M7
A9  : T 121.69c W 100.00c S  21.56c (+170.6 L +170.8) LCB  119.98c P 13.05% WF 242.8 PSV     186 N      31  --  A9 E8 N13
F1  : T 122.11c W 100.00c S  21.87c (+171.1 L +170.8) LCB  119.88c P  5.26% WF 228.0 PSV     122 N      29  --  F1 E8 J13 M11
C13 : T 121.29c W 100.00c S  20.97c (+170.0 L +170.1) LCB  118.41c P 10.50% WF 140.3 PSV     109 N      18  --  C13 A9 E8
E8  : T 119.06c W 100.00c S  18.87c (+168.1 L +167.9) LCB  113.67c P 18.29% WF  90.9 PSV      75 N      12  --  E8 pass J13
H1  : T 121.56c W 100.00c S  21.36c (+170.5 L +170.7) LCB  116.49c P  3.48% WF  94.1 PSV      44 N      12  --  H1 A9 E8
K1  : T 121.34c W 100.00c S  21.28c (+170.7 L +170.5) LCB  116.60c P  4.01% WF 101.5 PSV      43 N      13  --  K1 A9 C13
K9  : T 121.21c W 100.00c S  21.16c (+170.0 L +169.6) LCB  112.11c P  3.15% WF  70.2 PSV      31 N       9  --  K9 C13 E8
M7  : T 120.70c W 100.00c S  20.70c (+169.3 L +169.3) LCB  106.28c P  4.13% WF  54.7 PSV      30 N       7  --  M7 M11
N13 : T 118.76c W 100.00c S  19.00c (+168.0 L +168.0) LCB   98.09c P  6.57% WF  45.7 PSV      25 N       6  --  N13 E8

2026-07-17 05:24:14+0100: = N8
2026-07-17 05:24:18+0100: Controller: play W A9
2026-07-17 05:24:18+0100: = 
2026-07-17 05:24:18+0100: Controller: genmove B
2026-07-17 05:24:20+0100: MoveNum: 302 HASH: 633FD072229DF053A6E287CBF68AB408
   A B C D E F G H J K L M N
13 O O . O X X X O . O X O .
12 . O O X X X O O O O X X O
11 O O @ O1X O O O O O X . X
10 . O O X X O X X X X X X .
 9 O3X X X O O O X O . O X .
 8 X . X O . O X X X X X O X2
 7 X X X X O X X O . X O . O
 6 X O X X X X O X X . X O .
 5 O . X X X O . X . X . X O
 4 X X X X . X X . X . X X X
 3 X . X X X X X X X X X X O
 2 O X . X O O X O X O X O .
 1 . X X X O . O . O . O . O

koPOSITIONALscoreAREAtaxNONEsui1komi7.5
Time taken: 1.72247
Root visits: 206
New playouts: 203
NN rows: 203
NN batches: 69
NN avg batch size: 2.94203
PV: C13 pass C11
Tree:
: T 121.04c W 100.00c S  20.98c (+170.5 L +170.2) N     206  --  C13 pass C11
---Black(^)---
C13 : T 121.43c W 100.00c S  21.34c (+171.0 L +171.0) LCB  119.62c P 11.11% WF 243.4 PSV     272 N      31  --  C13 pass C11
C11 : T 121.40c W 100.00c S  21.34c (+170.9 L +171.0) LCB  119.44c P 14.27% WF 219.5 PSV     219 N      28  --  C11 A10 M7
M7  : T 121.35c W 100.00c S  21.31c (+170.8 L +170.2) LCB  118.41c P  8.17% WF 173.1 PSV     160 N      22  --  M7 E8 A10
F1  : T 121.46c W 100.00c S  21.37c (+170.9 L +170.3) LCB  118.29c P  5.49% WF 157.4 PSV     126 N      20  --  F1 E8 M7
H1  : T 121.57c W 100.00c S  21.71c (+171.2 L +170.8) LCB  118.14c P  4.22% WF 126.1 PSV     114 N      16  --  H1 A10 F1
K1  : T 121.45c W 100.00c S  21.32c (+170.7 L +170.2) LCB  117.92c P  4.80% WF 141.4 PSV     107 N      18  --  K1 E8 A10
E8  : T 119.09c W 100.00c S  19.13c (+168.8 L +168.2) LCB  113.11c P 16.14% WF  91.9 PSV      82 N      12  --  E8 pass M7
N6  : T 121.46c W 100.00c S  21.43c (+170.8 L +170.6) LCB  117.19c P  2.82% WF 117.9 PSV      64 N      15  --  N6 C13 A10
N2  : T 121.31c W 100.00c S  21.39c (+170.5 L +170.2) LCB  110.13c P  3.07% WF  63.0 PSV      57 N       8  --  N2 A10 E8
G5  : T 120.75c W 100.00c S  20.57c (+169.9 L +169.4) LCB  105.43c P  3.44% WF  54.6 PSV      38 N       7  --  G5 E8

2026-07-17 05:24:20+0100: = C11
2026-07-17 05:24:24+0100: Controller: play W N9
2026-07-17 05:24:24+0100: = 
2026-07-17 05:24:24+0100: Controller: genmove B
2026-07-17 05:24:26+0100: MoveNum: 304 HASH: C7865A795F9F97578DF7FA3CA221CE84
   A B C D E F G H J K L M N
13 O O . O X X X O . O X O .
12 . O O X X X O O O O X X O
11 O O X2@ X O O O O O X . X
10 . O O X X O X X X X X X .
 9 O1X X X O O O X O . O X O3
 8 X . X O . O X X X X X O .
 7 X X X X O X X O . X O . O
 6 X O X X X X O X X . X O .
 5 O . X X X O . X . X . X O
 4 X X X X . X X . X . X X X
 3 X . X X X X X X X X X X O
 2 O X . X O O X O X O X O .
 1 . X X X O . O . O . O . O

koPOSITIONALscoreAREAtaxNONEsui1komi7.5
Time taken: 1.66465
Root visits: 204
New playouts: 201
NN rows: 199
NN batches: 68
NN avg batch size: 2.92647
PV: D11 E8 F1
Tree:
: T 121.49c W 100.00c S  21.48c (+171.4 L +170.9) N     204  --  D11 E8 F1
---Black(^)---
D11 : T 122.06c W 100.00c S  22.19c (+172.2 L +171.8) LCB  120.55c P  8.11% WF 260.1 PSV     341 N      33  --  D11 E8 F1
A10 : T 121.69c W 100.00c S  21.70c (+171.7 L +171.5) LCB  119.54c P 10.47% WF 188.2 PSV     188 N      24  --  A10 D11 A9 pass
M7  : T 121.75c W 100.00c S  21.67c (+171.7 L +171.5) LCB  119.27c P  9.15% WF 204.2 PSV     177 N      26  --  M7 E8 N6
F1  : T 122.10c W 100.00c S  22.17c (+172.2 L +171.4) LCB  119.01c P  4.66% WF 205.0 PSV     162 N      26  --  F1 C13 D11 pass
G5  : T 122.24c W 100.00c S  22.13c (+171.9 L +170.8) LCB  116.77c P  3.18% WF  94.6 PSV      95 N      12  --  G5 C13 E8
C13 : T 121.10c W 100.00c S  21.11c (+170.9 L +170.5) LCB  116.30c P  7.44% WF 109.2 PSV      79 N      14  --  C13 A10 E8
K1  : T 121.79c W 100.00c S  21.91c (+171.8 L +171.2) LCB  117.39c P  3.49% WF 117.9 PSV      71 N      15  --  K1 A10 C13
H1  : T 122.94c W 100.00c S  22.63c (+172.1 L +171.1) LCB  114.05c P  2.92% WF  71.4 PSV      71 N       9  --  H1 D11
K9  : T 121.46c W 100.00c S  21.40c (+171.2 L +170.3) LCB  114.03c P  4.49% WF  78.1 PSV      64 N      10  --  K9 A10 E8
E8  : T 117.95c W 100.00c S  18.16c (+168.4 L +168.0) LCB   98.50c P 13.45% WF  45.1 PSV      45 N       6  --  E8 D11

2026-07-17 05:24:26+0100: = D11
2026-07-17 05:24:31+0100: Controller: play W N10
2026-07-17 05:24:31+0100: = 
2026-07-17 05:24:31+0100: Controller: genmove B
2026-07-17 05:24:33+0100: MoveNum: 306 HASH: 6DDF5AA9A58F84F1A33BD63E7386DCC1
   A B C D E F G H J K L M N
13 O O . O X X X O . O X O .
12 . O O X X X O O O O X X O
11 O O X X2X O O O O O X . X
10 . O O X X O X X X X X X O3
 9 O X X X O O O X O . O X O1
 8 X . X O . O X X X X X O .
 7 X X X X O X X O . X O . O
 6 X O X X X X O X X . X O .
 5 O . X X X O . X . X . X O
 4 X X X X . X X . X . X X X
 3 X . X X X X X X X X X X O
 2 O X . X O O X O X O X O .
 1 . X X X O @ O . O . O . O

koPOSITIONALscoreAREAtaxNONEsui1komi7.5
Time taken: 1.95475
Root visits: 206
New playouts: 204
NN rows: 198
NN batches: 67
NN avg batch size: 2.95522
PV: F1 E8 J13 M11
Tree:
: T 119.60c W 100.00c S  19.51c (+171.5 L +170.7) N     206  --  F1 E8 J13 M11
---Black(^)---
F1  : T 120.47c W 100.00c S  20.50c (+172.4 L +171.9) LCB  118.69c P  5.13% WF 252.3 PSV     390 N      32  --  F1 E8 J13 M11
N8  : T 120.28c W 100.00c S  20.30c (+172.1 L +171.5) LCB  118.08c P  9.77% WF 267.4 PSV     266 N      34  --  N8 E8 J13 pass
B5  : T 120.39c W 100.00c S  20.22c (+171.9 L +170.6) LCB  115.45c P  3.21% WF 102.1 PSV     102 N      13  --  B5 M11 M7
K1  : T 120.24c W 100.00c S  20.12c (+172.2 L +171.3) LCB  117.30c P  3.66% WF 195.5 PSV      94 N      25  --  K1 E8 H1
E8  : T 117.69c W 100.00c S  17.59c (+169.8 L +168.7) LCB  111.68c P 15.93% WF  83.4 PSV      79 N      11  --  E8 N8 J13
N13 : T 119.27c W 100.00c S  19.08c (+170.8 L +169.8) LCB  112.72c P  7.86% WF  85.3 PSV      77 N      11  --  N13 E8 J13
G5  : T 120.04c W 100.00c S  19.93c (+171.6 L +170.0) LCB  114.58c P  3.90% WF  93.7 PSV      75 N      12  --  G5 M11 E8
H1  : T 120.11c W 100.00c S  19.93c (+171.8 L +171.2) LCB  115.98c P  3.39% WF 125.2 PSV      71 N      16  --  H1 M11 K1
C13 : T 119.00c W 100.00c S  18.68c (+170.7 L +170.4) LCB  110.92c P  7.93% WF  77.5 PSV      67 N      10  --  C13 M11 E8
K9  : T 119.97c W 100.00c S  19.72c (+171.6 L +170.4) LCB  111.70c P  3.24% WF  78.1 PSV      58 N      10  --  K9 E8 J13

2026-07-17 05:24:33+0100: = F1
2026-07-17 05:24:37+0100: Controller: play W F2
2026-07-17 05:24:37+0100: = 
2026-07-17 05:24:37+0100: Controller: genmove B
2026-07-17 05:24:39+0100: MoveNum: 308 HASH: 46AB30118E8C494B16D2D138C7A49383
   A B C D E F G H J K L M N
13 O O . O X X X O . O X O .
12 . O O X X X O O O O X X O
11 O O X X X O O O O O X . X
10 . O O X X O X X X X X X O1
 9 O X X X O O O X O . O X O
 8 X . X O . O X X X X X O .
 7 X X X X O X X O . X O . O
 6 X O X X X X O X X . X O .
 5 O . X X X O . X . X . X O
 4 X X X X . X X . X . X X X
 3 X . X X X X X X X X X X O
 2 O X . X @ O3X O X O X O .
 1 . X X X . X2O . O . O . O

koPOSITIONALscoreAREAtaxNONEsui1komi7.5
Time taken: 2.05931
Root visits: 205
New playouts: 205
NN rows: 203
NN batches: 69
NN avg batch size: 2.94203
PV: E2 E8 N13
Tree:
: T 120.44c W 100.00c S  20.31c (+172.7 L +172.0) N     205  --  E2 E8 N13
---Black(^)---
E2  : T 120.57c W 100.00c S  20.57c (+173.0 L +172.5) LCB  118.43c P  7.09% WF 204.4 PSV     290 N      26  --  E2 E8 N13
H1  : T 120.50c W 100.00c S  20.48c (+172.7 L +172.2) LCB  118.15c P  8.41% WF 181.1 PSV     182 N      23  --  H1 C13 E8
N8  : T 120.35c W 100.00c S  20.30c (+172.8 L +172.1) LCB  117.17c P  8.45% WF 180.2 PSV     173 N      23  --  N8 E8 M7
E1  : T 120.47c W 100.00c S  20.42c (+172.8 L +172.3) LCB  117.95c P  6.69% WF 164.5 PSV     163 N      21  --  E1 E8 N13
K1  : T 121.22c W 100.00c S  21.20c (+173.4 L +172.3) LCB  117.41c P  3.67% WF 142.2 PSV     142 N      18  --  K1 E1 H1
M7  : T 121.93c W 100.00c S  21.90c (+174.0 L +172.8) LCB  118.03c P  3.95% WF 127.5 PSV     127 N      16  --  M7 E1 N8
A10 : T 120.13c W 100.00c S  19.97c (+172.4 L +171.9) LCB  115.11c P  6.17% WF 101.5 PSV      98 N      13  --  A10 E8 J13
N13 : T 119.96c W 100.00c S  19.56c (+171.7 L +171.0) LCB  114.31c P  7.24% WF  93.8 PSV      95 N      12  --  N13 E8 J13
C13 : T 120.06c W 100.00c S  20.07c (+172.4 L +172.0) LCB  115.93c P  5.99% WF 125.0 PSV      88 N      16  --  C13 M11 E8
N2  : T 122.66c W 100.00c S  22.33c (+174.1 L +172.4) LCB  115.26c P  2.61% WF  80.0 PSV      79 N      10  --  N2 M11

2026-07-17 05:24:39+0100: = E2
2026-07-17 05:24:42+0100: Controller: play W C13
2026-07-17 05:24:42+0100: = 
2026-07-17 05:24:42+0100: Controller: genmove B
2026-07-17 05:24:44+0100: MoveNum: 310 HASH: 18B91A6C9C5C42122872A3EAEB3E46FD
   A B C D E F G H J K L M N
13 O O O3O X X X O . O X O .
12 . O O X X X O O O O X X O
11 O O X X X O O O O O X . X
10 . O O X X O X X X X X X O
 9 O X X X O O O X O . O X O
 8 X . X O . O X X X X X O .
 7 X X X X O X X O . X O @ O
 6 X O X X X X O X X . X O .
 5 O . X X X O . X . X . X O
 4 X X X X . X X . X . X X X
 3 X . X X X X X X X X X X O
 2 O X . X X2.1X O X O X O .
 1 . X X X . X O . O . O . O

koPOSITIONALscoreAREAtaxNONEsui1komi7.5
Time taken: 1.64685
Root visits: 206
New playouts: 205
NN rows: 200
NN batches: 68
NN avg batch size: 2.94118
PV: M7 E8 N6
Tree:
: T 115.72c W 100.00c S  15.56c (+170.9 L +170.9) N     206  --  M7 E8 N6
---Black(^)---
M7  : T 116.32c W 100.00c S  16.25c (+171.4 L +171.6) LCB  113.45c P  4.57% WF 180.7 PSV     323 N      23  --  M7 E8 N6
N8  : T 115.83c W 100.00c S  15.86c (+171.2 L +171.4) LCB  112.34c P  8.41% WF 210.7 PSV     211 N      27  --  N8 E8 M7 pass
K1  : T 116.32c W 100.00c S  16.18c (+171.4 L +171.5) LCB  113.42c P  4.55% WF 172.6 PSV     172 N      22  --  K1 M11 E8
N6  : T 116.22c W 100.00c S  16.03c (+171.3 L +171.4) LCB  113.23c P  4.23% WF 156.6 PSV     157 N      20  --  N6 M11 M7
A10 : T 115.19c W 100.00c S  14.85c (+170.3 L +170.5) LCB  110.97c P 13.23% WF 124.0 PSV     125 N      16  --  A10 M11 A9
N2  : T 116.17c W 100.00c S  16.06c (+171.2 L +171.1) LCB  111.81c P  3.19% WF 117.6 PSV     118 N      15  --  N2 A12 M1
H1  : T 115.72c W 100.00c S  15.69c (+171.0 L +171.1) LCB  112.04c P  7.23% WF 116.9 PSV     117 N      15  --  H1 E8 J13
K9  : T 115.86c W 100.00c S  15.69c (+171.0 L +170.7) LCB  110.84c P  3.96% WF 109.4 PSV     104 N      14  --  K9 E8 J13
G5  : T 116.48c W 100.00c S  16.18c (+171.2 L +170.5) LCB  108.47c P  4.12% WF  78.5 PSV      79 N      10  --  G5 E8 J13
E8  : T 113.18c W 100.00c S  12.99c (+169.0 L +169.0) LCB  103.59c P 14.80% WF  68.3 PSV      70 N       9  --  E8 A12 A10

2026-07-17 05:24:44+0100: = M7
2026-07-17 05:24:46+0100: Controller: play W M11
2026-07-17 05:24:46+0100: = 
2026-07-17 05:24:46+0100: Controller: genmove B
2026-07-17 05:24:48+0100: MoveNum: 312 HASH: EE9D6CDAD96B9CD50BDDFB5C0B396697
   A B C D E F G H J K L M N
13 O O O1O X X X O . O X O .
12 . O O X X X O O O O X X O
11 O O X X X O O O O O X O3.
10 . O O X X O X X X X X X O
 9 O X X X O O O X O . O X O
 8 X . X O . O X X X X X O .
 7 X X X X O X X O . X . X2O
 6 X O X X X X O X X . X O @
 5 O . X X X O . X . X . X O
 4 X X X X . X X . X . X X X
 3 X . X X X X X X X X X X O
 2 O X . X X . X O X O X O .
 1 . X X X . X O . O . O . O

koPOSITIONALscoreAREAtaxNONEsui1komi7.5
Time taken: 2.01695
Root visits: 206
New playouts: 201
NN rows: 193
NN batches: 66
NN avg batch size: 2.92424
PV: N6 pass E8
Tree:
: T 120.77c W 100.00c S  20.62c (+169.6 L +169.8) N     206  --  N6 pass E8
---Black(^)---
N6  : T 121.34c W 100.00c S  21.02c (+169.9 L +170.5) LCB  119.73c P 15.04% WF 244.8 PSV     375 N      31  --  N6 pass E8
N8  : T 121.04c W 100.00c S  21.07c (+170.0 L +170.6) LCB  119.32c P 14.32% WF 267.8 PSV     267 N      34  --  N8 N11 E8 M8
L7  : T 121.21c W 100.00c S  20.91c (+169.8 L +169.9) LCB  118.69c P  7.58% WF 165.4 PSV     165 N      21  --  L7 E8 N6
N13 : T 120.85c W 100.00c S  20.59c (+169.6 L +169.8) LCB  117.45c P  6.75% WF 125.5 PSV     103 N      16  --  N13 E8 N6
H1  : T 120.99c W 100.00c S  20.61c (+169.5 L +169.5) LCB  116.05c P  4.50% WF 102.1 PSV      79 N      13  --  H1 E8 J13
K9  : T 121.07c W 100.00c S  21.10c (+170.0 L +169.7) LCB  115.97c P  3.77% WF 102.2 PSV      73 N      13  --  K9 pass N6
K1  : T 120.95c W 100.00c S  20.97c (+170.1 L +170.3) LCB  117.99c P  3.52% WF 149.4 PSV      59 N      19  --  K1 N11 N8
A10 : T 119.26c W 100.00c S  19.04c (+168.1 L +168.3) LCB  108.17c P  9.89% WF  61.8 PSV      58 N       8  --  A10 E8 J13
N2  : T 121.11c W 100.00c S  20.83c (+169.8 L +169.7) LCB  116.11c P  2.63% WF 102.2 PSV      54 N      13  --  N2 E8 J13
G5  : T 120.69c W 100.00c S  20.58c (+169.5 L +168.9) LCB  112.34c P  3.65% WF  78.3 PSV      48 N      10  --  G5 E8 J13

2026-07-17 05:24:48+0100: = N6
2026-07-17 05:24:50+0100: Controller: play W N13
2026-07-17 05:24:50+0100: = 
2026-07-17 05:24:50+0100: Controller: genmove B
2026-07-17 05:24:52+0100: MoveNum: 314 HASH: DEA6FCB4835F341D3F936985389ED230
   A B C D E F G H J K L M N
13 O O O O X X X O . O X O O3
12 . O O X X X O O O O X X O
11 O O X X X O O O O O X O1.
10 . O O X X O X X X X X X O
 9 O X X X O O O X O . O X O
 8 X . X O . O X X X X X O .
 7 X X X X O X X O . X . X O
 6 X O X X X X O X X . X . X2
 5 O . X X X O . X . X . X .
 4 X X X X . X X . X . X X X
 3 X . X X X X X X X X X X O
 2 O X . X X . X O X O X O .
 1 . X X X . X O @ O . O . O

koPOSITIONALscoreAREAtaxNONEsui1komi7.5
Time taken: 1.91619
Root visits: 206
New playouts: 205
NN rows: 204
NN batches: 69
NN avg batch size: 2.95652
PV: H1 pass E8
Tree:
: T 120.46c W 100.00c S  20.30c (+169.8 L +170.2) N     206  --  H1 pass E8
---Black(^)---
H1  : T 121.65c W 100.00c S  21.23c (+170.6 L +171.5) LCB  120.01c P  6.65% WF 214.3 PSV     554 N      27  --  H1 pass E8
A10 : T 120.53c W 100.00c S  20.51c (+170.0 L +170.5) LCB  118.27c P 12.10% WF 235.6 PSV     236 N      30  --  A10 N11 A12 pass
K1  : T 121.14c W 100.00c S  20.86c (+170.2 L +170.7) LCB  119.26c P  5.38% WF 189.4 PSV     189 N      24  --  K1 E8 H1
N11 : T 121.22c W 100.00c S  20.81c (+170.1 L +170.7) LCB  118.24c P 10.30% WF 150.4 PSV     150 N      19  --  N11 pass E8
E8  : T 119.55c W 100.00c S  18.94c (+168.7 L +169.0) LCB  116.41c P 17.05% WF 138.8 PSV     140 N      18  --  E8 N11 J13
K9  : T 120.70c W 100.00c S  20.39c (+169.8 L +169.8) LCB  116.79c P  5.01% WF 109.9 PSV     110 N      14  --  K9 N11 E8
N2  : T 120.58c W 100.00c S  20.76c (+170.2 L +170.9) LCB  117.45c P  4.44% WF 227.5 PSV      92 N      29  --  N2 N11 E8 pass
N8  : T 117.72c W 100.00c S  18.32c (+168.0 L +167.9) LCB   89.39c P  9.73% WF  38.4 PSV      40 N       5  --  N8 N11
J7  : T 120.03c W 100.00c S  20.01c (+169.2 L +168.9) LCB   92.26c P  3.50% WF  39.1 PSV      40 N       5  --  J7 N8
G5  : T 119.42c W 100.00c S  19.59c (+169.0 L +168.6) LCB   91.50c P  5.06% WF  38.7 PSV      39 N       5  --  G5 E8

2026-07-17 05:24:52+0100: = H1
2026-07-17 05:24:54+0100: Controller: play W A12
2026-07-17 05:24:54+0100: = 
2026-07-17 05:24:54+0100: Controller: genmove B
2026-07-17 05:24:56+0100: MoveNum: 316 HASH: 6E7DBFB929713A6033979DE4358EA7D9
   A B C D E F G H J K L M N
13 O O O O X X X O . O X O O1
12 O3O O X X X O O O O X X O
11 O O X X X O O O O O X O .
10 @ O O X X O X X X X X X O
 9 O X X X O O O X O . O X O
 8 X . X O . O X X X X X O .
 7 X X X X O X X O . X . X O
 6 X O X X X X O X X . X . X
 5 O . X X X O . X . X . X .
 4 X X X X . X X . X . X X X
 3 X . X X X X X X X X X X O
 2 O X . X X . X . X O X O .
 1 . X X X . X . X2O . O . O

koPOSITIONALscoreAREAtaxNONEsui1komi7.5
Time taken: 1.61536
Root visits: 206
New playouts: 204
NN rows: 199
NN batches: 68
NN avg batch size: 2.92647
PV: A10 pass E8 pass J13
Tree:
: T 118.66c W 100.00c S  19.14c (+167.8 L +168.5) N     206  --  A10 pass E8 pass J13
---Black(^)---
A10 : T 119.44c W 100.00c S  19.81c (+168.3 L +168.9) LCB  115.58c P 12.85% WF 372.9 PSV     370 N      47  --  A10 pass E8 pass J13
K1  : T 119.85c W 100.00c S  20.53c (+169.1 L +170.2) LCB  115.00c P  8.55% WF 134.4 PSV     134 N      17  --  K1 pass N11
N2  : T 119.77c W 100.00c S  20.66c (+168.9 L +169.7) LCB  114.98c P  5.17% WF 118.8 PSV     118 N      15  --  N2 pass N11
E8  : T 119.32c W 100.00c S  17.93c (+166.9 L +167.8) LCB  113.06c P 16.14% WF 109.2 PSV     109 N      14  --  E8 pass J13
N11 : T 118.33c W 100.00c S  18.87c (+167.8 L +168.8) LCB  113.28c P  9.57% WF 265.8 PSV      97 N      34  --  N11 pass K9 pass
K9  : T 118.73c W 100.00c S  19.28c (+167.7 L +168.1) LCB  112.85c P  4.89% WF  94.1 PSV      65 N      12  --  K9 pass A10 pass
N8  : T 117.12c W 100.00c S  18.29c (+167.0 L +167.6) LCB  105.19c P  9.61% WF  61.9 PSV      57 N       8  --  N8 pass E8
G5  : T 116.97c W 100.00c S  17.53c (+166.1 L +166.2) LCB   97.04c P  5.52% WF  46.2 PSV      31 N       6  --  G5 E8
B5  : T 117.06c W 100.00c S  17.75c (+166.3 L +166.5) LCB   89.15c P  4.38% WF  38.7 PSV      25 N       5  --  B5 N11
J7  : T 116.23c W 100.00c S  16.97c (+165.8 L +166.0) LCB   88.04c P  3.69% WF  38.2 PSV      16 N       5  --  J7 E8

2026-07-17 05:24:56+0100: = A10
2026-07-17 05:24:59+0100: Controller: play W A11
2026-07-17 05:24:59+0100: = 
2026-07-17 05:24:59+0100: Controller: genmove B
2026-07-17 05:25:01+0100: MoveNum: 318 HASH: 0FDFC84F904FC5E8BF68542B15B9B13D
   A B C D E F G H J K L M N
13 . . . . X X X O . O X O O
12 .1. . X X X O O O O X X O
11 O3@ X X X O O O O O X O .
10 X2. . X X O X X X X X X O
 9 . X X X O O O X O . O X O
 8 X . X O . O X X X X X O .
 7 X X X X O X X O . X . X O
 6 X O X X X X O X X . X . X
 5 O . X X X O . X . X . X .
 4 X X X X . X X . X . X X X
 3 X . X X X X X X X X X X O
 2 O X . X X . X . X O X O .
 1 . X X X . X . X O . O . O

koPOSITIONALscoreAREAtaxNONEsui1komi7.5
Time taken: 1.52075
Root visits: 204
New playouts: 204
NN rows: 200
NN batches: 68
NN avg batch size: 2.94118
PV: B11 pass E8 N11
Tree:
: T 121.09c W 100.00c S  21.01c (+170.5 L +170.8) N     204  --  B11 pass E8 N11
---Black(^)---
B11 : T 122.31c W 100.00c S  21.99c (+171.3 L +172.1) LCB  120.40c P  7.71% WF 207.7 PSV     354 N      26  --  B11 pass E8 N11
N11 : T 121.72c W 100.00c S  21.62c (+171.1 L +171.7) LCB  120.03c P  9.44% WF 262.2 PSV     261 N      33  --  N11 pass N8 pass
K1  : T 121.88c W 100.00c S  21.47c (+170.9 L +171.6) LCB  119.97c P  6.98% WF 174.8 PSV     174 N      22  --  K1 E8 N8
N2  : T 121.80c W 100.00c S  21.75c (+171.2 L +171.8) LCB  119.91c P  4.21% WF 230.4 PSV     136 N      29  --  N2 E8 M1
A12 : T 121.66c W 100.00c S  21.49c (+170.8 L +171.2) LCB  119.53c P  5.15% WF 166.7 PSV     128 N      21  --  A12 B12 B11
E8  : T 117.31c W 100.00c S  17.38c (+167.5 L +167.5) LCB  102.57c P 17.09% WF  53.2 PSV      53 N       7  --  E8 N11 J13
G5  : T 120.34c W 100.00c S  20.49c (+169.7 L +169.0) LCB  105.59c P  4.12% WF  55.0 PSV      32 N       7  --  G5 E8
N8  : T 118.53c W 100.00c S  18.91c (+168.5 L +167.9) LCB   98.68c P  7.65% WF  46.6 PSV      31 N       6  --  N8 E8
B5  : T 120.46c W 100.00c S  20.52c (+169.6 L +168.9) LCB  101.11c P  3.34% WF  47.2 PSV      28 N       6  --  B5 N8
K9  : T 120.20c W 100.00c S  20.34c (+169.6 L +168.8) LCB  105.03c P  3.68% WF  54.9 PSV      27 N       7  --  K9 E8

2026-07-17 05:25:01+0100: = B11
2026-07-17 05:25:05+0100: Controller: play W B12
2026-07-17 05:25:05+0100: = 
2026-07-17 05:25:05+0100: Controller: genmove B
2026-07-17 05:25:07+0100: MoveNum: 320 HASH: 8A5F9034C7A3D65E9A65A40549A00661
   A B C D E F G H J K L M N
13 . . . . X X X O . O X O O
12 . O3. X X X O O O O X X O
11 O1X2X X X O O O O O X O @
10 X . . X X O X X X X X X O
 9 . X X X O O O X O . O X O
 8 X . X O . O X X X X X O .
 7 X X X X O X X O . X . X O
 6 X O X X X X O X X . X . X
 5 O . X X X O . X . X . X .
 4 X X X X . X X . X . X X X
 3 X . X X X X X X X X X X O
 2 O X . X X . X . X O X O .
 1 . X X X . X . X O . O . O

koPOSITIONALscoreAREAtaxNONEsui1komi7.5
Time taken: 1.63711
Root visits: 206
New playouts: 204
NN rows: 202
NN batches: 68
NN avg batch size: 2.97059
PV: N11 E8 J13 pass
Tree:
: T 121.67c W 100.00c S  21.60c (+170.5 L +170.9) N     206  --  N11 E8 J13 pass
---Black(^)---
N11 : T 122.85c W 100.00c S  22.50c (+171.4 L +172.1) LCB  121.62c P  8.48% WF 279.9 PSV     471 N      35  --  N11 E8 J13 pass
N2  : T 122.64c W 100.00c S  22.57c (+171.5 L +172.3) LCB  121.04c P  4.44% WF 295.1 PSV     293 N      37  --  N2 J13 E8 pass
A12 : T 122.20c W 100.00c S  21.92c (+170.7 L +171.5) LCB  119.57c P  8.97% WF 174.8 PSV     175 N      22  --  A12 E8 N11
K1  : T 122.02c W 100.00c S  22.06c (+171.1 L +171.8) LCB  119.45c P  7.70% WF 213.9 PSV     140 N      27  --  K1 N11 E8 pass
E8  : T 117.41c W 100.00c S  17.85c (+167.1 L +167.1) LCB   97.88c P 15.14% WF  45.7 PSV      43 N       6  --  E8 N8
C13 : T 122.68c W 100.00c S  22.52c (+171.0 L +170.2) LCB   94.46c P  1.52% WF  39.8 PSV      40 N       5  --  C13 pass
N8  : T 119.55c W 100.00c S  19.87c (+168.7 L +168.5) LCB   99.59c P  8.51% WF  46.7 PSV      39 N       6  --  N8 E8
B5  : T 121.37c W 100.00c S  21.26c (+169.9 L +169.6) LCB  110.13c P  3.75% WF  63.0 PSV      38 N       8  --  B5 E8 J13
G5  : T 121.18c W 100.00c S  21.28c (+169.8 L +169.3) LCB  106.57c P  4.17% WF  55.1 PSV      38 N       7  --  G5 E8
K9  : T 121.07c W 100.00c S  21.42c (+170.2 L +170.1) LCB  111.92c P  4.19% WF  70.8 PSV      36 N       9  --  K9 E8 J13

2026-07-17 05:25:07+0100: = N11
2026-07-17 05:25:11+0100: Controller: play W B10
2026-07-17 05:25:11+0100: = 
2026-07-17 05:25:11+0100: Controller: genmove B
2026-07-17 05:25:13+0100: MoveNum: 322 HASH: F4B1F6345317F7EC61ED85932F5FC240
   A B C D E F G H J K L M N
13 . . . . X X X O . O X . .
12 . O1. X X X O O O O X X .
11 O X X X X O O O O O X . X2
10 X O3. X X O X X X X X X O
 9 . X X X O O O X O . O X O
 8 X . X O . O X X X X X O .
 7 X X X X O X X O . X . X O
 6 X O X X X X O X X . X . X
 5 O . X X X O . X . X . X .
 4 X X X X . X X . X . X X X
 3 X . X X X X X X X X X X O
 2 O X . X X . X . X O X O @
 1 . X X X . X . X O . O . O

koPOSITIONALscoreAREAtaxNONEsui1komi7.5
Time taken: 1.71664
Root visits: 206
New playouts: 205
NN rows: 203
NN batches: 68
NN avg batch size: 2.98529
PV: N2 A9 K1
Tree:
: T 118.76c W 100.00c S  18.76c (+170.6 L +171.0) N     206  --  N2 A9 K1
---Black(^)---
N2  : T 119.97c W 100.00c S  19.75c (+171.4 L +171.9) LCB  117.60c P  3.76% WF 215.2 PSV     562 N      27  --  N2 A9 K1
A12 : T 119.41c W 100.00c S  19.75c (+171.5 L +172.0) LCB  116.23c P 11.21% WF 325.4 PSV     324 N      41  --  A12 J13 E8 pass K1
N8  : T 119.17c W 100.00c S  18.82c (+170.5 L +171.3) LCB  116.43c P  8.90% WF 142.3 PSV     142 N      18  --  N8 A9 K1
K1  : T 118.99c W 100.00c S  18.92c (+170.7 L +171.3) LCB  115.67c P  6.82% WF 157.8 PSV     112 N      20  --  K1 A9 E8 pass
C10 : T 118.70c W 100.00c S  19.08c (+170.8 L +171.4) LCB  115.02c P  5.67% WF 157.5 PSV      72 N      20  --  C10 J13 E8 pass
E8  : T 116.30c W 100.00c S  15.99c (+168.4 L +169.0) LCB  108.84c P 15.66% WF  76.9 PSV      68 N      10  --  E8 pass N8
A9  : T 119.36c W 100.00c S  18.91c (+170.6 L +170.9) LCB  107.88c P  6.67% WF  63.3 PSV      64 N       8  --  A9 E8 N8
K9  : T 118.68c W 100.00c S  18.50c (+170.3 L +170.2) LCB  112.20c P  3.86% WF  86.6 PSV      48 N      11  --  K9 E8 A12
G5  : T 118.58c W 100.00c S  18.58c (+170.4 L +170.4) LCB  109.44c P  3.92% WF  70.8 PSV      45 N       9  --  G5 E8 N8
B5  : T 118.12c W 100.00c S  18.15c (+169.7 L +169.0) LCB   98.57c P  3.46% WF  47.2 PSV      30 N       6  --  B5 E8

2026-07-17 05:25:13+0100: = N2
2026-07-17 05:25:18+0100: Controller: play W A9
2026-07-17 05:25:18+0100: = 
2026-07-17 05:25:18+0100: Controller: genmove B
2026-07-17 05:25:20+0100: MoveNum: 324 HASH: AD1D23AB99EF1C4144CFB9F17B22DC52
   A B C D E F G H J K L M N
13 . . . . X X X O . O X . .
12 . O . X X X O O O O X X .
11 O X X X X O O O O O X . X
10 . O1. X X O X X X X X X O
 9 O3X X X O O O X O . O X O
 8 X . X O . O X X X X X O .
 7 X X X X O X X O . X . X O
 6 X O X X X X O X X . X . X
 5 O . X X X O . X . X . X .
 4 X X X X . X X . X . X X X
 3 X . X X X X X X X X X X @
 2 O X . X X . X . X O X O X2
 1 . X X X . X . X O . O . O

koPOSITIONALscoreAREAtaxNONEsui1komi7.5
Time taken: 1.88464
Root visits: 206
New playouts: 199
NN rows: 193
NN batches: 65
NN avg batch size: 2.96923
PV: N3 E8 K1
Tree:
: T 121.27c W 100.00c S  21.19c (+169.8 L +170.2) N     206  --  N3 E8 K1
---Black(^)---
N3  : T 122.04c W 100.00c S  21.77c (+170.4 L +171.2) LCB  120.06c P  6.54% WF 182.8 PSV     318 N      23  --  N3 E8 K1
E8  : T 120.52c W 100.00c S  20.17c (+168.9 L +169.3) LCB  117.17c P 17.86% WF 125.1 PSV     126 N      16  --  E8 pass M1
K9  : T 121.95c W 100.00c S  22.01c (+170.7 L +170.9) LCB  119.09c P  3.84% WF 150.9 PSV      91 N      19  --  K9 E8 M1
G5  : T 121.83c W 100.00c S  21.80c (+170.5 L +171.0) LCB  118.80c P  4.29% WF 142.8 PSV      87 N      18  --  G5 E8 M1
M1  : T 120.70c W 100.00c S  20.51c (+169.3 L +170.1) LCB  116.50c P 10.44% WF 164.2 PSV      86 N      21  --  M1 E8 J13 pass
K1  : T 121.38c W 100.00c S  21.51c (+170.2 L +170.9) LCB  116.99c P  6.44% WF 140.5 PSV      82 N      18  --  K1 E8 M1 pass
A12 : T 121.00c W 100.00c S  20.99c (+169.8 L +170.3) LCB  116.78c P  6.97% WF 118.1 PSV      67 N      15  --  A12 E8 A10
N8  : T 120.89c W 100.00c S  20.96c (+169.4 L +169.5) LCB  113.25c P  6.40% WF  78.7 PSV      58 N      10  --  N8 pass M1
A1  : T 122.01c W 100.00c S  21.98c (+170.4 L +170.6) LCB  117.93c P  2.00% WF 111.3 PSV      52 N      14  --  A1 E8 M1
B13 : T 121.69c W 100.00c S  21.60c (+170.1 L +169.7) LCB  115.93c P  2.93% WF 103.2 PSV      50 N      13  --  B13 E8 N8

2026-07-17 05:25:20+0100: = N3
2026-07-17 05:25:23+0100: Controller: play W N12
2026-07-17 05:25:23+0100: = 
2026-07-17 05:25:23+0100: Controller: genmove B
2026-07-17 05:25:25+0100: MoveNum: 326 HASH: A318F2934B080D6741F83513B22FA730
   A B C D E F G H J K L M N
13 . . . . X X X O . O X . .
12 . O . X X X O O O O X X O3
11 O X X X X O O O O O X . X
10 @ O . X X O X X X X X X O
 9 O1X X X O O O X O . O X O
 8 X . X O . O X X X X X O .
 7 X X X X O X X O . X . X O
 6 X O X X X X O X X . X . X
 5 O . X X X O . X . X . X .
 4 X X X X . X X . X . X X X
 3 X . X X X X X X X X X X X2
 2 O X . X X . X . X O X O X
 1 . X X X . X . X O . O . O

koPOSITIONALscoreAREAtaxNONEsui1komi7.5
Time taken: 1.87403
Root visits: 206
New playouts: 205
NN rows: 201
NN batches: 68
NN avg batch size: 2.95588
PV: A10 M11 A12 pass
Tree:
: T 120.33c W 100.00c S  20.37c (+170.1 L +170.4) N     206  --  A10 M11 A12 pass
---Black(^)---
A10 : T 121.60c W 100.00c S  21.59c (+171.2 L +171.5) LCB  119.37c P  5.09% WF 263.5 PSV     261 N      33  --  A10 M11 A12 pass
N13 : T 120.25c W 100.00c S  20.09c (+169.9 L +170.9) LCB  117.21c P 10.95% WF 173.0 PSV     104 N      22  --  N13 pass K1 A10
N8  : T 120.31c W 100.00c S  20.46c (+170.2 L +170.9) LCB  116.17c P  9.10% WF 149.7 PSV      89 N      19  --  N8 pass N13 pass
A12 : T 120.96c W 100.00c S  20.95c (+170.6 L +171.1) LCB  118.64c P  3.88% WF 206.3 PSV      65 N      26  --  A12 M11 A10 pass
G5  : T 120.71c W 100.00c S  20.52c (+170.1 L +170.2) LCB  115.40c P  4.47% WF  95.0 PSV      58 N      12  --  G5 E8 N8
E8  : T 117.18c W 100.00c S  17.23c (+167.5 L +168.1) LCB  102.67c P 14.31% WF  53.7 PSV      47 N       7  --  E8 M11 J13
B13 : T 120.90c W 100.00c S  21.03c (+170.5 L +170.3) LCB  116.75c P  2.02% WF 126.9 PSV      31 N      16  --  B13 E8 N8
C12 : T 120.70c W 100.00c S  20.84c (+170.3 L +170.5) LCB  116.32c P  2.30% WF 110.8 PSV      30 N      14  --  C12 E8 N8
C10 : T 120.62c W 100.00c S  20.54c (+169.8 L +169.3) LCB  111.71c P  2.45% WF  71.2 PSV      29 N       9  --  C10 E8 J13
K1  : T 118.04c W 100.00c S  18.59c (+168.5 L +168.5) LCB   75.00c P  6.64% WF  31.0 PSV      27 N       4  --  K1 E8

2026-07-17 05:25:25+0100: = A10
2026-07-17 05:25:28+0100: Controller: play W M11
2026-07-17 05:25:28+0100: = 
2026-07-17 05:25:28+0100: Controller: genmove B
2026-07-17 05:25:29+0100: MoveNum: 328 HASH: 70B90112A12ABDD8C1C1F12485FDEFA1
   A B C D E F G H J K L M N
13 . . . . X X X O . O X . .
12 . O . X X X O O O O X X O1
11 O X X X X O O O O O X O3.
10 X2O . X X O X X X X X X O
 9 . X X X O O O X O . O X O
 8 X . X O . O X X X X X O @
 7 X X X X O X X O . X . X O
 6 X O X X X X O X X . X . X
 5 O . X X X O . X . X . X .
 4 X X X X . X X . X . X X X
 3 X . X X X X X X X X X X X
 2 O X . X X . X . X O X O X
 1 . X X X . X . X O . O . O

koPOSITIONALscoreAREAtaxNONEsui1komi7.5
Time taken: 1.05275
Root visits: 206
New playouts: 194
NN rows: 186
NN batches: 63
NN avg batch size: 2.95238
PV: N8 E8 A12
Tree:
: T 121.96c W 100.00c S  21.85c (+169.8 L +170.2) N     206  --  N8 E8 A12
---Black(^)---
N8  : T 122.59c W 100.00c S  22.36c (+170.3 L +171.5) LCB  121.05c P  9.46% WF 246.1 PSV     415 N      31  --  N8 E8 A12
A12 : T 122.88c W 100.00c S  22.78c (+170.9 L +171.7) LCB  120.28c P 13.62% WF 278.7 PSV     277 N      35  --  A12 E8 J13 pass
E8  : T 119.83c W 100.00c S  19.75c (+167.8 L +168.0) LCB  113.89c P 15.76% WF  85.0 PSV      64 N      11  --  E8 pass J13
N13 : T 122.21c W 100.00c S  22.00c (+169.9 L +170.4) LCB  119.21c P  5.51% WF 142.3 PSV      59 N      18  --  N13 pass N11
G5  : T 122.29c W 100.00c S  22.25c (+170.4 L +171.0) LCB  119.78c P  4.92% WF 158.3 PSV      56 N      20  --  G5 E8 A12
K9  : T 122.14c W 100.00c S  22.03c (+170.1 L +170.4) LCB  119.22c P  4.80% WF 142.3 PSV      49 N      18  --  K9 E8 A12
A9  : T 119.84c W 100.00c S  20.13c (+168.0 L +168.0) LCB   91.68c P  7.08% WF  39.0 PSV      29 N       5  --  A9 E8
B5  : T 121.28c W 100.00c S  21.32c (+168.9 L +168.7) LCB  101.60c P  4.02% WF  47.2 PSV      26 N       6  --  B5 E8
J7  : T 121.87c W 100.00c S  21.78c (+169.4 L +168.9) LCB  109.98c P  2.88% WF  63.2 PSV      25 N       8  --  J7 E8
B13 : T 122.02c W 100.00c S  21.82c (+169.5 L +169.1) LCB  112.53c P  2.29% WF  71.2 PSV      21 N       9  --  B13 E8 J13

2026-07-17 05:25:29+0100: = N8
2026-07-17 05:25:33+0100: Controller: play W M13
2026-07-17 05:25:33+0100: = 
2026-07-17 05:25:33+0100: Controller: genmove B
2026-07-17 05:25:35+0100: MoveNum: 330 HASH: C82B67D1802A2D6C6A5D3760FD3AF0A9
   A B C D E F G H J K L M N
13 . . . . X X X O . O X O3@
12 . O . X X X O O O O X X O
11 O X X X X O O O O O X O1.
10 X O . X X O X X X X X X O
 9 . X X X O O O X O . O X O
 8 X . X O . O X X X X X . X2
 7 X X X X O X X O . X . X .
 6 X O X X X X O X X . X . X
 5 O . X X X O . X . X . X .
 4 X X X X . X X . X . X X X
 3 X . X X X X X X X X X X X
 2 O X . X X . X . X O X O X
 1 . X X X . X . X O . O . O

koPOSITIONALscoreAREAtaxNONEsui1komi7.5
Time taken: 1.6759
Root visits: 206
New playouts: 206
NN rows: 192
NN batches: 66
NN avg batch size: 2.90909
PV: N13 pass M13 M1
Tree:
: T 118.76c W 100.00c S  19.17c (+168.6 L +169.1) N     206  --  N13 pass M13 M1
---Black(^)---
N13 : T 119.44c W 100.00c S  20.03c (+169.5 L +170.5) LCB  115.53c P  6.11% WF 253.6 PSV     300 N      32  --  N13 pass M13 M1
N11 : T 119.07c W 100.00c S  19.63c (+169.1 L +169.7) LCB  115.36c P 10.41% WF 260.0 PSV     259 N      33  --  N11 pass A12 pass
A12 : T 119.05c W 100.00c S  19.78c (+169.3 L +170.2) LCB  114.89c P  7.98% WF 244.8 PSV     194 N      31  --  A12 pass N11 pass
E8  : T 118.09c W 100.00c S  18.21c (+167.9 L +168.8) LCB  113.95c P 17.97% WF 194.9 PSV     182 N      25  --  E8 pass J13 pass
K9  : T 119.29c W 100.00c S  19.67c (+168.8 L +168.8) LCB  113.16c P  4.55% WF  94.9 PSV      95 N      12  --  K9 pass E8
B5  : T 118.81c W 100.00c S  18.87c (+168.0 L +167.4) LCB  107.42c P  3.69% WF  63.1 PSV      64 N       8  --  B5 pass
G5  : T 119.54c W 100.00c S  19.61c (+168.6 L +168.1) LCB  104.59c P  4.78% WF  55.5 PSV      56 N       7  --  G5 E8
A9  : T 118.73c W 100.00c S  18.85c (+168.0 L +167.8) LCB  104.00c P  4.42% WF  55.2 PSV      56 N       7  --  A9 E8
J7  : T 118.80c W 100.00c S  18.93c (+168.1 L +167.8) LCB   98.94c P  3.09% WF  47.3 PSV      48 N       6  --  J7 E8
K1  : T 117.28c W 100.00c S  17.60c (+167.1 L +166.8) LCB   97.27c P  6.95% WF  46.8 PSV      47 N       6  --  K1 E8

2026-07-17 05:25:35+0100: = N13
2026-07-17 05:25:38+0100: Controller: play W A9
2026-07-17 05:25:38+0100: = 
2026-07-17 05:25:38+0100: Controller: genmove B
2026-07-17 05:25:40+0100: MoveNum: 332 HASH: A9D2360887481C759DB8FE34F07F4087
   A B C D E F G H J K L M N
13 . . . . X X X O . O X .1X2
12 @ O . X X X O O O O X X O
11 O X X X X O O O O O X O .
10 . O . X X O X X X X X X O
 9 O3X X X O O O X O . O X O
 8 X . X O . O X X X X X . X
 7 X X X X O X X O . X . X .
 6 X O X X X X O X X . X . X
 5 O . X X X O . X . X . X .
 4 X X X X . X X . X . X X X
 3 X . X X X X X X X X X X X
 2 O X . X X . X . X O X O X
 1 . X X X . X . X O . O . O

koPOSITIONALscoreAREAtaxNONEsui1komi7.5
Time taken: 2.20529
Root visits: 206
New playouts: 202
NN rows: 195
NN batches: 67
NN avg batch size: 2.91045
PV: A12 pass A10 pass
Tree:
: T 118.28c W 100.00c S  18.78c (+168.3 L +168.9) N     206  --  A12 pass A10 pass
---Black(^)---
A12 : T 118.97c W 100.00c S  19.42c (+168.8 L +169.5) LCB  114.14c P  5.12% WF 166.3 PSV     212 N      21  --  A12 pass A10 pass
G5  : T 119.15c W 100.00c S  19.66c (+169.2 L +169.9) LCB  113.85c P  5.25% WF 166.4 PSV     166 N      21  --  G5 pass N11 pass
E8  : T 118.16c W 100.00c S  18.11c (+167.7 L +168.5) LCB  113.48c P 16.44% WF 155.6 PSV     156 N      20  --  E8 pass J13 pass
N11 : T 117.95c W 100.00c S  18.10c (+167.7 L +168.5) LCB  111.58c P 12.99% WF 125.4 PSV     126 N      16  --  N11 pass K1 A10
B13 : T 119.12c W 100.00c S  19.45c (+168.8 L +168.9) LCB  112.55c P  2.35% WF 118.8 PSV     108 N      15  --  B13 pass E8 pass
K9  : T 118.69c W 100.00c S  19.04c (+168.6 L +169.2) LCB  113.88c P  4.54% WF 157.5 PSV      96 N      20  --  K9 pass N11 pass
K1  : T 118.12c W 100.00c S  19.35c (+168.6 L +169.0) LCB  108.94c P  6.81% WF  70.7 PSV      71 N       9  --  K1 pass N11
B5  : T 118.36c W 100.00c S  18.75c (+168.5 L +169.2) LCB  112.36c P  4.54% WF 149.1 PSV      68 N      19  --  B5 pass N11 pass
M13 : T 117.88c W 100.00c S  17.72c (+167.2 L +167.8) LCB   98.01c P  7.82% WF  47.0 PSV      48 N       6  --  M13 E8 J13
C10 : T 119.73c W 100.00c S  19.82c (+168.9 L +169.0) LCB   99.86c P  3.50% WF  47.7 PSV      48 N       6  --  C10 pass E8

2026-07-17 05:25:40+0100: = A12
2026-07-17 05:25:43+0100: Controller: play W A13
2026-07-17 05:25:43+0100: = 
2026-07-17 05:25:43+0100: Controller: genmove B
2026-07-17 05:25:45+0100: MoveNum: 334 HASH: 79C6A7A573619A661CA239A3E799CAC1
   A B C D E F G H J K L M N
13 O3. . . X X X O . O X . X
12 .2O . X X X O O O O X X O
11 O X X X X O O O O O X O .
10 . O . X X O X X X X X X O
 9 O1X X X O O O X O . O X O
 8 X . X O . O X X X X X . X
 7 X X X X O X X O . X . X .
 6 X O X X X X O X X . X . X
 5 O . X X X O . X . X . X .
 4 X X X X . X X . X . X X X
 3 X . X X X X X X X X X X X
 2 O X . X X . X . X O X O X
 1 @ X X X . X . X O . O . O

koPOSITIONALscoreAREAtaxNONEsui1komi7.5
Time taken: 2.09452
Root visits: 206
New playouts: 204
NN rows: 204
NN batches: 69
NN avg batch size: 2.95652
PV: A1 pass C12 A10
Tree:
: T 119.85c W 100.00c S  19.99c (+168.7 L +169.5) N     206  --  A1 pass C12 A10
---Black(^)---
A1  : T 121.39c W 100.00c S  21.22c (+169.9 L +170.8) LCB  119.33c P  2.89% WF 263.8 PSV     273 N      33  --  A1 pass C12 A10
A10 : T 119.79c W 100.00c S  19.99c (+168.6 L +169.4) LCB  116.39c P 11.94% WF 196.6 PSV     108 N      25  --  A10 pass A12 pass
G5  : T 120.62c W 100.00c S  20.70c (+169.4 L +170.2) LCB  117.43c P  5.17% WF 182.3 PSV      88 N      23  --  G5 pass E8 pass
E8  : T 118.78c W 100.00c S  18.37c (+167.3 L +168.2) LCB  113.08c P 15.30% WF 108.9 PSV      88 N      14  --  E8 pass N11
B5  : T 120.56c W 100.00c S  20.67c (+169.3 L +170.0) LCB  118.26c P  4.28% WF 246.0 PSV      68 N      31  --  B5 pass M1 pass
C10 : T 120.43c W 100.00c S  20.14c (+168.7 L +169.0) LCB  111.03c P  4.15% WF  71.2 PSV      59 N       9  --  C10 E8 J13
K9  : T 120.16c W 100.00c S  20.08c (+168.8 L +169.4) LCB  116.53c P  4.30% WF 134.3 PSV      49 N      17  --  K9 pass E8 pass
N11 : T 118.23c W 100.00c S  18.52c (+167.3 L +168.0) LCB  102.58c P  8.68% WF  54.7 PSV      42 N       7  --  N11 pass E8
C12 : T 119.04c W 100.00c S  19.34c (+168.1 L +168.9) LCB  110.35c P  5.33% WF  85.3 PSV      34 N      11  --  C12 pass E8 pass
K1  : T 118.00c W 100.00c S  19.35c (+168.3 L +169.0) LCB   89.40c P  6.29% WF  38.9 PSV      28 N       5  --  K1 pass E8

2026-07-17 05:25:45+0100: = A1
2026-07-17 05:25:48+0100: Controller: play W D13
2026-07-17 05:25:48+0100: = 
2026-07-17 05:25:48+0100: Controller: genmove B
2026-07-17 05:25:50+0100: MoveNum: 336 HASH: D4EF58D567F5D25C1FD10B3EE7A47E52
   A B C D E F G H J K L M N
13 O1. . O3X X X O . O X . X
12 . O @ X X X O O O O X X O
11 O X X X X O O O O O X O .
10 . O . X X O X X X X X X O
 9 O X X X O O O X O . O X O
 8 X . X O . O X X X X X . X
 7 X X X X O X X O . X . X .
 6 X O X X X X O X X . X . X
 5 O . X X X O . X . X . X .
 4 X X X X . X X . X . X X X
 3 X . X X X X X X X X X X X
 2 . X . X X . X . X O X O X
 1 X2X X X . X . X O . O . O

koPOSITIONALscoreAREAtaxNONEsui1komi7.5
Time taken: 1.81645
Root visits: 206
New playouts: 206
NN rows: 206
NN batches: 70
NN avg batch size: 2.94286
PV: C12 E8 J13 pass
Tree:
: T 121.22c W 100.00c S  21.14c (+170.7 L +170.9) N     206  --  C12 E8 J13 pass
---Black(^)---
C12 : T 122.32c W 100.00c S  22.03c (+171.6 L +172.5) LCB  121.06c P  5.34% WF 239.5 PSV     331 N      30  --  C12 E8 J13 pass
C13 : T 121.69c W 100.00c S  21.70c (+171.3 L +171.6) LCB  117.90c P  8.48% WF 206.1 PSV     134 N      26  --  C13 E8 J13 pass
A10 : T 121.29c W 100.00c S  21.30c (+170.9 L +171.3) LCB  118.79c P  8.14% WF 197.2 PSV      92 N      25  --  A10 E8 A9
G5  : T 121.62c W 100.00c S  21.48c (+171.1 L +171.6) LCB  119.94c P  4.69% WF 198.1 PSV      69 N      25  --  G5 pass C13
C10 : T 121.83c W 100.00c S  21.67c (+171.1 L +171.1) LCB  118.69c P  3.57% WF 127.0 PSV      66 N      16  --  C10 E8 N11
K1  : T 121.06c W 100.00c S  20.57c (+169.9 L +169.7) LCB  113.81c P  6.77% WF  78.8 PSV      65 N      10  --  K1 E8 J13
E8  : T 117.81c W 100.00c S  18.13c (+168.0 L +167.9) LCB  106.59c P 17.17% WF  61.3 PSV      55 N       8  --  E8 pass J13
B5  : T 121.48c W 100.00c S  21.28c (+170.7 L +170.6) LCB  118.49c P  4.06% WF 134.6 PSV      53 N      17  --  B5 E8 N11
K9  : T 120.81c W 100.00c S  20.80c (+170.1 L +169.1) LCB  105.93c P  4.10% WF  55.2 PSV      34 N       7  --  K9 E8
N11 : T 119.05c W 100.00c S  19.38c (+168.8 L +168.3) LCB   99.25c P  7.94% WF  46.7 PSV      34 N       6  --  N11 E8

2026-07-17 05:25:50+0100: = C12
2026-07-17 05:25:53+0100: Controller: play W C13
2026-07-17 05:25:53+0100: = 
2026-07-17 05:25:53+0100: Controller: quit
2026-07-17 05:25:53+0100: Quit requested by controller
2026-07-17 05:25:53+0100: = 
2026-07-17 05:25:53+0100: GPU -1 finishing, processed 35091 rows 11905 batches
2026-07-17 05:25:55+0100: All cleaned up, quitting
